issue,date,year,month,day,weekday_cn,weekday_num,day_of_year,name,number,red,d1,d2,d3,digits,sorted_digits,sorted_number,unique_count,repeat_type,has_pair,has_triple,sum,sum_tail,span,max_digit,min_digit,odd_count,even_count,big_count,small_count,prime_count,non_prime_count,route0_count,route1_count,route2_count,route_pattern,odd_even_pattern,big_small_pattern,prime_pattern,adjacent_consecutive_count,adjacent_same_count,ac_value,sales,sales_wan,has_video,detailsLink,videoLink,prev_issue,prev_number,prev_sum,prev_span,prev_repeat_type,issue_gap_from_prev,day_gap_from_prev,sales_delta_from_prev,same_position_hits_prev,shared_digits_prev,prev30_window_size,prev30_hot_digits,prev30_cold_digits,prev30_sum_avg,prev30_span_avg,prev30_repeat_baozi,prev30_repeat_zusan,prev30_repeat_zuliu,updated_at,digit_0_count,prev30_digit_0_freq,digit_1_count,prev30_digit_1_freq,digit_2_count,prev30_digit_2_freq,digit_3_count,prev30_digit_3_freq,digit_4_count,prev30_digit_4_freq,digit_5_count,prev30_digit_5_freq,digit_6_count,prev30_digit_6_freq,digit_7_count,prev30_digit_7_freq,digit_8_count,prev30_digit_8_freq,digit_9_count,prev30_digit_9_freq
2024094,2024-04-13,2024,4,13,六,6,104,3D,679,"6,7,9",6,7,9,"[6, 7, 9]","[6, 7, 9]",679,3,组六,False,False,22,2,3,9,6,2,1,3,0,1,2,2,1,0,010,EOO,BBB,NPN,1,0,1,138412928,13841.2928,True,https://www.cwl.gov.cn/c/2024/04/13/573699.shtml,https://www.cwl.gov.cn/c/2024/04/13/573697.shtml,,,,,,,,,,,0,"[0, 1, 2]","[0, 1, 2]",,,0,0,0,2026-04-12T18:30:37Z,0,0,0,0,0,0,0,0,0,0,0,0,1,0,1,0,0,0,1,0
2024095,2024-04-14,2024,4,14,日,7,105,3D,257,"2,5,7",2,5,7,"[2, 5, 7]","[2, 5, 7]",257,3,组六,False,False,14,4,5,7,2,2,1,2,1,3,0,0,1,2,221,EOO,SBB,PPP,0,0,1,136395652,13639.5652,False,https://www.cwl.gov.cn/c/2024/04/14/573809.shtml,,2024094,679,22,3,组六,1,1,-2017276,0,1,1,"[6, 7, 9]","[0, 1, 2]",22.0,3.0,0,0,1,2026-04-12T18:30:37Z,0,0,0,0,1,0,0,0,0,0,1,0,0,1,1,1,0,0,0,1
2024096,2024-04-15,2024,4,15,一,1,106,3D,129,"1,2,9",1,2,9,"[1, 2, 9]","[1, 2, 9]",129,3,组六,False,False,12,2,8,9,1,2,1,1,2,1,2,1,1,1,120,OEO,SSB,NPN,1,0,1,146809618,14680.9618,False,https://www.cwl.gov.cn/c/2024/04/15/573918.shtml,,2024095,257,14,5,组六,1,1,10413966,0,1,2,"[7, 2, 5]","[0, 1, 3]",18.0,4.0,0,0,2,2026-04-12T18:30:37Z,0,0,1,0,1,1,0,0,0,0,0,1,0,1,0,2,0,0,1,1
2024097,2024-04-16,2024,4,16,二,2,107,3D,389,"3,8,9",3,8,9,"[3, 8, 9]","[3, 8, 9]",389,3,组六,False,False,20,0,6,9,3,2,1,2,1,1,2,2,0,1,020,OEO,SBB,PNN,1,0,1,147222468,14722.2468,False,https://www.cwl.gov.cn/c/2024/04/16/574027.shtml,,2024096,129,12,8,组六,1,1,412850,1,1,3,"[2, 7, 9]","[0, 3, 4]",16.0,5.3333,0,0,3,2026-04-12T18:30:37Z,0,0,0,1,0,2,1,0,0,0,0,1,0,1,0,2,1,0,1,2
2024098,2024-04-17,2024,4,17,三,3,108,3D,620,"6,2,0",6,2,0,"[6, 2, 0]","[0, 2, 6]",026,3,组六,False,False,8,8,6,6,0,0,3,1,2,1,2,2,0,1,020,EEE,BSS,NPN,0,0,1,148288632,14828.8632,False,https://www.cwl.gov.cn/c/2024/04/17/574137.shtml,,2024097,389,20,6,组六,1,1,1066164,0,0,4,"[9, 2, 7]","[0, 4, 1]",17.0,5.5,0,0,4,2026-04-12T18:30:37Z,1,0,0,1,1,2,0,1,0,0,0,1,1,1,0,2,0,1,0,3
2024099,2024-04-18,2024,4,18,四,4,109,3D,190,"1,9,0",1,9,0,"[1, 9, 0]","[0, 1, 9]",019,3,组六,False,False,10,0,9,9,0,2,1,1,2,0,3,2,1,0,100,OOE,SBS,NNN,0,0,1,147263580,14726.358,False,https://www.cwl.gov.cn/c/2024/04/18/574247.shtml,,2024098,620,8,6,组六,1,1,-1025052,1,1,5,"[2, 9, 6]","[4, 0, 1]",15.2,5.6,0,0,5,2026-04-12T18:30:37Z,1,1,1,1,0,3,0,1,0,0,0,1,0,2,0,2,0,1,1,3
2024100,2024-04-19,2024,4,19,五,5,110,3D,936,"9,3,6",9,3,6,"[9, 3, 6]","[3, 6, 9]",369,3,组六,False,False,18,8,6,9,3,2,1,2,1,1,2,3,0,0,000,OOE,BSB,NPN,0,0,0,153884726,15388.4726,False,https://www.cwl.gov.cn/c/2024/04/19/574357.shtml,,2024099,190,10,9,组六,1,1,6621146,0,1,6,"[9, 2, 0]","[4, 3, 5]",14.3333,6.1667,0,0,6,2026-04-12T18:30:37Z,0,2,0,2,0,3,1,1,0,0,0,1,1,2,0,2,0,1,1,4
2024101,2024-04-20,2024,4,20,六,6,111,3D,594,"5,9,4",5,9,4,"[5, 9, 4]","[4, 5, 9]",459,3,组六,False,False,18,8,5,9,4,2,1,2,1,1,2,1,1,1,201,OOE,BBS,PNN,0,0,1,150389782,15038.9782,True,https://www.cwl.gov.cn/c/2024/04/20/574465.shtml,https://www.cwl.gov.cn/c/2024/04/20/574463.shtml,2024100,936,18,6,组六,1,1,-3494944,0,1,7,"[9, 2, 6]","[4, 5, 8]",14.8571,6.1429,0,0,7,2026-04-12T18:30:37Z,0,2,0,2,0,3,0,2,1,0,1,1,0,3,0,2,0,1,1,5
2024102,2024-04-21,2024,4,21,日,7,112,3D,339,"3,3,9",3,3,9,"[3, 3, 9]","[3, 3, 9]",339,2,组三,True,False,15,5,6,9,3,3,0,1,2,2,1,3,0,0,000,OOO,SSB,PPN,0,1,0,155622430,15562.243,False,https://www.cwl.gov.cn/c/2024/04/21/574475.shtml,,2024101,594,18,5,组六,1,1,5232648,0,1,8,"[9, 2, 6]","[4, 8, 0]",15.25,6.0,0,0,8,2026-04-12T18:30:37Z,0,2,0,2,0,3,2,2,0,1,0,2,0,3,0,2,0,1,1,6
2024103,2024-04-22,2024,4,22,一,1,113,3D,984,"9,8,4",9,8,4,"[9, 8, 4]","[4, 8, 9]",489,3,组六,False,False,21,1,5,9,4,1,2,2,1,0,3,1,1,1,021,OEE,BBS,NNN,1,0,1,136529214,13652.9214,False,https://www.cwl.gov.cn/c/2024/04/22/574585.shtml,,2024102,339,15,6,组三,1,1,-19093216,0,1,9,"[9, 3, 2]","[4, 8, 0]",15.2222,6.0,0,1,8,2026-04-12T18:30:37Z,0,2,0,2,0,3,0,4,1,1,0,2,0,3,0,2,1,1,1,7
2024104,2024-04-23,2024,4,23,二,2,114,3D,579,"5,7,9",5,7,9,"[5, 7, 9]","[5, 7, 9]",579,3,组六,False,False,21,1,4,9,5,3,0,3,0,2,1,1,1,1,210,OOO,BBB,PPN,0,0,0,137990780,13799.078,False,https://www.cwl.gov.cn/c/2024/04/23/574694.shtml,,2024103,984,21,5,组六,1,1,1461566,0,1,10,"[9, 3, 2]","[0, 1, 4]",15.8,5.9,0,1,9,2026-04-12T18:30:37Z,0,2,0,2,0,3,0,4,0,2,1,2,0,3,1,2,0,2,1,8
2024105,2024-04-24,2024,4,24,三,3,115,3D,976,"9,7,6",9,7,6,"[9, 7, 6]","[6, 7, 9]",679,3,组六,False,False,22,2,3,9,6,2,1,3,0,1,2,2,1,0,010,OOE,BBB,NPN,1,0,1,141109090,14110.909,False,https://www.cwl.gov.cn/c/2024/04/24/574805.shtml,,2024104,579,21,4,组六,1,1,3118310,1,2,11,"[9, 3, 2]","[0, 1, 4]",16.2727,5.7273,0,1,10,2026-04-12T18:30:37Z,0,2,0,2,0,3,0,4,0,2,0,3,1,3,1,3,0,2,1,9
2024106,2024-04-25,2024,4,25,四,4,116,3D,127,"1,2,7",1,2,7,"[1, 2, 7]","[1, 2, 7]",127,3,组六,False,False,10,0,6,7,1,2,1,1,2,2,1,0,2,1,121,OEO,SSB,NPP,1,0,1,140951940,14095.194,False,https://www.cwl.gov.cn/c/2024/04/25/574914.shtml,,2024105,976,22,3,组六,1,1,-157150,0,1,12,"[9, 3, 6]","[0, 1, 4]",16.75,5.5,0,1,11,2026-04-12T18:30:37Z,0,2,1,2,1,3,0,4,0,2,0,3,0,4,1,4,0,2,0,10
2024107,2024-04-26,2024,4,26,五,5,117,3D,062,"0,6,2",0,6,2,"[0, 6, 2]","[0, 2, 6]",026,3,组六,False,False,8,8,6,6,0,0,3,1,2,1,2,2,0,1,002,EEE,SBS,NNP,0,0,1,148881574,14888.1574,False,https://www.cwl.gov.cn/c/2024/04/26/575124.shtml,,2024106,127,10,6,组六,1,1,7929634,0,1,13,"[9, 7, 2]","[0, 4, 8]",16.2308,5.5385,0,1,12,2026-04-12T18:30:37Z,1,2,0,3,1,4,0,4,0,2,0,3,1,4,0,5,0,2,0,10
2024108,2024-04-27,2024,4,27,六,6,118,3D,432,"4,3,2",4,3,2,"[4, 3, 2]","[2, 3, 4]",234,3,组六,False,False,9,9,2,4,2,1,2,0,3,2,1,1,1,1,102,EOE,SSS,NPP,2,0,0,140198658,14019.8658,True,https://www.cwl.gov.cn/c/2024/04/27/575132.shtml,https://www.cwl.gov.cn/c/2024/04/27/575130.shtml,2024107,062,8,6,组六,1,1,-8682916,1,1,14,"[9, 2, 6]","[4, 8, 0]",15.6429,5.5714,0,1,13,2026-04-12T18:30:37Z,0,3,0,3,1,5,1,4,1,2,0,3,0,5,0,5,0,2,0,10
2024109,2024-04-28,2024,4,28,日,7,119,3D,181,"1,8,1",1,8,1,"[1, 8, 1]","[1, 1, 8]",118,2,组三,True,False,10,0,7,8,1,2,1,1,2,0,3,0,2,1,121,OEO,SBS,NNN,0,0,0,140174390,14017.439,False,https://www.cwl.gov.cn/c/2024/04/28/575242.shtml,,2024108,432,9,2,组六,1,1,-24268,0,0,15,"[9, 2, 3]","[8, 0, 1]",15.2,5.3333,0,1,14,2026-04-12T18:30:37Z,0,3,2,3,0,6,0,5,0,3,0,3,0,5,0,5,1,2,0,10
2024110,2024-04-29,2024,4,29,一,1,120,3D,506,"5,0,6",5,0,6,"[5, 0, 6]","[0, 5, 6]",056,3,组六,False,False,11,1,6,6,0,1,2,2,1,1,2,2,0,1,200,OEE,BSB,PNN,0,0,1,136474352,13647.4352,False,https://www.cwl.gov.cn/c/2024/04/29/575450.shtml,,2024109,181,10,7,组三,1,1,-3700038,0,0,16,"[9, 2, 1]","[0, 4, 5]",14.875,5.4375,0,2,14,2026-04-12T18:30:37Z,1,3,0,5,0,6,0,5,0,3,1,3,1,5,0,5,0,3,0,10
2024111,2024-04-30,2024,4,30,二,2,121,3D,206,"2,0,6",2,0,6,"[2, 0, 6]","[0, 2, 6]",026,3,组六,False,False,8,8,6,6,0,0,3,1,2,1,2,2,0,1,200,EEE,SSB,PNN,0,0,1,133097014,13309.7014,False,https://www.cwl.gov.cn/c/2024/04/30/575461.shtml,,2024110,506,11,6,组六,1,1,-3377338,2,2,17,"[9, 2, 6]","[4, 8, 0]",14.6471,5.4706,0,2,15,2026-04-12T18:30:37Z,1,4,0,5,1,6,0,5,0,3,0,4,1,6,0,5,0,3,0,10
2024112,2024-05-01,2024,5,1,三,3,122,3D,630,"6,3,0",6,3,0,"[6, 3, 0]","[0, 3, 6]",036,3,组六,False,False,9,9,6,6,0,1,2,1,2,1,2,3,0,0,000,EOE,BSS,NPN,0,0,0,126156142,12615.6142,False,https://www.cwl.gov.cn/c/2024/05/01/575571.shtml,,2024111,206,8,6,组六,1,1,-6940872,0,2,18,"[9, 2, 6]","[4, 8, 5]",14.2778,5.5,0,2,16,2026-04-12T18:30:37Z,1,5,0,5,0,7,1,5,0,3,0,4,1,7,0,5,0,3,0,10
2024113,2024-05-02,2024,5,2,四,4,123,3D,242,"2,4,2",2,4,2,"[2, 4, 2]","[2, 2, 4]",224,2,组三,True,False,8,8,2,4,2,0,3,0,3,2,1,0,1,2,212,EEE,SSS,PNP,0,0,0,130382122,13038.2122,False,https://www.cwl.gov.cn/c/2024/05/02/575681.shtml,,2024112,630,9,6,组六,1,1,4225980,0,0,19,"[9, 6, 2]","[4, 8, 5]",14.0,5.5263,0,2,17,2026-04-12T18:30:37Z,0,6,0,5,2,7,0,6,1,3,0,4,0,8,0,5,0,3,0,10
2024114,2024-05-03,2024,5,3,五,5,124,3D,075,"0,7,5",0,7,5,"[0, 7, 5]","[0, 5, 7]",057,3,组六,False,False,12,2,7,7,0,2,1,2,1,2,1,1,1,1,012,EOO,SBB,NPP,0,0,1,128101938,12810.1938,False,https://www.cwl.gov.cn/c/2024/05/03/575691.shtml,,2024113,242,8,2,组三,1,1,-2280184,0,0,20,"[9, 2, 6]","[8, 4, 5]",13.7,5.35,0,3,17,2026-04-12T18:30:37Z,1,6,0,5,0,9,0,6,0,4,1,4,0,8,1,5,0,3,0,10
2024115,2024-05-04,2024,5,4,六,6,125,3D,099,"0,9,9",0,9,9,"[0, 9, 9]","[0, 9, 9]",099,2,组三,True,False,18,8,9,9,0,2,1,2,1,0,3,3,0,0,000,EOO,SBB,NNN,0,1,0,129554150,12955.415,True,https://www.cwl.gov.cn/c/2024/05/04/575699.shtml,https://www.cwl.gov.cn/c/2024/05/04/575697.shtml,2024114,075,12,7,组六,1,1,1452212,1,1,21,"[9, 2, 6]","[8, 4, 1]",13.619,5.4286,0,3,18,2026-04-12T18:30:37Z,1,7,0,5,0,9,0,6,0,4,0,5,0,8,0,6,0,3,2,10
2024116,2024-05-05,2024,5,5,日,7,126,3D,851,"8,5,1",8,5,1,"[8, 5, 1]","[1, 5, 8]",158,3,组六,False,False,14,4,7,8,1,2,1,2,1,1,2,0,1,2,221,EOO,BBS,NPN,0,0,1,127139784,12713.9784,False,https://www.cwl.gov.cn/c/2024/05/05/575709.shtml,,2024115,099,18,9,组三,1,1,-2414366,0,0,22,"[9, 2, 0]","[8, 4, 1]",13.8182,5.5909,0,4,18,2026-04-12T18:30:37Z,0,8,1,5,0,9,0,6,0,4,1,5,0,8,0,6,1,3,0,12
2024117,2024-05-06,2024,5,6,一,1,127,3D,989,"9,8,9",9,8,9,"[9, 8, 9]","[8, 9, 9]",899,2,组三,True,False,26,6,1,9,8,2,1,3,0,0,3,2,0,1,020,OEO,BBB,NNN,2,0,0,129895854,12989.5854,False,https://www.cwl.gov.cn/c/2024/05/06/575919.shtml,,2024116,851,14,7,组六,1,1,2756070,0,1,23,"[9, 2, 0]","[4, 8, 1]",13.8261,5.6522,0,4,19,2026-04-12T18:30:37Z,0,8,0,6,0,9,0,6,0,4,0,6,0,8,0,6,1,4,2,12
2024118,2024-05-07,2024,5,7,二,2,128,3D,343,"3,4,3",3,4,3,"[3, 4, 3]","[3, 3, 4]",334,2,组三,True,False,10,0,1,4,3,2,1,0,3,2,1,2,1,0,010,OEO,SSS,PNP,2,0,0,125538212,12553.8212,False,https://www.cwl.gov.cn/c/2024/05/07/576027.shtml,,2024117,989,26,1,组三,1,1,-4357642,0,0,24,"[9, 2, 0]","[4, 8, 1]",14.3333,5.4583,0,5,19,2026-04-12T18:30:37Z,0,8,0,6,0,9,2,6,1,4,0,6,0,8,0,6,0,5,0,14
2024119,2024-05-08,2024,5,8,三,3,129,3D,508,"5,0,8",5,0,8,"[5, 0, 8]","[0, 5, 8]",058,3,组六,False,False,13,3,8,8,0,1,2,2,1,1,2,1,0,2,202,OEE,BSB,PNN,0,0,1,123091174,12309.1174,False,https://www.cwl.gov.cn/c/2024/05/08/576138.shtml,,2024118,343,10,1,组三,1,1,-2447038,0,0,25,"[9, 2, 0]","[4, 8, 1]",14.16,5.28,0,6,19,2026-04-12T18:30:37Z,1,8,0,6,0,9,0,8,0,5,1,6,0,8,0,6,1,5,0,14
2024120,2024-05-09,2024,5,9,四,4,130,3D,549,"5,4,9",5,4,9,"[5, 4, 9]","[4, 5, 9]",459,3,组六,False,False,18,8,5,9,4,2,1,2,1,1,2,1,1,1,210,OEO,BSB,PNN,1,0,1,128584496,12858.4496,False,https://www.cwl.gov.cn/c/2024/05/09/576247.shtml,,2024119,508,13,8,组六,1,1,5493322,1,1,26,"[9, 0, 2]","[4, 1, 7]",14.1154,5.3846,0,6,20,2026-04-12T18:30:37Z,0,9,0,6,0,9,0,8,1,5,1,7,0,8,0,6,0,6,1,14
2024121,2024-05-10,2024,5,10,五,5,131,3D,289,"2,8,9",2,8,9,"[2, 8, 9]","[2, 8, 9]",289,3,组六,False,False,19,9,7,9,2,1,2,2,1,1,2,1,0,2,220,EEO,SBB,PNN,1,0,1,131970146,13197.0146,False,https://www.cwl.gov.cn/c/2024/05/10/576455.shtml,,2024120,549,18,5,组六,1,1,3385650,1,1,27,"[9, 0, 2]","[1, 4, 7]",14.2593,5.3704,0,6,21,2026-04-12T18:30:37Z,0,9,0,6,1,9,0,8,0,6,0,8,0,8,0,6,1,6,1,15
2024122,2024-05-11,2024,5,11,六,6,132,3D,708,"7,0,8",7,0,8,"[7, 0, 8]","[0, 7, 8]",078,3,组六,False,False,15,5,8,8,0,1,2,2,1,1,2,1,1,1,102,OEE,BSB,PNN,0,0,1,133313728,13331.3728,True,https://www.cwl.gov.cn/c/2024/05/11/576465.shtml,https://www.cwl.gov.cn/c/2024/05/11/576463.shtml,2024121,289,19,7,组六,1,1,1343582,0,1,28,"[9, 2, 0]","[1, 4, 7]",14.4286,5.4286,0,6,22,2026-04-12T18:30:37Z,1,9,0,6,0,10,0,8,0,6,0,8,0,8,1,6,1,7,0,16
2024123,2024-05-12,2024,5,12,日,7,133,3D,183,"1,8,3",1,8,3,"[1, 8, 3]","[1, 3, 8]",138,3,组六,False,False,12,2,7,8,1,2,1,1,2,1,2,1,1,1,120,OEO,SBS,NNP,0,0,1,130040366,13004.0366,False,https://www.cwl.gov.cn/c/2024/05/12/576475.shtml,,2024122,708,15,8,组六,1,1,-3273362,0,1,29,"[9, 0, 2]","[1, 4, 7]",14.4483,5.5172,0,6,23,2026-04-12T18:30:37Z,0,10,1,6,0,10,1,8,0,6,0,8,0,8,0,7,1,8,0,16
2024124,2024-05-13,2024,5,13,一,1,134,3D,787,"7,8,7",7,8,7,"[7, 8, 7]","[7, 7, 8]",778,2,组三,True,False,22,2,1,8,7,2,1,3,0,2,1,0,2,1,121,OEO,BBB,PNP,2,0,0,132711498,13271.1498,False,https://www.cwl.gov.cn/c/2024/05/13/576685.shtml,,2024123,183,12,7,组六,1,1,2671132,1,1,30,"[9, 0, 2]","[4, 1, 7]",14.3667,5.5667,0,6,24,2026-04-12T18:30:37Z,0,10,0,7,0,10,0,9,0,6,0,8,0,8,2,7,1,9,0,16
2024125,2024-05-14,2024,5,14,二,2,135,3D,649,"6,4,9",6,4,9,"[6, 4, 9]","[4, 6, 9]",469,3,组六,False,False,19,9,5,9,4,1,2,2,1,0,3,2,1,0,010,EEO,BSB,NNN,0,0,1,128580114,12858.0114,False,https://www.cwl.gov.cn/c/2024/05/14/576894.shtml,,2024124,787,22,1,组三,1,1,-4131384,0,0,30,"[9, 0, 2]","[4, 1, 6]",14.3667,5.5,0,7,23,2026-04-12T18:30:37Z,0,10,0,7,0,10,0,9,1,6,0,8,1,7,0,8,0,10,1,15
2024126,2024-05-15,2024,5,15,三,3,136,3D,323,"3,2,3",3,2,3,"[3, 2, 3]","[2, 3, 3]",233,2,组三,True,False,8,8,1,3,2,2,1,0,3,3,0,2,0,1,020,OEO,SSS,PPP,2,0,0,133924722,13392.4722,False,https://www.cwl.gov.cn/c/2024/05/15/577003.shtml,,2024125,649,19,5,组六,1,1,5344608,0,0,30,"[9, 0, 8]","[1, 4, 5]",14.5333,5.5,0,7,23,2026-04-12T18:30:37Z,0,10,0,7,1,9,2,9,0,7,0,7,0,8,0,7,0,10,0,16
2024127,2024-05-16,2024,5,16,四,4,137,3D,214,"2,1,4",2,1,4,"[2, 1, 4]","[1, 2, 4]",124,3,组六,False,False,7,7,3,4,1,1,2,0,3,1,2,0,2,1,211,EOE,SSS,PNN,1,0,1,127871466,12787.1466,False,https://www.cwl.gov.cn/c/2024/05/16/577114.shtml,,2024126,323,8,1,组三,1,1,-6053256,0,1,30,"[9, 3, 0]","[1, 4, 5]",14.4,5.2667,0,8,22,2026-04-12T18:30:37Z,0,10,1,6,1,9,0,11,1,7,0,7,0,8,0,7,0,10,0,15
2024128,2024-05-17,2024,5,17,五,5,138,3D,573,"5,7,3",5,7,3,"[5, 7, 3]","[3, 5, 7]",357,3,组六,False,False,15,5,4,7,3,3,0,2,1,3,0,1,1,1,210,OOO,BBS,PPP,0,0,0,130483290,13048.329,False,https://www.cwl.gov.cn/c/2024/05/17/577224.shtml,,2024127,214,7,3,组六,1,1,2611824,0,0,30,"[9, 0, 2]","[1, 5, 7]",13.9667,5.1667,0,8,22,2026-04-12T18:30:37Z,0,10,0,7,0,10,1,10,0,8,1,7,0,8,1,7,0,9,0,14
2024129,2024-05-18,2024,5,18,六,6,139,3D,067,"0,6,7",0,6,7,"[0, 6, 7]","[0, 6, 7]",067,3,组六,False,False,13,3,7,7,0,1,2,2,1,1,2,2,1,0,001,EEO,SBB,NNP,1,0,1,130347156,13034.7156,True,https://www.cwl.gov.cn/c/2024/05/18/577232.shtml,https://www.cwl.gov.cn/c/2024/05/18/577230.shtml,2024128,573,15,4,组六,1,1,-136134,0,1,30,"[9, 3, 0]","[1, 6, 4]",14.2,5.1,0,8,22,2026-04-12T18:30:37Z,1,9,0,7,0,9,0,11,0,8,0,8,1,7,1,8,0,9,0,14
2024130,2024-05-19,2024,5,19,日,7,140,3D,066,"0,6,6",0,6,6,"[0, 6, 6]","[0, 6, 6]",066,2,组三,True,False,12,2,6,6,0,0,3,2,1,0,3,3,0,0,000,EEE,SBB,NNN,0,1,0,132411760,13241.176,False,https://www.cwl.gov.cn/c/2024/05/19/577242.shtml,,2024129,067,13,7,组六,1,1,2064604,2,2,30,"[9, 3, 0]","[1, 4, 5]",14.3,5.0333,0,8,22,2026-04-12T18:30:37Z,1,9,0,6,0,9,0,11,0,8,0,8,2,8,0,9,0,9,0,13
2024131,2024-05-20,2024,5,20,一,1,141,3D,069,"0,6,9",0,6,9,"[0, 6, 9]","[0, 6, 9]",069,3,组六,False,False,15,5,9,9,0,1,2,2,1,0,3,3,0,0,000,EEO,SBB,NNN,0,0,1,130227756,13022.7756,False,https://www.cwl.gov.cn/c/2024/05/20/577352.shtml,,2024130,066,12,6,组三,1,1,-2184004,2,2,30,"[9, 0, 3]","[1, 4, 5]",14.1,5.0333,0,9,21,2026-04-12T18:30:37Z,1,10,0,6,0,9,0,10,0,8,0,8,1,9,0,9,0,9,1,12
2024132,2024-05-21,2024,5,21,二,2,142,3D,652,"6,5,2",6,5,2,"[6, 5, 2]","[2, 5, 6]",256,3,组六,False,False,13,3,4,6,2,1,2,2,1,2,1,1,0,2,022,EOE,BBS,NPP,1,0,1,128282778,12828.2778,False,https://www.cwl.gov.cn/c/2024/05/21/577461.shtml,,2024131,069,15,9,组六,1,1,-1944978,0,1,30,"[9, 0, 3]","[1, 4, 5]",14.0,5.1667,0,9,21,2026-04-12T18:30:37Z,0,11,0,6,1,9,0,10,0,7,1,7,1,10,0,9,0,9,0,12
2024133,2024-05-22,2024,5,22,三,3,143,3D,741,"7,4,1",7,4,1,"[7, 4, 1]","[1, 4, 7]",147,3,组六,False,False,12,2,6,7,1,2,1,1,2,1,2,0,3,0,111,OEO,BSS,PNN,0,0,0,132620254,13262.0254,False,https://www.cwl.gov.cn/c/2024/05/22/577569.shtml,,2024132,652,13,4,组六,1,1,4337476,0,0,30,"[0, 6, 9]","[1, 4, 3]",13.9333,5.1,0,8,22,2026-04-12T18:30:37Z,0,11,1,6,0,10,0,8,1,7,0,8,0,11,1,9,0,9,0,11
2024134,2024-05-23,2024,5,23,四,4,144,3D,640,"6,4,0",6,4,0,"[6, 4, 0]","[0, 4, 6]",046,3,组六,False,False,10,0,6,6,0,0,3,1,2,0,3,2,1,0,010,EEE,BSS,NNN,0,0,1,137125494,13712.5494,False,https://www.cwl.gov.cn/c/2024/05/23/577676.shtml,,2024133,741,12,6,组六,1,1,4505240,1,1,30,"[0, 6, 2]","[1, 4, 3]",13.6333,5.1333,0,8,22,2026-04-12T18:30:37Z,1,11,0,7,0,10,0,8,1,7,0,8,1,11,0,10,0,8,0,10
2024135,2024-05-24,2024,5,24,五,5,145,3D,035,"0,3,5",0,3,5,"[0, 3, 5]","[0, 3, 5]",035,3,组六,False,False,8,8,5,5,0,2,1,1,2,2,1,2,0,1,002,EOO,SSB,NPP,0,0,1,136565592,13656.5592,False,https://www.cwl.gov.cn/c/2024/05/24/577783.shtml,,2024134,640,10,6,组六,1,1,-559902,0,1,30,"[0, 6, 2]","[1, 5, 3]",13.2667,5.2,0,8,22,2026-04-12T18:30:37Z,1,12,0,7,0,10,1,8,0,8,1,7,0,12,0,9,0,8,0,9
2024136,2024-05-25,2024,5,25,六,6,146,3D,227,"2,2,7",2,2,7,"[2, 2, 7]","[2, 2, 7]",227,2,组三,True,False,11,1,5,7,2,1,2,1,2,3,0,0,1,2,221,EEO,SSB,PPP,0,1,0,135256494,13525.6494,True,https://www.cwl.gov.cn/c/2024/05/25/577789.shtml,https://www.cwl.gov.cn/c/2024/05/25/577790.shtml,2024135,035,8,5,组六,1,1,-1309098,0,0,30,"[0, 6, 2]","[1, 4, 5]",12.8,5.2667,0,8,22,2026-04-12T18:30:37Z,0,13,0,7,2,10,0,9,0,8,0,8,0,11,1,8,0,8,0,8
2024137,2024-05-26,2024,5,26,日,7,147,3D,982,"9,8,2",9,8,2,"[9, 8, 2]","[2, 8, 9]",289,3,组六,False,False,19,9,7,9,2,1,2,2,1,1,2,1,0,2,022,OEE,BBS,NNP,1,0,1,131597314,13159.7314,False,https://www.cwl.gov.cn/c/2024/05/26/577795.shtml,,2024136,227,11,5,组三,1,1,-3659180,0,1,30,"[0, 2, 6]","[1, 4, 5]",12.8333,5.2333,0,9,21,2026-04-12T18:30:37Z,0,13,0,6,1,11,0,9,0,8,0,8,0,11,0,8,1,8,1,8
2024138,2024-05-27,2024,5,27,一,1,148,3D,955,"9,5,5",9,5,5,"[9, 5, 5]","[5, 5, 9]",559,2,组三,True,False,19,9,4,9,5,3,0,3,0,2,1,1,0,2,022,OOO,BBB,NPP,0,1,0,136013124,13601.3124,False,https://www.cwl.gov.cn/c/2024/05/27/577902.shtml,,2024137,982,19,7,组六,1,1,4415810,1,1,30,"[0, 2, 6]","[1, 4, 5]",13.2,5.2667,0,9,21,2026-04-12T18:30:37Z,0,12,0,6,0,11,0,9,0,8,2,8,0,10,0,8,0,9,1,9
2024139,2024-05-28,2024,5,28,二,2,149,3D,748,"7,4,8",7,4,8,"[7, 4, 8]","[4, 7, 8]",478,3,组六,False,False,19,9,4,8,4,1,2,2,1,1,2,0,2,1,112,OEE,BSB,PNN,0,0,1,131507898,13150.7898,False,https://www.cwl.gov.cn/c/2024/05/28/578009.shtml,,2024138,955,19,4,组三,1,1,-4505226,0,0,30,"[0, 2, 5]","[1, 4, 3]",13.5333,5.3333,0,10,20,2026-04-12T18:30:37Z,0,12,0,6,0,10,0,8,1,7,0,10,0,10,1,8,1,9,0,10
2024140,2024-05-29,2024,5,29,三,3,150,3D,536,"5,3,6",5,3,6,"[5, 3, 6]","[3, 5, 6]",356,3,组六,False,False,14,4,3,6,3,2,1,2,1,2,1,2,0,1,200,OOE,BSB,PPN,0,0,1,135435802,13543.5802,False,https://www.cwl.gov.cn/c/2024/05/29/578116.shtml,,2024139,748,19,4,组六,1,1,3927904,0,0,30,"[0, 2, 5]","[1, 3, 4]",13.8333,5.2333,0,9,21,2026-04-12T18:30:37Z,0,12,0,4,0,10,1,8,0,8,1,10,1,10,0,9,0,9,0,10
2024141,2024-05-30,2024,5,30,四,4,151,3D,256,"2,5,6",2,5,6,"[2, 5, 6]","[2, 5, 6]",256,3,组六,False,False,13,3,4,6,2,1,2,2,1,2,1,1,0,2,220,EOE,SBB,PPN,1,0,1,139842824,13984.2824,False,https://www.cwl.gov.cn/c/2024/05/30/578224.shtml,,2024140,536,14,3,组六,1,1,4407022,1,2,30,"[0, 2, 5]","[1, 4, 3]",13.9333,5.1333,0,9,21,2026-04-12T18:30:37Z,0,11,0,4,1,10,0,9,0,8,1,10,1,10,0,9,0,9,0,10
2024142,2024-05-31,2024,5,31,五,5,152,3D,813,"8,1,3",8,1,3,"[8, 1, 3]","[1, 3, 8]",138,3,组六,False,False,12,2,7,8,1,2,1,1,2,1,2,1,1,1,210,EOO,BSS,NNP,0,0,1,144119048,14411.9048,False,https://www.cwl.gov.cn/c/2024/05/31/578331.shtml,,2024141,256,13,4,组六,1,1,4276224,0,0,30,"[5, 0, 2]","[1, 4, 3]",14.1,5.0667,0,9,21,2026-04-12T18:30:37Z,0,10,1,4,0,10,1,9,0,8,0,11,0,10,0,9,1,9,0,10
2024143,2024-06-01,2024,6,1,六,6,153,3D,955,"9,5,5",9,5,5,"[9, 5, 5]","[5, 5, 9]",559,2,组三,True,False,19,9,4,9,5,3,0,3,0,2,1,1,0,2,022,OOO,BBB,NPP,0,1,0,138158360,13815.836,True,https://www.cwl.gov.cn/c/2024/06/01/578337.shtml,https://www.cwl.gov.cn/c/2024/06/01/578340.shtml,2024142,813,12,7,组六,1,1,-5960688,0,0,30,"[5, 2, 8]","[1, 4, 0]",14.2,5.1,0,9,21,2026-04-12T18:30:37Z,0,9,0,5,0,10,0,9,0,8,2,11,0,9,0,9,0,10,1,10
2024144,2024-06-02,2024,6,2,日,7,154,3D,816,"8,1,6",8,1,6,"[8, 1, 6]","[1, 6, 8]",168,3,组六,False,False,15,5,7,8,1,1,2,2,1,0,3,1,1,1,210,EOE,BSB,NNN,0,0,1,136241544,13624.1544,False,https://www.cwl.gov.cn/c/2024/06/02/578343.shtml,,2024143,955,19,4,组三,1,1,-1916816,0,0,30,"[5, 9, 8]","[1, 4, 2]",14.5667,5.1667,0,9,21,2026-04-12T18:30:37Z,0,9,1,5,0,8,0,9,0,7,0,13,1,9,0,9,1,10,0,11
2024145,2024-06-03,2024,6,3,一,1,155,3D,756,"7,5,6",7,5,6,"[7, 5, 6]","[5, 6, 7]",567,3,组六,False,False,18,8,2,7,5,2,1,3,0,2,1,1,1,1,120,OOE,BBB,PPN,1,0,0,138739876,13873.9876,False,https://www.cwl.gov.cn/c/2024/06/03/578450.shtml,,2024144,816,15,7,组六,1,1,2498332,1,1,30,"[5, 8, 9]","[1, 4, 0]",14.6667,5.1667,0,9,21,2026-04-12T18:30:37Z,0,8,0,6,0,8,0,9,0,7,1,12,1,10,1,8,0,11,0,11
2024146,2024-06-04,2024,6,4,二,2,156,3D,180,"1,8,0",1,8,0,"[1, 8, 0]","[0, 1, 8]",018,3,组六,False,False,9,9,8,8,0,1,2,1,2,0,3,1,1,1,120,OEE,SBS,NNN,0,0,1,141675904,14167.5904,False,https://www.cwl.gov.cn/c/2024/06/04/578557.shtml,,2024145,756,18,2,组六,1,1,2936028,0,0,30,"[5, 6, 8]","[1, 0, 4]",14.6667,4.9333,0,8,22,2026-04-12T18:30:37Z,1,7,1,6,0,8,0,9,0,7,0,13,0,11,0,9,1,11,0,9
2024147,2024-06-05,2024,6,5,三,3,157,3D,225,"2,2,5",2,2,5,"[2, 2, 5]","[2, 2, 5]",225,2,组三,True,False,9,9,3,5,2,1,2,1,2,3,0,0,0,3,222,EEO,SSB,PPP,0,1,0,141827004,14182.7004,False,https://www.cwl.gov.cn/c/2024/06/05/578664.shtml,,2024146,180,9,8,组六,1,1,151100,0,0,30,"[5, 6, 8]","[1, 4, 0]",14.5,4.9667,0,8,22,2026-04-12T18:30:37Z,0,8,0,6,2,8,0,9,0,7,1,12,0,11,0,9,0,11,0,9
2024148,2024-06-06,2024,6,6,四,4,158,3D,426,"4,2,6",4,2,6,"[4, 2, 6]","[2, 4, 6]",246,3,组六,False,False,12,2,4,6,2,0,3,1,2,1,2,1,1,1,120,EEE,SSB,NPN,0,0,0,139324228,13932.4228,False,https://www.cwl.gov.cn/c/2024/06/06/578771.shtml,,2024147,225,9,3,组三,1,1,-2502776,1,1,30,"[5, 6, 2]","[1, 4, 9]",13.9333,5.0333,0,8,22,2026-04-12T18:30:37Z,0,8,0,6,1,10,0,9,1,7,0,13,1,11,0,9,0,10,0,7
2024149,2024-06-07,2024,6,7,五,5,159,3D,153,"1,5,3",1,5,3,"[1, 5, 3]","[1, 3, 5]",135,3,组六,False,False,9,9,4,5,1,3,0,1,2,2,1,1,1,1,120,OOO,SBS,NPP,0,0,0,140950864,14095.0864,False,https://www.cwl.gov.cn/c/2024/06/07/578877.shtml,,2024148,426,12,4,组六,1,1,1626636,0,0,30,"[5, 6, 2]","[1, 3, 4]",14.0,5.1333,0,7,23,2026-04-12T18:30:37Z,0,8,1,6,0,11,1,7,0,7,1,13,0,12,0,9,0,10,0,7
2024150,2024-06-08,2024,6,8,六,6,160,3D,356,"3,5,6",3,5,6,"[3, 5, 6]","[3, 5, 6]",356,3,组六,False,False,14,4,3,6,3,2,1,2,1,2,1,2,0,1,020,OOE,SBB,PPN,1,0,1,136913590,13691.359,True,https://www.cwl.gov.cn/c/2024/06/08/578884.shtml,https://www.cwl.gov.cn/c/2024/06/08/578887.shtml,2024149,153,9,4,组六,1,1,-4037274,1,2,30,"[5, 6, 2]","[0, 1, 4]",13.8667,5.0,0,7,23,2026-04-12T18:30:37Z,0,7,0,7,0,11,1,8,0,7,1,13,1,12,0,9,0,9,0,7
2024151,2024-06-09,2024,6,9,日,7,161,3D,765,"7,6,5",7,6,5,"[7, 6, 5]","[5, 6, 7]",567,3,组六,False,False,18,8,2,7,5,2,1,3,0,2,1,1,1,1,102,OEO,BBB,PNP,2,0,0,135307742,13530.7742,False,https://www.cwl.gov.cn/c/2024/06/09/578890.shtml,,2024150,356,14,3,组六,1,1,-1605848,0,2,30,"[5, 6, 2]","[4, 9, 0]",13.7333,4.9333,0,7,23,2026-04-12T18:30:37Z,0,7,0,7,0,11,0,9,0,6,1,13,1,13,1,9,0,9,0,6
2024152,2024-06-10,2024,6,10,一,1,162,3D,848,"8,4,8",8,4,8,"[8, 4, 8]","[4, 8, 8]",488,2,组三,True,False,20,0,4,8,4,0,3,2,1,0,3,0,1,2,212,EEE,BSB,NNN,0,0,0,137564458,13756.4458,False,https://www.cwl.gov.cn/c/2024/06/10/578897.shtml,,2024151,765,18,2,组六,1,1,2256716,0,0,30,"[5, 6, 2]","[9, 4, 0]",13.7,4.7667,0,7,23,2026-04-12T18:30:37Z,0,7,0,7,0,10,0,9,1,6,0,14,0,14,0,10,2,8,0,5
2024153,2024-06-11,2024,6,11,二,2,163,3D,287,"2,8,7",2,8,7,"[2, 8, 7]","[2, 7, 8]",278,3,组六,False,False,17,7,6,8,2,1,2,2,1,2,1,0,1,2,221,EEO,SBB,PNP,1,0,1,140140784,14014.0784,False,https://www.cwl.gov.cn/c/2024/06/11/579004.shtml,,2024152,848,20,4,组三,1,1,2576326,0,1,30,"[5, 6, 2]","[9, 0, 1]",13.8667,4.6333,0,8,22,2026-04-12T18:30:37Z,0,6,0,7,1,10,0,9,0,7,0,14,0,14,1,9,1,9,0,5
2024154,2024-06-12,2024,6,12,三,3,164,3D,834,"8,3,4",8,3,4,"[8, 3, 4]","[3, 4, 8]",348,3,组六,False,False,15,5,5,8,3,1,2,1,2,1,2,1,1,1,201,EOE,BSS,NPN,1,0,1,144200320,14420.032,False,https://www.cwl.gov.cn/c/2024/06/12/579111.shtml,,2024153,287,17,6,组六,1,1,4059536,0,1,30,"[5, 6, 2]","[9, 0, 1]",14.0333,4.6,0,8,22,2026-04-12T18:30:37Z,0,6,0,6,0,11,1,8,1,7,0,14,0,14,0,10,1,9,0,5
2024155,2024-06-13,2024,6,13,四,4,165,3D,411,"4,1,1",4,1,1,"[4, 1, 1]","[1, 1, 4]",114,2,组三,True,False,6,6,3,4,1,2,1,0,3,0,3,0,3,0,111,EOO,SSS,NNN,0,1,0,147587470,14758.747,False,https://www.cwl.gov.cn/c/2024/06/13/579218.shtml,,2024154,834,15,5,组六,1,1,3387150,0,1,30,"[5, 6, 2]","[9, 0, 1]",13.8,4.7333,0,7,23,2026-04-12T18:30:37Z,0,6,2,6,0,11,0,9,1,8,0,14,0,14,0,8,0,9,0,5
2024156,2024-06-14,2024,6,14,五,5,166,3D,180,"1,8,0",1,8,0,"[1, 8, 0]","[0, 1, 8]",018,3,组六,False,False,9,9,8,8,0,1,2,1,2,0,3,1,1,1,120,OEE,SBS,NNN,0,0,1,142376570,14237.657,False,https://www.cwl.gov.cn/c/2024/06/14/579325.shtml,,2024155,411,6,3,组三,1,1,-5210900,0,1,30,"[5, 6, 2]","[9, 0, 1]",13.3667,4.6667,0,8,22,2026-04-12T18:30:37Z,1,6,1,8,0,11,0,9,0,8,0,14,0,13,0,8,1,9,0,4
2024157,2024-06-15,2024,6,15,六,6,167,3D,126,"1,2,6",1,2,6,"[1, 2, 6]","[1, 2, 6]",126,3,组六,False,False,9,9,5,6,1,1,2,1,2,1,2,1,1,1,120,OEE,SSB,NPN,1,0,1,140101094,14010.1094,True,https://www.cwl.gov.cn/c/2024/06/15/579331.shtml,https://www.cwl.gov.cn/c/2024/06/15/579334.shtml,2024156,180,9,8,组六,1,1,-2275476,1,1,30,"[5, 6, 2]","[9, 0, 3]",13.4,4.9,0,7,23,2026-04-12T18:30:37Z,0,7,1,9,1,10,0,7,0,8,0,14,1,13,0,8,0,10,0,4
2024158,2024-06-16,2024,6,16,日,7,168,3D,821,"8,2,1",8,2,1,"[8, 2, 1]","[1, 2, 8]",128,3,组六,False,False,11,1,7,8,1,1,2,1,2,1,2,0,1,2,221,EEO,BSS,NPN,1,0,1,140638558,14063.8558,False,https://www.cwl.gov.cn/c/2024/06/16/579337.shtml,,2024157,126,9,5,组六,1,1,537464,1,2,30,"[5, 6, 2]","[9, 0, 3]",13.4667,4.9667,0,7,23,2026-04-12T18:30:37Z,0,7,1,9,1,10,0,7,0,7,0,14,0,14,0,8,1,10,0,4
2024159,2024-06-17,2024,6,17,一,1,169,3D,212,"2,1,2",2,1,2,"[2, 1, 2]","[1, 2, 2]",122,2,组三,True,False,5,5,1,2,1,1,2,0,3,2,1,0,1,2,212,EOE,SSS,PNP,2,0,0,141391250,14139.125,False,https://www.cwl.gov.cn/c/2024/06/17/579544.shtml,,2024158,821,11,7,组六,1,1,752692,0,2,30,"[6, 5, 2]","[9, 3, 0]",13.3333,5.0667,0,7,23,2026-04-12T18:30:37Z,0,7,1,10,2,11,0,6,0,7,0,13,0,14,0,7,0,11,0,4
2024160,2024-06-18,2024,6,18,二,2,170,3D,690,"6,9,0",6,9,0,"[6, 9, 0]","[0, 6, 9]",069,3,组六,False,False,15,5,9,9,0,1,2,2,1,0,3,3,0,0,000,EOE,BBS,NNN,0,0,1,139439870,13943.987,False,https://www.cwl.gov.cn/c/2024/06/18/579751.shtml,,2024159,212,5,1,组三,1,1,-1951380,0,0,30,"[2, 5, 6]","[9, 0, 3]",13.0667,4.8667,0,8,22,2026-04-12T18:30:37Z,1,6,0,11,0,13,0,6,0,7,0,13,1,13,0,6,0,11,1,4
2024161,2024-06-19,2024,6,19,三,3,171,3D,468,"4,6,8",4,6,8,"[4, 6, 8]","[4, 6, 8]",468,3,组六,False,False,18,8,4,8,4,0,3,2,1,0,3,1,1,1,102,EEE,SBB,NNN,0,0,0,135220144,13522.0144,False,https://www.cwl.gov.cn/c/2024/06/19/579958.shtml,,2024160,690,15,9,组六,1,1,-4219726,0,1,30,"[2, 5, 6]","[9, 0, 3]",13.1667,4.9667,0,7,23,2026-04-12T18:30:37Z,0,6,0,11,0,13,0,6,1,7,0,13,1,12,0,6,1,11,0,5
2024162,2024-06-20,2024,6,20,四,4,172,3D,164,"1,6,4",1,6,4,"[1, 6, 4]","[1, 4, 6]",146,3,组六,False,False,11,1,5,6,1,1,2,1,2,0,3,1,2,0,101,OEE,SBS,NNN,0,0,1,139978206,13997.8206,False,https://www.cwl.gov.cn/c/2024/06/20/580265.shtml,,2024161,468,18,4,组六,1,1,4758062,1,2,30,"[2, 5, 6]","[9, 0, 3]",13.2667,4.8,0,7,23,2026-04-12T18:30:37Z,0,5,1,11,0,13,0,6,1,8,0,13,1,12,0,6,0,12,0,4
2024163,2024-06-21,2024,6,21,五,5,173,3D,304,"3,0,4",3,0,4,"[3, 0, 4]","[0, 3, 4]",034,3,组六,False,False,7,7,4,4,0,1,2,0,3,1,2,2,1,0,001,OEE,SSS,PNN,0,0,1,140810908,14081.0908,False,https://www.cwl.gov.cn/c/2024/06/21/580572.shtml,,2024162,164,11,5,组六,1,1,832702,1,1,30,"[1, 2, 5]","[9, 0, 3]",13.2,4.8333,0,7,23,2026-04-12T18:30:37Z,1,5,0,12,0,12,1,6,1,9,0,12,0,12,0,6,0,12,0,4
2024164,2024-06-22,2024,6,22,六,6,174,3D,354,"3,5,4",3,5,4,"[3, 5, 4]","[3, 4, 5]",345,3,组六,False,False,12,2,2,5,3,2,1,1,2,2,1,1,1,1,021,OOE,SBS,PPN,1,0,0,134152262,13415.2262,True,https://www.cwl.gov.cn/c/2024/06/22/580578.shtml,https://www.cwl.gov.cn/c/2024/06/22/580581.shtml,2024163,304,7,4,组六,1,1,-6658646,2,2,30,"[2, 5, 6]","[9, 7, 0]",13.0333,4.7667,0,7,23,2026-04-12T18:30:37Z,0,6,0,11,0,12,1,7,1,9,1,12,0,12,0,5,0,12,0,4
2024165,2024-06-23,2024,6,23,日,7,175,3D,145,"1,4,5",1,4,5,"[1, 4, 5]","[1, 4, 5]",145,3,组六,False,False,10,0,4,5,1,2,1,1,2,1,2,0,2,1,112,OEO,SSB,NNP,1,0,1,134132226,13413.2226,False,https://www.cwl.gov.cn/c/2024/06/23/580584.shtml,,2024164,354,12,2,组六,1,1,-20036,0,2,30,"[5, 2, 8]","[9, 0, 7]",13.1,4.6333,0,7,23,2026-04-12T18:30:37Z,0,5,1,11,0,12,0,8,1,9,1,13,0,11,0,5,0,12,0,4
2024166,2024-06-24,2024,6,24,一,1,176,3D,397,"3,9,7",3,9,7,"[3, 9, 7]","[3, 7, 9]",379,3,组六,False,False,19,9,6,9,3,3,0,2,1,2,1,2,1,0,001,OOO,SBB,PNP,0,0,1,139024776,13902.4776,False,https://www.cwl.gov.cn/c/2024/06/24/580591.shtml,,2024165,145,10,4,组六,1,1,4892550,0,0,30,"[5, 1, 2]","[0, 9, 7]",13.1667,4.6,0,7,23,2026-04-12T18:30:37Z,0,4,0,12,0,12,1,7,0,10,0,13,0,11,1,5,0,12,1,4
2024167,2024-06-25,2024,6,25,二,2,177,3D,220,"2,2,0",2,2,0,"[2, 2, 0]","[0, 2, 2]",022,2,组三,True,False,4,4,2,2,0,0,3,0,3,2,1,1,0,2,220,EEE,SSS,PPN,0,1,0,135383396,13538.3396,False,https://www.cwl.gov.cn/c/2024/06/25/580698.shtml,,2024166,397,19,6,组六,1,1,-3641380,0,0,30,"[5, 1, 8]","[0, 7, 9]",13.4333,4.6333,0,6,24,2026-04-12T18:30:37Z,1,4,0,12,2,10,0,8,0,10,0,13,0,11,0,5,0,12,0,5
2024168,2024-06-26,2024,6,26,三,3,178,3D,752,"7,5,2",7,5,2,"[7, 5, 2]","[2, 5, 7]",257,3,组六,False,False,14,4,5,7,2,2,1,2,1,3,0,0,1,2,122,OOE,BBS,PPP,0,0,1,128858220,12885.822,False,https://www.cwl.gov.cn/c/2024/06/26/580904.shtml,,2024167,220,4,2,组三,1,1,-6525176,0,1,30,"[5, 1, 2]","[9, 0, 7]",12.9333,4.4667,0,7,23,2026-04-12T18:30:37Z,0,5,0,12,1,11,0,8,0,10,1,13,0,11,1,5,0,11,0,4
2024169,2024-06-27,2024,6,27,四,4,179,3D,402,"4,0,2",4,0,2,"[4, 0, 2]","[0, 2, 4]",024,3,组六,False,False,6,6,4,4,0,0,3,0,3,1,2,1,1,1,102,EEE,SSS,NNP,0,0,0,135016082,13501.6082,False,https://www.cwl.gov.cn/c/2024/06/27/581013.shtml,,2024168,752,14,5,组六,1,1,6157862,1,1,30,"[1, 2, 5]","[9, 0, 7]",12.7667,4.5,0,6,24,2026-04-12T18:30:37Z,1,5,0,12,1,12,0,8,1,10,0,12,0,11,0,6,0,11,0,3
2024170,2024-06-28,2024,6,28,五,5,180,3D,225,"2,2,5",2,2,5,"[2, 2, 5]","[2, 2, 5]",225,2,组三,True,False,9,9,3,5,2,1,2,1,2,3,0,0,0,3,222,EEO,SSB,PPP,0,1,0,136448304,13644.8304,False,https://www.cwl.gov.cn/c/2024/06/28/581120.shtml,,2024169,402,6,4,组六,1,1,1432222,0,1,30,"[2, 1, 5]","[9, 7, 0]",12.3333,4.5,0,6,24,2026-04-12T18:30:37Z,0,6,0,12,2,13,0,8,0,10,1,12,0,11,0,5,0,10,0,3
2024171,2024-06-29,2024,6,29,六,6,181,3D,480,"4,8,0",4,8,0,"[4, 8, 0]","[0, 4, 8]",048,3,组六,False,False,12,2,8,8,0,0,3,1,2,0,3,1,1,1,120,EEE,SBS,NNN,0,0,0,131411686,13141.1686,True,https://www.cwl.gov.cn/c/2024/06/29/581126.shtml,https://www.cwl.gov.cn/c/2024/06/29/581129.shtml,2024170,225,9,3,组三,1,1,-5036618,0,0,30,"[2, 1, 5]","[9, 7, 0]",12.1667,4.5,0,7,23,2026-04-12T18:30:37Z,1,6,0,12,0,15,0,7,1,10,0,12,0,10,0,5,1,10,0,3
2024172,2024-06-30,2024,6,30,日,7,182,3D,908,"9,0,8",9,0,8,"[9, 0, 8]","[0, 8, 9]",089,3,组六,False,False,17,7,9,9,0,1,2,2,1,0,3,2,0,1,002,OEE,BSB,NNN,0,0,1,132292678,13229.2678,False,https://www.cwl.gov.cn/c/2024/06/30/581132.shtml,,2024171,480,12,8,组六,1,1,880992,0,2,30,"[2, 1, 4]","[9, 7, 0]",12.1333,4.6333,0,7,23,2026-04-12T18:30:37Z,1,7,0,12,0,14,0,7,0,11,0,11,0,9,0,5,1,11,1,3
2024173,2024-07-01,2024,7,1,一,1,183,3D,449,"4,4,9",4,4,9,"[4, 4, 9]","[4, 4, 9]",449,2,组三,True,False,17,7,5,9,4,1,2,1,2,0,3,1,2,0,110,EEO,SSB,NNN,0,1,0,128374136,12837.4136,False,https://www.cwl.gov.cn/c/2024/07/01/581239.shtml,,2024172,908,17,9,组六,1,1,-3918542,0,1,30,"[2, 1, 4]","[9, 7, 3]",12.3,4.7,0,7,23,2026-04-12T18:30:37Z,0,8,0,11,0,14,0,6,2,11,0,11,0,9,0,5,0,11,1,4
2024174,2024-07-02,2024,7,2,二,2,184,3D,236,"2,3,6",2,3,6,"[2, 3, 6]","[2, 3, 6]",236,3,组六,False,False,11,1,4,6,2,1,2,1,2,2,1,2,0,1,200,EOE,SSB,PPN,1,0,1,125567674,12556.7674,False,https://www.cwl.gov.cn/c/2024/07/02/581346.shtml,,2024173,449,17,5,组三,1,1,-2806462,0,0,30,"[2, 4, 1]","[9, 7, 3]",12.2333,4.7333,0,7,23,2026-04-12T18:30:37Z,0,8,0,11,1,14,1,6,0,13,0,9,1,9,0,5,0,11,0,4
2024175,2024-07-03,2024,7,3,三,3,185,3D,488,"4,8,8",4,8,8,"[4, 8, 8]","[4, 8, 8]",488,2,组三,True,False,20,0,4,8,4,0,3,2,1,0,3,0,1,2,122,EEE,SBB,NNN,0,1,0,131535596,13153.5596,False,https://www.cwl.gov.cn/c/2024/07/03/581453.shtml,,2024174,236,11,4,组六,1,1,5967922,0,0,30,"[2, 4, 1]","[9, 7, 3]",12.1,4.6333,0,7,23,2026-04-12T18:30:37Z,0,8,0,10,0,15,0,7,1,13,0,9,0,9,0,5,2,10,0,4
2024176,2024-07-04,2024,7,4,四,4,186,3D,108,"1,0,8",1,0,8,"[1, 0, 8]","[0, 1, 8]",018,3,组六,False,False,9,9,8,8,0,1,2,1,2,0,3,1,1,1,102,OEE,SSB,NNN,1,0,1,127176180,12717.618,False,https://www.cwl.gov.cn/c/2024/07/04/581560.shtml,,2024175,488,20,4,组三,1,1,-4359416,1,1,30,"[2, 4, 8]","[7, 9, 3]",12.1667,4.7,0,8,22,2026-04-12T18:30:37Z,1,8,1,10,0,15,0,7,0,14,0,8,0,8,0,4,1,12,0,4
2024177,2024-07-05,2024,7,5,五,5,187,3D,460,"4,6,0",4,6,0,"[4, 6, 0]","[0, 4, 6]",046,3,组六,False,False,10,0,6,6,0,0,3,1,2,0,3,2,1,0,100,EEE,SBS,NNN,0,0,1,129417324,12941.7324,False,https://www.cwl.gov.cn/c/2024/07/05/581667.shtml,,2024176,108,9,8,组六,1,1,2241144,0,1,30,"[2, 4, 8]","[7, 9, 3]",12.1667,4.7,0,8,22,2026-04-12T18:30:37Z,1,8,0,10,0,15,0,7,1,14,0,8,1,8,0,4,0,12,0,4
2024178,2024-07-06,2024,7,6,六,6,188,3D,581,"5,8,1",5,8,1,"[5, 8, 1]","[1, 5, 8]",158,3,组六,False,False,14,4,7,8,1,2,1,2,1,1,2,0,1,2,221,OEO,BBS,PNN,0,0,1,127290604,12729.0604,True,https://www.cwl.gov.cn/c/2024/07/06/581673.shtml,https://www.cwl.gov.cn/c/2024/07/06/581676.shtml,2024177,460,10,6,组六,1,1,-2126720,0,0,30,"[4, 2, 8]","[7, 9, 3]",12.2,4.8,0,7,23,2026-04-12T18:30:37Z,0,9,1,10,0,13,0,7,0,15,1,7,0,9,0,4,1,12,0,4
2024179,2024-07-07,2024,7,7,日,7,189,3D,005,"0,0,5",0,0,5,"[0, 0, 5]","[0, 0, 5]",005,2,组三,True,False,5,5,5,5,0,1,2,1,2,1,2,2,0,1,002,EEO,SSB,NNP,0,1,0,127335224,12733.5224,False,https://www.cwl.gov.cn/c/2024/07/07/581679.shtml,,2024178,581,14,7,组六,1,1,44620,0,1,30,"[4, 8, 2]","[7, 9, 3]",12.2667,4.9,0,7,23,2026-04-12T18:30:37Z,2,9,0,11,0,12,0,7,0,14,1,8,0,8,0,4,0,13,0,4
2024180,2024-07-08,2024,7,8,一,1,190,3D,918,"9,1,8",9,1,8,"[9, 1, 8]","[1, 8, 9]",189,3,组六,False,False,18,8,8,9,1,2,1,2,1,0,3,1,1,1,012,OOE,BSB,NNN,0,0,1,127618122,12761.8122,False,https://www.cwl.gov.cn/c/2024/07/08/581886.shtml,,2024179,005,5,5,组三,1,1,282898,0,0,30,"[4, 8, 2]","[7, 9, 3]",12.1333,4.9333,0,8,22,2026-04-12T18:30:37Z,0,11,1,10,0,12,0,6,0,14,0,8,0,8,0,4,1,13,1,4
2024181,2024-07-09,2024,7,9,二,2,191,3D,230,"2,3,0",2,3,0,"[2, 3, 0]","[0, 2, 3]",023,3,组六,False,False,5,5,3,3,0,1,2,0,3,2,1,2,0,1,200,EOE,SSS,PPN,1,0,1,129312866,12931.2866,False,https://www.cwl.gov.cn/c/2024/07/09/581992.shtml,,2024180,918,18,8,组六,1,1,1694744,0,0,30,"[4, 8, 2]","[7, 3, 9]",12.2667,5.1,0,8,22,2026-04-12T18:30:37Z,1,11,0,11,1,12,1,5,0,14,0,7,0,7,0,4,0,14,0,5
2024182,2024-07-10,2024,7,10,三,3,192,3D,884,"8,8,4",8,8,4,"[8, 8, 4]","[4, 8, 8]",488,2,组三,True,False,20,0,4,8,4,0,3,2,1,0,3,0,1,2,221,EEE,BBS,NNN,0,1,0,133183598,13318.3598,False,https://www.cwl.gov.cn/c/2024/07/10/582100.shtml,,2024181,230,5,3,组六,1,1,3870732,0,0,30,"[4, 8, 2]","[7, 9, 3]",11.8333,5.1333,0,8,22,2026-04-12T18:30:37Z,0,12,0,11,0,13,0,6,1,14,0,6,0,6,0,3,2,14,0,5
2024183,2024-07-11,2024,7,11,四,4,193,3D,443,"4,4,3",4,4,3,"[4, 4, 3]","[3, 4, 4]",344,2,组三,True,False,11,1,1,4,3,1,2,0,3,1,2,1,2,0,110,EEO,SSS,NNP,1,1,0,131904864,13190.4864,False,https://www.cwl.gov.cn/c/2024/07/11/582207.shtml,,2024182,884,20,4,组三,1,1,-1278734,0,1,30,"[4, 8, 2]","[7, 9, 3]",11.8333,5.1333,0,8,22,2026-04-12T18:30:37Z,0,12,0,11,0,13,1,6,2,14,0,6,0,6,0,3,0,14,0,5
2024184,2024-07-12,2024,7,12,五,5,194,3D,933,"9,3,3",9,3,3,"[9, 3, 3]","[3, 3, 9]",339,2,组三,True,False,15,5,6,9,3,3,0,1,2,2,1,3,0,0,000,OOO,BSS,NPP,0,1,0,134657934,13465.7934,False,https://www.cwl.gov.cn/c/2024/07/12/582214.shtml,,2024183,443,11,1,组三,1,1,2753070,1,1,30,"[4, 8, 0]","[7, 9, 5]",11.6333,4.9667,0,9,21,2026-04-12T18:30:37Z,0,12,0,11,0,12,2,7,0,16,0,6,0,6,0,2,0,13,1,5
2024185,2024-07-13,2024,7,13,六,6,195,3D,306,"3,0,6",3,0,6,"[3, 0, 6]","[0, 3, 6]",036,3,组六,False,False,9,9,6,6,0,1,2,1,2,1,2,3,0,0,000,OEE,SSB,PNN,0,0,0,126461514,12646.1514,True,https://www.cwl.gov.cn/c/2024/07/13/582220.shtml,https://www.cwl.gov.cn/c/2024/07/13/582223.shtml,2024184,933,15,6,组三,1,1,-8196420,0,1,30,"[4, 0, 2]","[7, 5, 6]",11.6333,5.0,0,10,20,2026-04-12T18:30:37Z,1,12,0,11,0,12,1,8,0,15,0,6,1,6,0,2,0,12,0,6
2024186,2024-07-14,2024,7,14,日,7,196,3D,579,"5,7,9",5,7,9,"[5, 7, 9]","[5, 7, 9]",579,3,组六,False,False,21,1,4,9,5,3,0,3,0,2,1,1,1,1,210,OOO,BBB,PPN,0,0,0,125699230,12569.923,False,https://www.cwl.gov.cn/c/2024/07/14/582226.shtml,,2024185,306,9,6,组六,1,1,-762284,0,0,30,"[4, 0, 2]","[7, 5, 9]",11.7333,5.1,0,9,21,2026-04-12T18:30:37Z,0,13,0,9,0,12,0,9,0,14,1,6,0,7,1,2,0,12,1,6
2024187,2024-07-15,2024,7,15,一,1,197,3D,380,"3,8,0",3,8,0,"[3, 8, 0]","[0, 3, 8]",038,3,组六,False,False,11,1,8,8,0,1,2,1,2,1,2,2,0,1,020,OEE,SBS,PNN,0,0,1,126910264,12691.0264,False,https://www.cwl.gov.cn/c/2024/07/15/582333.shtml,,2024186,579,21,4,组六,1,1,1211034,0,0,30,"[4, 0, 2]","[7, 5, 6]",12.1333,4.9667,0,9,21,2026-04-12T18:30:37Z,1,12,0,8,0,12,1,9,0,14,0,7,0,7,0,3,1,11,0,7
2024188,2024-07-16,2024,7,16,二,2,198,3D,956,"9,5,6",9,5,6,"[9, 5, 6]","[5, 6, 9]",569,3,组六,False,False,20,0,4,9,5,2,1,3,0,1,2,2,0,1,020,OOE,BBB,NPN,1,0,1,130074782,13007.4782,False,https://www.cwl.gov.cn/c/2024/07/16/582440.shtml,,2024187,380,11,8,组六,1,1,3164518,0,0,30,"[4, 0, 8]","[7, 6, 1]",12.2,5.0667,0,9,21,2026-04-12T18:30:37Z,0,13,0,7,0,11,0,10,0,14,1,7,1,6,0,3,0,12,1,7
2024189,2024-07-17,2024,7,17,三,3,199,3D,530,"5,3,0",5,3,0,"[5, 3, 0]","[0, 3, 5]",035,3,组六,False,False,8,8,5,5,0,2,1,1,2,2,1,2,0,1,200,OOE,BSS,PPN,0,0,1,132925614,13292.5614,False,https://www.cwl.gov.cn/c/2024/07/17/582647.shtml,,2024188,956,20,4,组六,1,1,2850832,0,1,30,"[4, 0, 8]","[7, 1, 6]",12.5,4.9667,0,9,21,2026-04-12T18:30:37Z,1,13,0,6,0,10,1,10,0,14,1,8,0,7,0,3,0,11,0,8
2024190,2024-07-18,2024,7,18,四,4,200,3D,410,"4,1,0",4,1,0,"[4, 1, 0]","[0, 1, 4]",014,3,组六,False,False,5,5,4,4,0,1,2,0,3,0,3,1,2,0,110,EOE,SSS,NNN,1,0,1,132467778,13246.7778,False,https://www.cwl.gov.cn/c/2024/07/18/582754.shtml,,2024189,530,8,5,组六,1,1,-457836,1,1,30,"[0, 4, 3]","[7, 1, 6]",12.6,5.1,0,8,22,2026-04-12T18:30:37Z,1,14,1,5,0,8,0,11,1,14,0,9,0,7,0,3,0,11,0,8
2024191,2024-07-19,2024,7,19,五,5,201,3D,382,"3,8,2",3,8,2,"[3, 8, 2]","[2, 3, 8]",238,3,组六,False,False,13,3,6,8,2,1,2,1,2,2,1,1,0,2,022,OEE,SBS,PNP,0,0,1,133496036,13349.6036,False,https://www.cwl.gov.cn/c/2024/07/19/582961.shtml,,2024190,410,5,4,组六,1,1,1028258,0,0,30,"[4, 0, 3]","[7, 1, 6]",12.2667,4.9333,0,8,22,2026-04-12T18:30:37Z,0,14,0,6,1,8,1,11,0,15,0,9,0,6,0,3,1,11,0,7
2024192,2024-07-20,2024,7,20,六,6,202,3D,676,"6,7,6",6,7,6,"[6, 7, 6]","[6, 6, 7]",667,2,组三,True,False,19,9,1,7,6,1,2,3,0,1,2,2,1,0,010,EOE,BBB,NPN,2,0,0,129239824,12923.9824,True,https://www.cwl.gov.cn/c/2024/07/20/583067.shtml,https://www.cwl.gov.cn/c/2024/07/20/583070.shtml,2024191,382,13,6,组六,1,1,-4256212,0,0,30,"[0, 4, 3]","[7, 6, 1]",12.1,5.0,0,8,22,2026-04-12T18:30:37Z,0,14,0,6,0,9,0,12,0,14,0,9,2,5,1,3,0,11,0,7
2024193,2024-07-21,2024,7,21,日,7,203,3D,681,"6,8,1",6,8,1,"[6, 8, 1]","[1, 6, 8]",168,3,组六,False,False,15,5,7,8,1,1,2,2,1,0,3,1,1,1,021,EEO,BBS,NNN,0,0,1,123703300,12370.33,False,https://www.cwl.gov.cn/c/2024/07/21/583073.shtml,,2024192,676,19,1,组三,1,1,-5536524,1,1,30,"[0, 4, 3]","[7, 1, 6]",12.3667,4.8667,0,9,21,2026-04-12T18:30:37Z,0,14,1,5,0,9,0,12,0,13,0,9,1,6,0,4,1,11,0,7
2024194,2024-07-22,2024,7,22,一,1,204,3D,137,"1,3,7",1,3,7,"[1, 3, 7]","[1, 3, 7]",137,3,组六,False,False,11,1,6,7,1,3,0,1,2,2,1,1,2,0,101,OOO,SSB,NPP,0,0,1,128465618,12846.5618,False,https://www.cwl.gov.cn/c/2024/07/22/583280.shtml,,2024193,681,15,7,组六,1,1,4762318,0,1,30,"[0, 4, 8]","[7, 1, 6]",12.6333,4.9667,0,9,21,2026-04-12T18:30:37Z,0,13,1,6,0,9,1,11,0,12,0,9,0,7,1,4,0,12,0,7
2024195,2024-07-23,2024,7,23,二,2,205,3D,725,"7,2,5",7,2,5,"[7, 2, 5]","[2, 5, 7]",257,3,组六,False,False,14,4,5,7,2,2,1,2,1,3,0,0,1,2,122,OEO,BSB,PPP,0,0,1,130043334,13004.3334,False,https://www.cwl.gov.cn/c/2024/07/23/583387.shtml,,2024194,137,11,6,组六,1,1,1577716,0,1,30,"[0, 8, 3]","[7, 1, 6]",12.6,5.1,0,9,21,2026-04-12T18:30:37Z,0,13,0,7,1,9,0,11,0,11,1,8,0,7,1,5,0,12,0,7
2024196,2024-07-24,2024,7,24,三,3,206,3D,056,"0,5,6",0,5,6,"[0, 5, 6]","[0, 5, 6]",056,3,组六,False,False,11,1,6,6,0,1,2,2,1,1,2,2,0,1,020,EOE,SBB,NPN,1,0,1,133492786,13349.2786,False,https://www.cwl.gov.cn/c/2024/07/24/583594.shtml,,2024195,725,14,5,组六,1,1,3449452,0,1,30,"[0, 8, 3]","[1, 7, 6]",12.7333,5.1333,0,9,21,2026-04-12T18:30:37Z,1,13,0,6,0,10,0,11,0,10,1,8,1,7,0,6,0,12,0,7
2024197,2024-07-25,2024,7,25,四,4,207,3D,224,"2,2,4",2,2,4,"[2, 2, 4]","[2, 2, 4]",224,2,组三,True,False,8,8,2,4,2,0,3,0,3,2,1,0,1,2,221,EEE,SSS,PPN,0,1,0,130793506,13079.3506,False,https://www.cwl.gov.cn/c/2024/07/25/583801.shtml,,2024196,056,11,6,组六,1,1,-2699280,0,0,30,"[0, 8, 2]","[7, 1, 9]",12.4667,5.1333,0,9,21,2026-04-12T18:30:37Z,0,14,0,6,2,10,0,10,1,10,0,9,0,8,0,5,0,12,0,6
2024198,2024-07-26,2024,7,26,五,5,208,3D,710,"7,1,0",7,1,0,"[7, 1, 0]","[0, 1, 7]",017,3,组六,False,False,8,8,7,7,0,2,1,1,2,1,2,1,2,0,110,OOE,BSS,PNN,1,0,1,129581618,12958.1618,False,https://www.cwl.gov.cn/c/2024/07/26/584108.shtml,,2024197,224,8,2,组三,1,1,-1211888,0,0,30,"[0, 8, 4]","[7, 1, 9]",12.6,5.1333,0,9,21,2026-04-12T18:30:37Z,1,13,1,6,0,10,0,10,0,11,0,9,0,8,1,5,0,12,0,6
2024199,2024-07-27,2024,7,27,六,6,209,3D,147,"1,4,7",1,4,7,"[1, 4, 7]","[1, 4, 7]",147,3,组六,False,False,12,2,6,7,1,2,1,1,2,1,2,0,3,0,111,OEO,SSB,NNP,0,0,0,126494450,12649.445,True,https://www.cwl.gov.cn/c/2024/07/27/584214.shtml,https://www.cwl.gov.cn/c/2024/07/27/584217.shtml,2024198,710,8,7,组六,1,1,-3087168,0,2,30,"[0, 8, 4]","[7, 9, 1]",12.4,5.2,0,9,21,2026-04-12T18:30:37Z,0,14,1,7,0,9,0,10,1,11,0,8,0,8,1,5,0,12,0,6
2024200,2024-07-28,2024,7,28,日,7,210,3D,309,"3,0,9",3,0,9,"[3, 0, 9]","[0, 3, 9]",039,3,组六,False,False,12,2,9,9,0,2,1,1,2,1,2,3,0,0,000,OEO,SSB,PNN,0,0,1,129519500,12951.95,False,https://www.cwl.gov.cn/c/2024/07/28/584220.shtml,,2024199,147,12,6,组六,1,1,3025050,0,0,30,"[0, 8, 4]","[7, 9, 1]",12.6,5.2667,0,9,21,2026-04-12T18:30:37Z,1,13,0,8,0,8,1,10,0,11,0,8,0,8,0,6,0,12,1,6
2024201,2024-07-29,2024,7,29,一,1,211,3D,843,"8,4,3",8,4,3,"[8, 4, 3]","[3, 4, 8]",348,3,组六,False,False,15,5,5,8,3,1,2,1,2,1,2,1,1,1,210,EEO,BSS,NNP,1,0,1,130091734,13009.1734,False,https://www.cwl.gov.cn/c/2024/07/29/584427.shtml,,2024200,309,12,9,组六,1,1,572234,0,1,30,"[0, 8, 3]","[2, 7, 5]",12.7,5.4667,0,8,22,2026-04-12T18:30:37Z,0,14,0,8,0,6,1,11,1,11,0,7,0,8,0,6,1,12,0,7
2024202,2024-07-30,2024,7,30,二,2,212,3D,552,"5,5,2",5,5,2,"[5, 5, 2]","[2, 5, 5]",255,2,组三,True,False,12,2,3,5,2,2,1,2,1,3,0,0,0,3,222,OOE,BBS,PPP,0,1,0,130116278,13011.6278,False,https://www.cwl.gov.cn/c/2024/07/30/584534.shtml,,2024201,843,15,5,组六,1,1,24544,0,0,30,"[0, 3, 8]","[2, 7, 5]",12.8,5.3667,0,8,22,2026-04-12T18:30:37Z,0,13,0,8,1,6,0,12,0,11,2,7,0,8,0,6,0,12,0,7
2024203,2024-07-31,2024,7,31,三,3,213,3D,172,"1,7,2",1,7,2,"[1, 7, 2]","[1, 2, 7]",127,3,组六,False,False,10,0,6,7,1,2,1,1,2,2,1,0,2,1,112,OOE,SBS,NPP,0,0,1,128107842,12810.7842,False,https://www.cwl.gov.cn/c/2024/07/31/584741.shtml,,2024202,552,12,3,组三,1,1,-2008436,1,1,30,"[0, 3, 4]","[7, 9, 2]",12.6333,5.1667,0,9,21,2026-04-12T18:30:37Z,0,12,1,8,1,7,0,12,0,11,0,9,0,8,1,6,0,11,0,6
2024204,2024-08-01,2024,8,1,四,4,214,3D,390,"3,9,0",3,9,0,"[3, 9, 0]","[0, 3, 9]",039,3,组六,False,False,12,2,9,9,0,2,1,1,2,1,2,3,0,0,000,OOE,SBS,PNN,0,0,1,127181668,12718.1668,False,https://www.cwl.gov.cn/c/2024/08/01/584848.shtml,,2024203,172,10,6,组六,1,1,-926174,0,0,30,"[0, 3, 8]","[9, 7, 2]",12.4,5.2,0,8,22,2026-04-12T18:30:37Z,1,12,0,9,0,8,1,12,0,9,0,9,0,8,0,7,0,11,1,5
2024205,2024-08-02,2024,8,2,五,5,215,3D,651,"6,5,1",6,5,1,"[6, 5, 1]","[1, 5, 6]",156,3,组六,False,False,12,2,5,6,1,2,1,2,1,1,2,1,1,1,021,EOO,BBS,NPN,1,0,1,132189516,13218.9516,False,https://www.cwl.gov.cn/c/2024/08/02/584955.shtml,,2024204,390,12,9,组六,1,1,5007848,0,0,30,"[0, 3, 8]","[9, 2, 6]",12.4333,5.3667,0,8,22,2026-04-12T18:30:37Z,0,13,1,9,0,7,0,12,0,9,1,9,1,7,0,7,0,11,0,6
2024206,2024-08-03,2024,8,3,六,6,216,3D,818,"8,1,8",8,1,8,"[8, 1, 8]","[1, 8, 8]",188,2,组三,True,False,17,7,7,8,1,1,2,2,1,0,3,0,1,2,212,EOE,BSB,NNN,0,0,0,128044522,12804.4522,True,https://www.cwl.gov.cn/c/2024/08/03/584961.shtml,https://www.cwl.gov.cn/c/2024/08/03/584964.shtml,2024205,651,12,5,组六,1,1,-4144994,0,1,30,"[0, 3, 1]","[9, 2, 7]",12.1667,5.4,0,7,23,2026-04-12T18:30:37Z,0,13,1,10,0,7,0,12,0,8,0,10,0,8,0,7,2,9,0,6
2024207,2024-08-04,2024,8,4,日,7,217,3D,892,"8,9,2",8,9,2,"[8, 9, 2]","[2, 8, 9]",289,3,组六,False,False,19,9,7,9,2,1,2,2,1,1,2,1,0,2,202,EOE,BBS,NNP,1,0,1,126036782,12603.6782,False,https://www.cwl.gov.cn/c/2024/08/04/584967.shtml,,2024206,818,17,7,组三,1,1,-2007740,1,1,30,"[0, 3, 1]","[9, 2, 7]",12.4333,5.3667,0,8,22,2026-04-12T18:30:37Z,0,12,0,10,1,7,0,12,0,8,0,10,0,8,0,7,1,10,1,6
2024208,2024-08-05,2024,8,5,一,1,218,3D,281,"2,8,1",2,8,1,"[2, 8, 1]","[1, 2, 8]",128,3,组六,False,False,11,1,7,8,1,1,2,1,2,1,2,0,1,2,221,EEO,SBS,PNN,0,0,1,128653570,12865.357,False,https://www.cwl.gov.cn/c/2024/08/05/585175.shtml,,2024207,892,19,7,组六,1,1,2616788,0,2,30,"[3, 0, 8]","[4, 6, 7]",12.7333,5.4,0,8,22,2026-04-12T18:30:37Z,0,11,1,10,1,8,0,12,0,7,0,10,0,7,0,7,1,11,0,7
2024209,2024-08-06,2024,8,6,二,2,219,3D,676,"6,7,6",6,7,6,"[6, 7, 6]","[6, 6, 7]",667,2,组三,True,False,19,9,1,7,6,1,2,3,0,1,2,2,1,0,010,EOE,BBB,NPN,2,0,0,126429078,12642.9078,False,https://www.cwl.gov.cn/c/2024/08/06/585282.shtml,,2024208,281,11,7,组六,1,1,-2224492,0,0,30,"[3, 0, 8]","[4, 6, 7]",12.6333,5.4,0,8,22,2026-04-12T18:30:37Z,0,11,0,10,0,9,0,12,0,7,0,9,2,7,1,7,0,11,0,7
2024210,2024-08-07,2024,8,7,三,3,220,3D,449,"4,4,9",4,4,9,"[4, 4, 9]","[4, 4, 9]",449,2,组三,True,False,17,7,5,9,4,1,2,1,2,0,3,1,2,0,110,EEO,SSB,NNN,0,1,0,124358938,12435.8938,False,https://www.cwl.gov.cn/c/2024/08/07/585489.shtml,,2024209,676,19,1,组三,1,1,-2070140,0,0,30,"[3, 8, 1]","[4, 9, 5]",13.1,5.2667,0,8,22,2026-04-12T18:30:37Z,0,9,0,10,0,9,0,12,2,7,0,8,0,9,0,8,0,11,1,7
2024211,2024-08-08,2024,8,8,四,4,221,3D,054,"0,5,4",0,5,4,"[0, 5, 4]","[0, 4, 5]",045,3,组六,False,False,9,9,5,5,0,1,2,1,2,1,2,1,1,1,021,EOE,SBS,NPN,1,0,1,124581534,12458.1534,False,https://www.cwl.gov.cn/c/2024/08/08/585596.shtml,,2024210,449,17,5,组三,1,1,222596,0,1,30,"[3, 8, 0]","[9, 5, 7]",13.0667,5.1667,0,9,21,2026-04-12T18:30:37Z,1,9,0,9,0,9,0,12,1,9,1,8,0,9,0,8,0,10,0,7
2024212,2024-08-09,2024,8,9,五,5,222,3D,089,"0,8,9",0,8,9,"[0, 8, 9]","[0, 8, 9]",089,3,组六,False,False,17,7,9,9,0,1,2,2,1,0,3,2,0,1,020,EEO,SBB,NNN,1,0,1,128961192,12896.1192,False,https://www.cwl.gov.cn/c/2024/08/09/585703.shtml,,2024211,054,9,5,组六,1,1,4379658,1,1,30,"[3, 4, 8]","[9, 2, 7]",13.2,5.2333,0,9,21,2026-04-12T18:30:37Z,1,9,0,9,0,8,0,11,0,10,0,9,0,9,0,8,1,10,1,7
2024213,2024-08-10,2024,8,10,六,6,223,3D,009,"0,0,9",0,0,9,"[0, 0, 9]","[0, 0, 9]",009,2,组三,True,False,9,9,9,9,0,1,2,1,2,0,3,3,0,0,000,EEO,SSB,NNN,0,1,0,126019238,12601.9238,True,https://www.cwl.gov.cn/c/2024/08/10/585709.shtml,https://www.cwl.gov.cn/c/2024/08/10/585712.shtml,2024212,089,17,9,组六,1,1,-2941954,2,2,30,"[3, 0, 1]","[2, 7, 9]",13.1,5.4,0,8,22,2026-04-12T18:30:37Z,2,10,0,9,0,8,0,11,0,9,0,9,0,9,0,8,0,9,1,8
2024214,2024-08-11,2024,8,11,日,7,224,3D,365,"3,6,5",3,6,5,"[3, 6, 5]","[3, 5, 6]",356,3,组六,False,False,14,4,3,6,3,2,1,2,1,2,1,2,0,1,002,OEO,SBB,PNP,1,0,1,120395744,12039.5744,False,https://www.cwl.gov.cn/c/2024/08/11/585715.shtml,,2024213,009,9,9,组三,1,1,-5623494,0,0,30,"[0, 3, 1]","[4, 2, 7]",13.0333,5.6667,0,8,22,2026-04-12T18:30:37Z,0,12,0,9,0,8,1,10,0,7,1,9,1,9,0,8,0,9,0,9
2024215,2024-08-12,2024,8,12,一,1,225,3D,483,"4,8,3",4,8,3,"[4, 8, 3]","[3, 4, 8]",348,3,组六,False,False,15,5,5,8,3,1,2,1,2,1,2,1,1,1,120,EEO,SBS,NNP,0,0,1,125465196,12546.5196,False,https://www.cwl.gov.cn/c/2024/08/12/585822.shtml,,2024214,365,14,3,组六,1,1,5069452,0,1,30,"[0, 5, 6]","[4, 2, 7]",13.0,5.5667,0,7,23,2026-04-12T18:30:37Z,0,12,0,9,0,8,1,9,1,7,0,10,0,10,0,8,1,9,0,8
2024216,2024-08-13,2024,8,13,二,2,226,3D,444,"4,4,4",4,4,4,"[4, 4, 4]","[4, 4, 4]",444,1,豹子,True,True,12,2,0,4,4,0,3,0,3,0,3,0,3,0,111,EEE,SSS,NNN,0,2,-1,127990754,12799.0754,False,https://www.cwl.gov.cn/c/2024/08/13/585929.shtml,,2024215,483,15,5,组六,1,1,2525558,1,1,30,"[0, 5, 8]","[2, 4, 7]",13.2,5.5333,0,7,23,2026-04-12T18:30:37Z,0,11,0,9,0,8,0,9,3,8,0,10,0,9,0,8,0,10,0,8
2024217,2024-08-14,2024,8,14,三,3,227,3D,405,"4,0,5",4,0,5,"[4, 0, 5]","[0, 4, 5]",045,3,组六,False,False,9,9,5,5,0,1,2,1,2,1,2,1,1,1,102,EEO,SSB,NNP,0,0,1,120708310,12070.831,False,https://www.cwl.gov.cn/c/2024/08/14/586036.shtml,,2024216,444,12,0,豹子,1,1,-7282444,1,1,30,"[0, 4, 8]","[7, 9, 2]",12.9,5.4,1,7,22,2026-04-12T18:30:37Z,1,11,0,9,0,8,0,9,1,11,1,9,0,9,0,7,0,10,0,7
2024218,2024-08-15,2024,8,15,四,4,228,3D,467,"4,6,7",4,6,7,"[4, 6, 7]","[4, 6, 7]",467,3,组六,False,False,17,7,3,7,4,1,2,2,1,1,2,1,2,0,101,EEO,SBB,NNP,1,0,1,129995028,12999.5028,False,https://www.cwl.gov.cn/c/2024/08/15/586143.shtml,,2024217,405,9,5,组六,1,1,9286718,1,1,30,"[4, 0, 5]","[7, 9, 2]",12.8333,5.3,1,7,22,2026-04-12T18:30:37Z,0,11,0,9,0,8,0,8,1,12,0,10,1,9,1,7,0,9,0,7
2024219,2024-08-16,2024,8,16,五,5,229,3D,305,"3,0,5",3,0,5,"[3, 0, 5]","[0, 3, 5]",035,3,组六,False,False,8,8,5,5,0,2,1,1,2,2,1,2,0,1,002,OEO,SSB,PNP,0,0,1,134758722,13475.8722,False,https://www.cwl.gov.cn/c/2024/08/16/586351.shtml,,2024218,467,17,3,组六,1,1,4763694,0,0,30,"[4, 0, 1]","[9, 2, 3]",12.7333,5.2667,1,7,22,2026-04-12T18:30:37Z,1,11,0,9,0,8,1,8,0,13,1,9,0,9,0,8,0,9,0,6
2024220,2024-08-17,2024,8,17,六,6,230,3D,414,"4,1,4",4,1,4,"[4, 1, 4]","[1, 4, 4]",144,2,组三,True,False,9,9,3,4,1,1,2,0,3,0,3,0,3,0,111,EOE,SSS,NNN,0,0,0,132483962,13248.3962,True,https://www.cwl.gov.cn/c/2024/08/17/586356.shtml,https://www.cwl.gov.cn/c/2024/08/17/586359.shtml,2024219,305,8,5,组六,1,1,-2274760,0,0,30,"[4, 0, 1]","[9, 2, 3]",12.7333,5.2667,1,7,22,2026-04-12T18:30:37Z,0,11,1,9,0,8,0,8,2,13,0,9,0,9,0,8,0,9,0,6
2024221,2024-08-18,2024,8,18,日,7,231,3D,103,"1,0,3",1,0,3,"[1, 0, 3]","[0, 1, 3]",013,3,组六,False,False,4,4,3,3,0,2,1,0,3,1,2,2,1,0,100,OEO,SSS,NNP,1,0,1,129645698,12964.5698,False,https://www.cwl.gov.cn/c/2024/08/18/586361.shtml,,2024220,414,9,3,组三,1,1,-2838264,0,1,30,"[4, 0, 1]","[9, 2, 3]",12.8667,5.2333,1,8,21,2026-04-12T18:30:37Z,1,10,1,9,0,8,1,8,0,14,0,9,0,9,0,8,0,9,0,6
2024222,2024-08-19,2024,8,19,一,1,232,3D,564,"5,6,4",5,6,4,"[5, 6, 4]","[4, 5, 6]",456,3,组六,False,False,15,5,2,6,4,1,2,2,1,1,2,1,1,1,201,OEE,BBS,PNN,1,0,0,125671128,12567.1128,False,https://www.cwl.gov.cn/c/2024/08/19/586569.shtml,,2024221,103,4,3,组六,1,1,-3974570,0,0,30,"[4, 0, 1]","[9, 2, 3]",12.5667,5.1333,1,8,21,2026-04-12T18:30:37Z,0,11,0,10,0,7,0,8,1,14,1,9,1,9,0,8,0,8,0,6
2024223,2024-08-20,2024,8,20,二,2,233,3D,773,"7,7,3",7,7,3,"[7, 7, 3]","[3, 7, 7]",377,2,组三,True,False,17,7,4,7,3,3,0,2,1,3,0,1,2,0,110,OOO,BBS,PPP,0,1,0,129463722,12946.3722,False,https://www.cwl.gov.cn/c/2024/08/20/586676.shtml,,2024222,564,15,2,组六,1,1,3792594,0,0,30,"[4, 0, 1]","[9, 2, 7]",12.4333,5.1667,1,7,22,2026-04-12T18:30:37Z,0,11,0,10,0,7,1,8,0,15,0,10,0,8,2,7,0,8,0,6
2024224,2024-08-21,2024,8,21,三,3,234,3D,560,"5,6,0",5,6,0,"[5, 6, 0]","[0, 5, 6]",056,3,组六,False,False,11,1,6,6,0,1,2,2,1,1,2,2,0,1,200,OEE,BBS,PNN,1,0,1,125613358,12561.3358,False,https://www.cwl.gov.cn/c/2024/08/21/586783.shtml,,2024223,773,17,4,组三,1,1,-3850364,0,0,30,"[4, 0, 5]","[9, 2, 6]",12.5,5.0667,1,8,21,2026-04-12T18:30:37Z,1,11,0,9,0,7,0,9,0,15,1,10,1,7,0,9,0,7,0,6
2024225,2024-08-22,2024,8,22,四,4,235,3D,884,"8,8,4",8,8,4,"[8, 8, 4]","[4, 8, 8]",488,2,组三,True,False,20,0,4,8,4,0,3,2,1,0,3,0,1,2,221,EEE,BBS,NNN,0,1,0,127503598,12750.3598,False,https://www.cwl.gov.cn/c/2024/08/22/586890.shtml,,2024224,560,11,6,组六,1,1,1890240,0,0,30,"[4, 0, 5]","[9, 2, 8]",12.5,5.0667,1,8,21,2026-04-12T18:30:37Z,0,12,0,8,0,7,0,8,1,15,0,11,0,8,0,8,2,7,0,6
2024226,2024-08-23,2024,8,23,五,5,236,3D,380,"3,8,0",3,8,0,"[3, 8, 0]","[0, 3, 8]",038,3,组六,False,False,11,1,8,8,0,1,2,1,2,1,2,2,0,1,020,OEE,SBS,PNN,0,0,1,128677518,12867.7518,False,https://www.cwl.gov.cn/c/2024/08/23/587096.shtml,,2024225,884,20,4,组三,1,1,1173920,1,1,30,"[4, 0, 5]","[2, 9, 7]",12.7,5.0333,1,9,20,2026-04-12T18:30:37Z,1,12,0,8,0,6,1,8,0,16,0,10,0,8,0,7,1,9,0,6
2024227,2024-08-24,2024,8,24,六,6,237,3D,312,"3,1,2",3,1,2,"[3, 1, 2]","[1, 2, 3]",123,3,组六,False,False,6,6,2,3,1,2,1,0,3,2,1,1,1,1,012,OOE,SSS,PNP,1,0,0,128491196,12849.1196,True,https://www.cwl.gov.cn/c/2024/08/24/587103.shtml,https://www.cwl.gov.cn/c/2024/08/24/587107.shtml,2024226,380,11,8,组六,1,1,-186322,1,1,30,"[4, 0, 8]","[2, 9, 6]",12.7,5.1,1,9,20,2026-04-12T18:30:37Z,0,12,1,8,1,6,1,9,0,16,0,9,0,7,0,7,0,10,0,6
2024228,2024-08-25,2024,8,25,日,7,238,3D,298,"2,9,8",2,9,8,"[2, 9, 8]","[2, 8, 9]",289,3,组六,False,False,19,9,7,9,2,1,2,2,1,1,2,1,0,2,202,EOE,SBB,PNN,1,0,1,123803176,12380.3176,False,https://www.cwl.gov.cn/c/2024/08/25/587109.shtml,,2024227,312,6,2,组六,1,1,-4688020,0,1,30,"[4, 0, 3]","[2, 9, 6]",12.6333,5.1,1,8,21,2026-04-12T18:30:37Z,0,12,0,9,1,5,0,10,0,15,0,9,0,7,0,7,1,10,1,6
2024229,2024-08-26,2024,8,26,一,1,239,3D,911,"9,1,1",9,1,1,"[9, 1, 1]","[1, 1, 9]",119,2,组三,True,False,11,1,8,9,1,3,0,1,2,0,3,1,2,0,011,OOO,BSS,NNN,0,1,0,124179614,12417.9614,False,https://www.cwl.gov.cn/c/2024/08/26/587216.shtml,,2024228,298,19,7,组六,1,1,376438,0,1,30,"[4, 0, 8]","[2, 7, 6]",13.0,5.1,1,8,21,2026-04-12T18:30:37Z,0,11,2,8,0,6,0,10,0,15,0,9,0,7,0,6,0,11,1,7
2024230,2024-08-27,2024,8,27,二,2,240,3D,497,"4,9,7",4,9,7,"[4, 9, 7]","[4, 7, 9]",479,3,组六,False,False,20,0,5,9,4,2,1,2,1,1,2,1,2,0,101,EOO,SBB,NNP,0,0,1,119498472,11949.8472,False,https://www.cwl.gov.cn/c/2024/08/27/587323.shtml,,2024229,911,11,8,组三,1,1,-4681142,0,1,30,"[4, 0, 8]","[7, 2, 6]",12.9667,5.1667,1,9,20,2026-04-12T18:30:37Z,0,11,0,9,0,6,0,10,1,14,0,9,0,7,1,5,0,11,1,8
2024231,2024-08-28,2024,8,28,三,3,241,3D,938,"9,3,8",9,3,8,"[9, 3, 8]","[3, 8, 9]",389,3,组六,False,False,20,0,6,9,3,2,1,2,1,1,2,2,0,1,002,OOE,BSB,NPN,0,0,1,121373092,12137.3092,False,https://www.cwl.gov.cn/c/2024/08/28/587430.shtml,,2024230,497,20,5,组六,1,1,1874620,0,1,30,"[4, 8, 0]","[2, 7, 6]",13.2333,5.0333,1,9,20,2026-04-12T18:30:37Z,0,10,0,9,0,6,1,9,0,15,0,9,0,7,0,6,1,11,1,8
2024232,2024-08-29,2024,8,29,四,4,242,3D,012,"0,1,2",0,1,2,"[0, 1, 2]","[0, 1, 2]",012,3,组六,False,False,3,3,2,2,0,1,2,0,3,1,2,1,1,1,012,EOE,SSS,NNP,2,0,0,123373684,12337.3684,False,https://www.cwl.gov.cn/c/2024/08/29/587637.shtml,,2024231,938,20,6,组六,1,1,2000592,0,0,30,"[4, 8, 0]","[2, 7, 6]",13.4,5.0667,1,9,20,2026-04-12T18:30:37Z,1,10,1,9,1,6,0,9,0,14,0,9,0,7,0,6,0,11,0,9
2024233,2024-08-30,2024,8,30,五,5,243,3D,397,"3,9,7",3,9,7,"[3, 9, 7]","[3, 7, 9]",379,3,组六,False,False,19,9,6,9,3,3,0,2,1,2,1,2,1,0,001,OOO,SBB,PNP,0,0,1,120921172,12092.1172,False,https://www.cwl.gov.cn/c/2024/08/30/587744.shtml,,2024232,012,3,2,组六,1,1,-2452512,0,0,30,"[4, 0, 8]","[2, 7, 5]",13.1,5.0333,1,8,21,2026-04-12T18:30:37Z,0,11,0,10,0,6,1,9,0,14,0,7,0,7,1,6,0,11,1,9
2024234,2024-08-31,2024,8,31,六,6,244,3D,715,"7,1,5",7,1,5,"[7, 1, 5]","[1, 5, 7]",157,3,组六,False,False,13,3,6,7,1,3,0,2,1,2,1,0,2,1,112,OOO,BSB,PNP,0,0,1,121618078,12161.8078,True,https://www.cwl.gov.cn/c/2024/08/31/587750.shtml,https://www.cwl.gov.cn/c/2024/08/31/587753.shtml,2024233,397,19,6,组六,1,1,696906,0,1,30,"[4, 0, 8]","[2, 7, 5]",13.4,5.0333,1,8,21,2026-04-12T18:30:37Z,0,11,1,9,0,5,0,10,0,14,1,7,0,7,1,6,0,11,0,10
2024235,2024-09-01,2024,9,1,日,7,245,3D,492,"4,9,2",4,9,2,"[4, 9, 2]","[2, 4, 9]",249,3,组六,False,False,15,5,7,9,2,1,2,1,2,1,2,1,1,1,102,EOE,SBS,NNP,0,0,1,112628526,11262.8526,False,https://www.cwl.gov.cn/c/2024/09/01/587756.shtml,,2024234,715,13,6,组六,1,1,-8989552,0,0,30,"[4, 8, 0]","[2, 6, 7]",13.4333,4.9333,1,8,21,2026-04-12T18:30:37Z,0,10,0,10,1,5,0,9,1,14,0,8,0,7,0,7,0,11,1,9
2024236,2024-09-02,2024,9,2,一,1,246,3D,512,"5,1,2",5,1,2,"[5, 1, 2]","[1, 2, 5]",125,3,组六,False,False,8,8,4,5,1,2,1,1,2,2,1,0,1,2,212,OOE,BSS,PNP,1,0,1,117507546,11750.7546,False,https://www.cwl.gov.cn/c/2024/09/02/587963.shtml,,2024235,492,15,7,组六,1,1,4879020,1,1,30,"[4, 8, 0]","[2, 6, 5]",13.5333,5.0,1,8,21,2026-04-12T18:30:37Z,0,10,1,9,1,6,0,9,0,15,1,7,0,6,0,7,0,11,0,10
2024237,2024-09-03,2024,9,3,二,2,247,3D,274,"2,7,4",2,7,4,"[2, 7, 4]","[2, 4, 7]",247,3,组六,False,False,13,3,5,7,2,1,2,1,2,2,1,0,2,1,211,EOE,SBS,PPN,0,0,1,117535390,11753.539,False,https://www.cwl.gov.cn/c/2024/09/03/588070.shtml,,2024236,512,8,4,组六,1,1,27844,0,1,30,"[4, 0, 9]","[6, 2, 7]",13.2333,4.9,1,7,22,2026-04-12T18:30:37Z,0,10,0,9,1,7,0,9,1,15,0,8,0,6,1,7,0,9,0,10
2024238,2024-09-04,2024,9,4,三,3,248,3D,469,"4,6,9",4,6,9,"[4, 6, 9]","[4, 6, 9]",469,3,组六,False,False,19,9,5,9,4,1,2,2,1,0,3,2,1,0,100,EEO,SBB,NNN,0,0,1,117908176,11790.8176,False,https://www.cwl.gov.cn/c/2024/09/04/588177.shtml,,2024237,274,13,5,组六,1,1,372786,0,1,30,"[4, 0, 1]","[6, 2, 5]",13.0333,4.8333,1,7,22,2026-04-12T18:30:37Z,0,10,0,9,0,7,0,9,1,16,0,8,1,6,0,8,0,8,1,9
2024239,2024-09-05,2024,9,5,四,4,249,3D,524,"5,2,4",5,2,4,"[5, 2, 4]","[2, 4, 5]",245,3,组六,False,False,11,1,3,5,2,1,2,1,2,2,1,0,1,2,221,OEE,BSS,PPN,0,0,1,118588926,11858.8926,False,https://www.cwl.gov.cn/c/2024/09/05/588284.shtml,,2024238,469,19,5,组六,1,1,680750,0,1,30,"[4, 0, 9]","[2, 6, 8]",13.3,4.7667,1,7,22,2026-04-12T18:30:37Z,0,10,0,8,1,6,0,9,1,17,1,8,0,7,0,8,0,7,0,10
2024240,2024-09-06,2024,9,6,五,5,250,3D,065,"0,6,5",0,6,5,"[0, 6, 5]","[0, 5, 6]",056,3,组六,False,False,11,1,6,6,0,1,2,2,1,1,2,2,0,1,002,EEO,SBB,NNP,1,0,1,119755724,11975.5724,False,https://www.cwl.gov.cn/c/2024/09/06/588391.shtml,,2024239,524,11,3,组六,1,1,1166798,0,1,30,"[4, 0, 9]","[6, 2, 7]",13.0333,4.8333,1,6,23,2026-04-12T18:30:37Z,1,10,0,8,0,7,0,9,0,18,1,9,1,5,0,7,0,7,0,10
2024241,2024-09-07,2024,9,7,六,6,251,3D,470,"4,7,0",4,7,0,"[4, 7, 0]","[0, 4, 7]",047,3,组六,False,False,11,1,7,7,0,1,2,1,2,1,2,1,2,0,110,EOE,SBS,NPN,0,0,1,116443672,11644.3672,True,https://www.cwl.gov.cn/c/2024/09/07/588397.shtml,https://www.cwl.gov.cn/c/2024/09/07/588400.shtml,2024240,065,11,6,组六,1,1,-3312052,0,1,30,"[4, 0, 5]","[6, 2, 7]",12.8333,4.8667,1,5,24,2026-04-12T18:30:37Z,1,11,0,8,0,7,0,9,1,16,0,10,0,6,1,7,0,7,0,9
2024242,2024-09-08,2024,9,8,日,7,252,3D,623,"6,2,3",6,2,3,"[6, 2, 3]","[2, 3, 6]",236,3,组六,False,False,11,1,4,6,2,1,2,1,2,2,1,2,0,1,020,EEO,BSS,NPP,1,0,1,120404462,12040.4462,False,https://www.cwl.gov.cn/c/2024/09/08/588403.shtml,,2024241,470,11,7,组六,1,1,3960790,0,0,30,"[4, 0, 3]","[6, 2, 8]",12.9,4.9333,1,5,24,2026-04-12T18:30:37Z,0,11,0,8,1,7,1,9,0,16,0,9,1,6,0,8,0,7,0,9
2024243,2024-09-09,2024,9,9,一,1,253,3D,955,"9,5,5",9,5,5,"[9, 5, 5]","[5, 5, 9]",559,2,组三,True,False,19,9,4,9,5,3,0,3,0,2,1,1,0,2,022,OOO,BBB,NPP,0,1,0,123571192,12357.1192,False,https://www.cwl.gov.cn/c/2024/09/09/588509.shtml,,2024242,623,11,4,组六,1,1,3166730,0,0,30,"[4, 0, 3]","[8, 6, 1]",12.7,4.7667,1,5,24,2026-04-12T18:30:37Z,0,10,0,8,0,8,0,10,0,16,2,9,0,7,0,8,0,6,1,8
2024244,2024-09-10,2024,9,10,二,2,254,3D,863,"8,6,3",8,6,3,"[8, 6, 3]","[3, 6, 8]",368,3,组六,False,False,17,7,5,8,3,1,2,2,1,1,2,2,0,1,200,EEO,BBS,NNP,0,0,1,113757424,11375.7424,False,https://www.cwl.gov.cn/c/2024/09/10/588617.shtml,,2024243,955,19,4,组三,1,1,-9813768,0,0,30,"[4, 5, 3]","[8, 6, 0]",13.0333,4.6,1,5,24,2026-04-12T18:30:37Z,0,8,0,8,0,8,1,10,0,16,0,11,1,7,0,8,1,6,0,8
2024245,2024-09-11,2024,9,11,三,3,255,3D,741,"7,4,1",7,4,1,"[7, 4, 1]","[1, 4, 7]",147,3,组六,False,False,12,2,6,7,1,2,1,1,2,1,2,0,3,0,111,OEO,BSS,PNN,0,0,0,119785954,11978.5954,False,https://www.cwl.gov.cn/c/2024/09/11/588724.shtml,,2024244,863,17,5,组六,1,1,6028530,0,0,30,"[4, 3, 5]","[6, 8, 0]",13.1333,4.6667,1,5,24,2026-04-12T18:30:37Z,0,8,1,8,0,8,0,10,1,16,0,10,0,7,1,8,0,7,0,8
2024246,2024-09-12,2024,9,12,四,4,256,3D,710,"7,1,0",7,1,0,"[7, 1, 0]","[0, 1, 7]",017,3,组六,False,False,8,8,7,7,0,2,1,1,2,1,2,1,2,0,110,OOE,BSS,PNN,1,0,1,120822672,12082.2672,False,https://www.cwl.gov.cn/c/2024/09/12/588832.shtml,,2024245,741,12,6,组六,1,1,1036718,1,2,30,"[4, 5, 1]","[8, 6, 0]",13.0333,4.7,1,5,24,2026-04-12T18:30:37Z,1,8,1,9,0,8,0,9,0,16,0,10,0,7,1,9,0,6,0,8
2024247,2024-09-13,2024,9,13,五,5,257,3D,783,"7,8,3",7,8,3,"[7, 8, 3]","[3, 7, 8]",378,3,组六,False,False,18,8,5,8,3,2,1,2,1,2,1,1,1,1,120,OEO,BBS,PNP,1,0,1,117894920,11789.492,False,https://www.cwl.gov.cn/c/2024/09/13/588939.shtml,,2024246,710,8,7,组六,1,1,-2927752,1,1,30,"[4, 1, 5]","[8, 6, 2]",12.9,4.9333,0,5,25,2026-04-12T18:30:37Z,0,9,0,10,0,8,1,9,0,13,0,10,0,7,1,10,1,6,0,8
2024248,2024-09-14,2024,9,14,六,6,258,3D,861,"8,6,1",8,6,1,"[8, 6, 1]","[1, 6, 8]",168,3,组六,False,False,15,5,7,8,1,1,2,2,1,0,3,1,1,1,201,EEO,BBS,NNN,0,0,1,116913968,11691.3968,True,https://www.cwl.gov.cn/c/2024/09/14/589045.shtml,https://www.cwl.gov.cn/c/2024/09/14/589048.shtml,2024247,783,18,5,组六,1,1,-980952,0,1,30,"[4, 7, 1]","[6, 8, 0]",13.2,4.9333,0,5,25,2026-04-12T18:30:37Z,0,8,1,10,0,8,0,10,0,12,0,9,1,7,0,11,1,7,0,8
2024249,2024-09-15,2024,9,15,日,7,259,3D,449,"4,4,9",4,4,9,"[4, 4, 9]","[4, 4, 9]",449,2,组三,True,False,17,7,5,9,4,1,2,1,2,0,3,1,2,0,110,EEO,SSB,NNN,0,1,0,116934164,11693.4164,False,https://www.cwl.gov.cn/c/2024/09/15/589051.shtml,,2024248,861,15,7,组六,1,1,20196,0,0,30,"[1, 4, 3]","[6, 0, 2]",13.1333,5.0667,0,5,25,2026-04-12T18:30:37Z,0,8,0,11,0,8,0,10,2,11,0,9,0,7,0,10,0,8,1,8
2024250,2024-09-16,2024,9,16,一,1,260,3D,253,"2,5,3",2,5,3,"[2, 5, 3]","[2, 3, 5]",235,3,组六,False,False,10,0,3,5,2,2,1,1,2,3,0,1,0,2,220,EOO,SBS,PPP,0,0,1,111562426,11156.2426,False,https://www.cwl.gov.cn/c/2024/09/16/589058.shtml,,2024249,449,17,5,组三,1,1,-5371738,0,0,30,"[4, 1, 7]","[0, 6, 2]",13.4333,5.0667,0,6,24,2026-04-12T18:30:37Z,0,7,0,11,1,8,1,9,0,13,1,8,0,7,0,10,0,8,0,9
2024251,2024-09-17,2024,9,17,二,2,261,3D,156,"1,5,6",1,5,6,"[1, 5, 6]","[1, 5, 6]",156,3,组六,False,False,12,2,5,6,1,2,1,2,1,1,2,1,1,1,120,OOE,SBB,NPN,1,0,1,112561554,11256.1554,False,https://www.cwl.gov.cn/c/2024/09/17/589065.shtml,,2024250,253,10,3,组六,1,1,999128,1,1,30,"[4, 1, 3]","[0, 6, 8]",13.4667,5.0667,0,5,25,2026-04-12T18:30:37Z,0,7,1,10,0,9,0,10,0,11,1,9,1,7,0,10,0,8,0,9
2024252,2024-09-18,2024,9,18,三,3,262,3D,086,"0,8,6",0,8,6,"[0, 8, 6]","[0, 6, 8]",068,3,组六,False,False,14,4,8,8,0,0,3,2,1,0,3,2,0,1,020,EEE,SBB,NNN,0,0,1,117739156,11773.9156,False,https://www.cwl.gov.cn/c/2024/09/18/589272.shtml,,2024251,156,12,5,组六,1,1,5177602,1,1,30,"[4, 1, 5]","[0, 6, 8]",13.7333,5.1333,0,5,25,2026-04-12T18:30:37Z,1,6,0,10,0,9,0,9,0,11,0,10,1,8,0,10,1,8,0,9
2024253,2024-09-19,2024,9,19,四,4,263,3D,274,"2,7,4",2,7,4,"[2, 7, 4]","[2, 4, 7]",247,3,组六,False,False,13,3,5,7,2,1,2,1,2,2,1,0,2,1,211,EOE,SBS,PPN,0,0,1,119124932,11912.4932,False,https://www.cwl.gov.cn/c/2024/09/19/589379.shtml,,2024252,086,14,8,组六,1,1,1385776,0,0,30,"[1, 4, 7]","[0, 6, 2]",13.7,5.3333,0,5,25,2026-04-12T18:30:37Z,0,7,0,10,1,9,0,9,1,10,0,9,0,8,1,10,0,9,0,9
2024254,2024-09-20,2024,9,20,五,5,264,3D,409,"4,0,9",4,0,9,"[4, 0, 9]","[0, 4, 9]",049,3,组六,False,False,13,3,9,9,0,1,2,1,2,0,3,2,1,0,100,EEO,SSB,NNN,0,0,1,122015650,12201.565,False,https://www.cwl.gov.cn/c/2024/09/20/589485.shtml,,2024253,274,13,5,组六,1,1,2890718,0,1,30,"[4, 1, 2]","[0, 3, 6]",13.5667,5.3667,0,4,26,2026-04-12T18:30:37Z,1,7,0,10,0,10,0,8,1,11,0,9,0,8,0,9,0,9,1,9
2024255,2024-09-21,2024,9,21,六,6,265,3D,096,"0,9,6",0,9,6,"[0, 9, 6]","[0, 6, 9]",069,3,组六,False,False,15,5,9,9,0,1,2,2,1,0,3,3,0,0,000,EOE,SBB,NNN,0,0,1,120837918,12083.7918,True,https://www.cwl.gov.cn/c/2024/09/21/589492.shtml,https://www.cwl.gov.cn/c/2024/09/21/589495.shtml,2024254,409,13,9,组六,1,1,-1177732,0,2,30,"[4, 1, 2]","[0, 6, 3]",13.6333,5.4667,0,4,26,2026-04-12T18:30:37Z,1,7,0,10,0,10,0,8,0,12,0,8,1,7,0,9,0,9,1,10
2024256,2024-09-22,2024,9,22,日,7,266,3D,749,"7,4,9",7,4,9,"[7, 4, 9]","[4, 7, 9]",479,3,组六,False,False,20,0,5,9,4,2,1,2,1,1,2,1,2,0,110,OEO,BSB,PNN,0,0,1,120041890,12004.189,False,https://www.cwl.gov.cn/c/2024/09/22/589498.shtml,,2024255,096,15,9,组六,1,1,-796028,0,1,30,"[4, 9, 1]","[8, 0, 3]",13.4667,5.6333,0,3,27,2026-04-12T18:30:37Z,0,8,0,10,0,10,0,8,1,11,0,8,0,8,1,9,0,7,1,11
2024257,2024-09-23,2024,9,23,一,1,267,3D,199,"1,9,9",1,9,9,"[1, 9, 9]","[1, 9, 9]",199,2,组三,True,False,19,9,8,9,1,3,0,2,1,0,3,2,1,0,100,OOO,SBB,NNN,0,1,0,121630314,12163.0314,False,https://www.cwl.gov.cn/c/2024/09/23/589605.shtml,,2024256,749,20,5,组六,1,1,1588424,1,1,30,"[4, 9, 1]","[8, 0, 3]",13.7667,5.5333,0,3,27,2026-04-12T18:30:37Z,0,7,1,10,0,10,0,7,0,12,0,8,0,8,0,10,0,6,2,12
2024258,2024-09-24,2024,9,24,二,2,268,3D,077,"0,7,7",0,7,7,"[0, 7, 7]","[0, 7, 7]",077,2,组三,True,False,14,4,7,7,0,2,1,2,1,2,1,1,2,0,011,EOO,SBB,NPP,0,1,0,118026822,11802.6822,False,https://www.cwl.gov.cn/c/2024/09/24/589712.shtml,,2024257,199,19,8,组三,1,1,-3603492,0,0,30,"[9, 4, 1]","[3, 8, 0]",14.2,5.7333,0,4,26,2026-04-12T18:30:37Z,1,7,0,10,0,9,0,6,0,12,0,8,0,8,2,10,0,6,0,14
2024259,2024-09-25,2024,9,25,三,3,269,3D,249,"2,4,9",2,4,9,"[2, 4, 9]","[2, 4, 9]",249,3,组六,False,False,15,5,7,9,2,1,2,1,2,1,2,1,1,1,210,EEO,SSB,PNN,0,0,1,116022768,11602.2768,False,https://www.cwl.gov.cn/c/2024/09/25/589819.shtml,,2024258,077,14,7,组三,1,1,-2004054,0,0,30,"[9, 4, 7]","[8, 3, 0]",14.0333,5.7333,0,5,25,2026-04-12T18:30:37Z,0,8,0,10,1,8,0,6,1,12,0,8,0,8,0,12,0,5,1,13
2024260,2024-09-26,2024,9,26,四,4,270,3D,926,"9,2,6",9,2,6,"[9, 2, 6]","[2, 6, 9]",269,3,组六,False,False,17,7,7,9,2,1,2,2,1,1,2,2,0,1,020,OEE,BSB,NPN,0,0,1,122993294,12299.3294,False,https://www.cwl.gov.cn/c/2024/09/26/589926.shtml,,2024259,249,15,7,组六,1,1,6970526,0,2,30,"[4, 9, 7]","[8, 3, 0]",14.1667,5.7,0,4,26,2026-04-12T18:30:37Z,0,8,0,8,1,9,0,6,0,13,0,8,1,8,0,12,0,5,1,13
2024261,2024-09-27,2024,9,27,五,5,271,3D,766,"7,6,6",7,6,6,"[7, 6, 6]","[6, 6, 7]",667,2,组三,True,False,19,9,1,7,6,1,2,3,0,1,2,2,1,0,100,OEE,BBB,PNN,1,1,0,126180718,12618.0718,False,https://www.cwl.gov.cn/c/2024/09/27/590134.shtml,,2024260,926,17,7,组六,1,1,3187424,1,1,30,"[9, 4, 7]","[8, 3, 0]",14.0667,5.7667,0,4,26,2026-04-12T18:30:37Z,0,8,0,8,0,10,0,6,0,12,0,8,2,9,1,11,0,5,0,13
2024262,2024-09-28,2024,9,28,六,6,272,3D,465,"4,6,5",4,6,5,"[4, 6, 5]","[4, 5, 6]",456,3,组六,False,False,15,5,2,6,4,1,2,2,1,1,2,1,1,1,102,EEO,SBB,NNP,1,0,0,119286078,11928.6078,True,https://www.cwl.gov.cn/c/2024/09/28/590140.shtml,https://www.cwl.gov.cn/c/2024/09/28/590143.shtml,2024261,766,19,1,组三,1,1,-6894640,1,1,30,"[4, 7, 9]","[8, 3, 0]",14.0333,5.6,0,5,25,2026-04-12T18:30:37Z,0,8,0,8,0,10,0,5,1,12,1,8,1,11,0,12,0,4,0,12
2024263,2024-09-29,2024,9,29,日,7,273,3D,292,"2,9,2",2,9,2,"[2, 9, 2]","[2, 2, 9]",229,2,组三,True,False,13,3,7,9,2,1,2,1,2,2,1,1,0,2,202,EOE,SBS,PNP,0,0,0,120610058,12061.0058,False,https://www.cwl.gov.cn/c/2024/09/29/590246.shtml,,2024262,465,15,2,组六,1,1,1323980,0,0,30,"[4, 6, 7]","[8, 3, 0]",14.4333,5.6,0,5,25,2026-04-12T18:30:37Z,0,7,0,7,2,9,0,5,0,13,0,9,0,12,0,12,0,4,1,12
2024264,2024-09-30,2024,9,30,一,1,274,3D,710,"7,1,0",7,1,0,"[7, 1, 0]","[0, 1, 7]",017,3,组六,False,False,8,8,7,7,0,2,1,1,2,1,2,1,2,0,110,OOE,BSS,PNN,1,0,1,121034158,12103.4158,False,https://www.cwl.gov.cn/c/2024/09/30/590453.shtml,,2024263,292,13,7,组三,1,1,424100,0,0,30,"[4, 6, 9]","[3, 8, 0]",14.2333,5.6333,0,6,24,2026-04-12T18:30:37Z,1,7,1,7,0,11,0,4,0,13,0,9,0,12,1,11,0,4,0,12
2024265,2024-10-05,2024,10,5,六,6,279,3D,245,"2,4,5",2,4,5,"[2, 4, 5]","[2, 4, 5]",245,3,组六,False,False,11,1,3,5,2,1,2,1,2,2,1,0,1,2,212,EEO,SSB,PNP,1,0,1,105464578,10546.4578,True,https://www.cwl.gov.cn/c/2024/10/05/590559.shtml,https://www.cwl.gov.cn/c/2024/10/05/590562.shtml,2024264,710,8,7,组六,1,5,-15569580,0,0,30,"[4, 6, 9]","[3, 8, 1]",14.0667,5.6667,0,6,24,2026-04-12T18:30:37Z,0,8,0,7,1,11,0,4,1,13,1,8,0,12,0,11,0,4,0,12
2024266,2024-10-06,2024,10,6,日,7,280,3D,390,"3,9,0",3,9,0,"[3, 9, 0]","[0, 3, 9]",039,3,组六,False,False,12,2,9,9,0,2,1,1,2,1,2,3,0,0,000,OOE,SBS,PNN,0,0,1,107653660,10765.366,False,https://www.cwl.gov.cn/c/2024/10/06/590565.shtml,,2024265,245,11,3,组六,1,1,2189082,0,0,30,"[4, 6, 2]","[3, 8, 1]",13.9333,5.5333,0,6,24,2026-04-12T18:30:37Z,1,8,0,7,0,11,1,4,0,13,0,9,0,12,0,11,0,4,1,11
2024267,2024-10-07,2024,10,7,一,1,281,3D,227,"2,2,7",2,2,7,"[2, 2, 7]","[2, 2, 7]",227,2,组三,True,False,11,1,5,7,2,1,2,1,2,3,0,0,1,2,221,EEO,SSB,PPP,0,1,0,112639654,11263.9654,False,https://www.cwl.gov.cn/c/2024/10/07/590572.shtml,,2024266,390,12,9,组六,1,1,4985994,0,0,30,"[4, 6, 9]","[8, 3, 1]",14.0667,5.7,0,6,24,2026-04-12T18:30:37Z,0,9,0,6,2,10,0,5,0,13,0,8,0,12,1,11,0,4,0,12
2024268,2024-10-08,2024,10,8,二,2,282,3D,931,"9,3,1",9,3,1,"[9, 3, 1]","[1, 3, 9]",139,3,组六,False,False,13,3,8,9,1,3,0,1,2,1,2,2,1,0,001,OOO,BSS,NPN,0,0,1,117891030,11789.103,False,https://www.cwl.gov.cn/c/2024/10/08/590679.shtml,,2024267,227,11,5,组三,1,1,5251376,0,0,30,"[4, 6, 9]","[8, 3, 1]",14.0,5.7,0,7,23,2026-04-12T18:30:37Z,0,9,1,6,0,11,1,5,0,12,0,8,0,12,0,11,0,4,1,12
2024269,2024-10-09,2024,10,9,三,3,283,3D,388,"3,8,8",3,8,8,"[3, 8, 8]","[3, 8, 8]",388,2,组三,True,False,19,9,5,8,3,1,2,2,1,1,2,1,0,2,022,OEE,SBB,PNN,0,1,0,120424750,12042.475,False,https://www.cwl.gov.cn/c/2024/10/09/590786.shtml,,2024268,931,13,8,组六,1,1,2533720,0,1,30,"[9, 2, 4]","[8, 3, 1]",13.8,5.8,0,7,23,2026-04-12T18:30:37Z,0,9,0,7,0,11,1,6,0,11,0,8,0,11,0,11,2,4,0,12
2024270,2024-10-10,2024,10,10,四,4,284,3D,699,"6,9,9",6,9,9,"[6, 9, 9]","[6, 9, 9]",699,2,组三,True,False,24,4,3,9,6,2,1,3,0,0,3,3,0,0,000,EOO,BBB,NNN,0,1,0,116549922,11654.9922,False,https://www.cwl.gov.cn/c/2024/10/10/590893.shtml,,2024269,388,19,5,组三,1,1,-3874828,0,0,30,"[9, 6, 7]","[8, 1, 3]",14.0667,5.8667,0,8,22,2026-04-12T18:30:37Z,0,9,0,7,0,10,0,7,0,10,0,7,1,11,0,11,0,6,2,12
2024271,2024-10-11,2024,10,11,五,5,285,3D,795,"7,9,5",7,9,5,"[7, 9, 5]","[5, 7, 9]",579,3,组六,False,False,21,1,4,9,5,3,0,3,0,2,1,1,1,1,102,OOO,BBB,PNP,0,0,0,115448992,11544.8992,False,https://www.cwl.gov.cn/c/2024/10/11/591000.shtml,,2024270,699,24,3,组三,1,1,-1100930,1,1,30,"[9, 6, 7]","[5, 8, 1]",14.5,5.7667,0,9,21,2026-04-12T18:30:37Z,0,8,0,7,0,10,0,7,0,10,1,6,0,11,1,11,0,6,1,14
2024272,2024-10-12,2024,10,12,六,6,286,3D,275,"2,7,5",2,7,5,"[2, 7, 5]","[2, 5, 7]",257,3,组六,False,False,14,4,5,7,2,2,1,2,1,3,0,0,1,2,212,EOO,SBB,PPP,0,0,1,115696956,11569.6956,True,https://www.cwl.gov.cn/c/2024/10/12/591106.shtml,https://www.cwl.gov.cn/c/2024/10/12/591109.shtml,2024271,795,21,4,组六,1,1,247964,1,2,30,"[9, 6, 7]","[8, 0, 1]",14.8333,5.6667,0,9,21,2026-04-12T18:30:37Z,0,7,0,7,1,10,0,7,0,9,1,7,0,11,1,11,0,6,0,15
2024273,2024-10-13,2024,10,13,日,7,287,3D,833,"8,3,3",8,3,3,"[8, 3, 3]","[3, 3, 8]",338,2,组三,True,False,14,4,5,8,3,2,1,1,2,2,1,2,0,1,200,EOO,BSS,NPP,0,1,0,115136280,11513.628,False,https://www.cwl.gov.cn/c/2024/10/13/591212.shtml,,2024272,275,14,5,组六,1,1,-560676,0,0,30,"[9, 7, 2]","[3, 8, 0]",14.9333,5.7,0,9,21,2026-04-12T18:30:37Z,0,7,0,7,0,10,2,6,0,9,0,8,0,10,0,12,1,6,0,15
2024274,2024-10-14,2024,10,14,一,1,288,3D,172,"1,7,2",1,7,2,"[1, 7, 2]","[1, 2, 7]",127,3,组六,False,False,10,0,6,7,1,2,1,1,2,2,1,0,2,1,112,OOE,SBS,NPP,0,0,1,114137160,11413.716,False,https://www.cwl.gov.cn/c/2024/10/14/591319.shtml,,2024273,833,14,5,组三,1,1,-999120,0,0,30,"[9, 7, 2]","[5, 0, 1]",14.7667,5.7333,0,9,21,2026-04-12T18:30:37Z,0,7,1,7,1,10,0,8,0,9,0,6,0,10,1,12,0,7,0,14
2024275,2024-10-15,2024,10,15,二,2,289,3D,827,"8,2,7",8,2,7,"[8, 2, 7]","[2, 7, 8]",278,3,组六,False,False,17,7,6,8,2,1,2,2,1,2,1,0,1,2,221,EEO,BSB,NPP,0,0,1,115206232,11520.6232,False,https://www.cwl.gov.cn/c/2024/10/15/591426.shtml,,2024274,172,10,6,组六,1,1,1069072,0,2,30,"[9, 7, 2]","[5, 8, 0]",14.5333,5.7667,0,9,21,2026-04-12T18:30:37Z,0,7,0,8,1,11,0,7,0,9,0,6,0,9,1,13,1,6,0,14
2024276,2024-10-16,2024,10,16,三,3,290,3D,086,"0,8,6",0,8,6,"[0, 8, 6]","[0, 6, 8]",068,3,组六,False,False,14,4,8,8,0,0,3,2,1,0,3,2,0,1,020,EEE,SBB,NNN,0,0,1,116956916,11695.6916,False,https://www.cwl.gov.cn/c/2024/10/16/591533.shtml,,2024275,827,17,6,组六,1,1,1750684,0,1,30,"[9, 7, 2]","[5, 0, 1]",14.7,5.7667,0,9,21,2026-04-12T18:30:37Z,1,7,0,7,0,12,0,7,0,8,0,6,1,9,0,13,1,7,0,14
2024277,2024-10-17,2024,10,17,四,4,291,3D,684,"6,8,4",6,8,4,"[6, 8, 4]","[4, 6, 8]",468,3,组六,False,False,18,8,4,8,4,0,3,2,1,0,3,1,1,1,021,EEE,BBS,NNN,0,0,0,118857726,11885.7726,False,https://www.cwl.gov.cn/c/2024/10/17/591639.shtml,,2024276,086,14,8,组六,1,1,1900810,1,2,30,"[9, 2, 7]","[1, 5, 0]",14.9,5.8,0,9,21,2026-04-12T18:30:37Z,0,7,0,6,0,12,0,7,1,8,0,6,1,10,0,12,1,8,0,14
2024278,2024-10-18,2024,10,18,五,5,292,3D,221,"2,2,1",2,2,1,"[2, 2, 1]","[1, 2, 2]",122,2,组三,True,False,5,5,1,2,1,1,2,0,3,2,1,0,1,2,221,EEO,SSS,PPN,1,1,0,118003178,11800.3178,False,https://www.cwl.gov.cn/c/2024/10/18/591746.shtml,,2024277,684,18,4,组六,1,1,-854548,0,0,30,"[9, 2, 6]","[1, 3, 5]",14.9,5.7667,0,9,21,2026-04-12T18:30:37Z,0,7,1,6,2,12,0,6,0,9,0,6,0,11,0,11,0,8,0,14
2024279,2024-10-19,2024,10,19,六,6,293,3D,060,"0,6,0",0,6,0,"[0, 6, 0]","[0, 0, 6]",006,2,组三,True,False,6,6,6,6,0,0,3,1,2,0,3,3,0,0,000,EEE,SBS,NNN,0,0,0,108511772,10851.1772,True,https://www.cwl.gov.cn/c/2024/10/19/591753.shtml,https://www.cwl.gov.cn/c/2024/10/19/591756.shtml,2024278,221,5,1,组三,1,1,-9491406,0,0,30,"[2, 9, 7]","[1, 3, 5]",14.5667,5.5667,0,10,20,2026-04-12T18:30:37Z,2,7,0,6,0,14,0,6,0,9,0,6,1,10,0,11,0,7,0,14
2024280,2024-10-20,2024,10,20,日,7,294,3D,248,"2,4,8",2,4,8,"[2, 4, 8]","[2, 4, 8]",248,3,组六,False,False,14,4,6,8,2,0,3,1,2,1,2,0,1,2,212,EEE,SSB,PNN,0,0,1,107120094,10712.0094,False,https://www.cwl.gov.cn/c/2024/10/20/591759.shtml,,2024279,060,6,6,组三,1,1,-1391678,0,0,30,"[2, 9, 6]","[1, 3, 5]",14.2,5.6,0,10,20,2026-04-12T18:30:37Z,0,9,0,6,1,14,0,6,1,7,0,6,0,11,0,11,1,7,0,13
2024281,2024-10-21,2024,10,21,一,1,295,3D,900,"9,0,0",9,0,0,"[9, 0, 0]","[0, 0, 9]",009,2,组三,True,False,9,9,9,9,0,1,2,1,2,0,3,3,0,0,000,OEE,BSS,NNN,0,1,0,113029256,11302.9256,False,https://www.cwl.gov.cn/c/2024/10/21/591866.shtml,,2024280,248,14,6,组六,1,1,5909162,0,0,30,"[2, 9, 6]","[3, 5, 1]",14.3333,5.7,0,10,20,2026-04-12T18:30:37Z,2,9,0,6,0,14,0,5,0,8,0,5,0,11,0,11,0,8,1,13
2024282,2024-10-22,2024,10,22,二,2,296,3D,983,"9,8,3",9,8,3,"[9, 8, 3]","[3, 8, 9]",389,3,组六,False,False,20,0,6,9,3,2,1,2,1,1,2,2,0,1,020,OEO,BBS,NNP,1,0,1,110059408,11005.9408,False,https://www.cwl.gov.cn/c/2024/10/22/591973.shtml,,2024281,900,9,9,组三,1,1,-2969848,1,1,30,"[2, 9, 0]","[5, 1, 3]",14.2333,5.8333,0,11,19,2026-04-12T18:30:37Z,0,11,0,5,0,14,1,5,0,8,0,4,0,10,0,11,1,8,1,14
2024283,2024-10-23,2024,10,23,三,3,297,3D,419,"4,1,9",4,1,9,"[4, 1, 9]","[1, 4, 9]",149,3,组六,False,False,14,4,8,9,1,2,1,1,2,0,3,1,2,0,110,EOO,SSB,NNN,0,0,1,110328076,11032.8076,False,https://www.cwl.gov.cn/c/2024/10/23/592180.shtml,,2024282,983,20,6,组六,1,1,268668,0,1,30,"[9, 2, 7]","[5, 1, 3]",14.4333,5.7667,0,11,19,2026-04-12T18:30:37Z,0,10,1,5,0,14,0,6,1,8,0,4,0,9,0,11,0,8,1,15
2024284,2024-10-24,2024,10,24,四,4,298,3D,342,"3,4,2",3,4,2,"[3, 4, 2]","[2, 3, 4]",234,3,组六,False,False,9,9,2,4,2,1,2,0,3,2,1,1,1,1,012,OEE,SSS,PNP,1,0,0,114097094,11409.7094,False,https://www.cwl.gov.cn/c/2024/10/24/592387.shtml,,2024283,419,14,8,组六,1,1,3769018,0,1,30,"[9, 2, 0]","[5, 1, 3]",14.4667,5.8667,0,11,19,2026-04-12T18:30:37Z,0,10,0,6,1,13,1,6,1,8,0,4,0,9,0,10,0,8,0,16
2024285,2024-10-25,2024,10,25,五,5,299,3D,718,"7,1,8",7,1,8,"[7, 1, 8]","[1, 7, 8]",178,3,组六,False,False,16,6,7,8,1,2,1,2,1,1,2,0,2,1,112,OOE,BSB,PNN,0,0,1,113500822,11350.0822,False,https://www.cwl.gov.cn/c/2024/10/25/592594.shtml,,2024284,342,9,2,组六,1,1,-596272,0,0,30,"[9, 2, 7]","[5, 1, 3]",14.3333,5.6333,0,11,19,2026-04-12T18:30:37Z,0,9,1,6,0,14,0,7,0,8,0,4,0,9,1,10,1,8,0,15
2024286,2024-10-26,2024,10,26,六,6,300,3D,621,"6,2,1",6,2,1,"[6, 2, 1]","[1, 2, 6]",126,3,组六,False,False,9,9,5,6,1,1,2,1,2,1,2,1,1,1,021,EEO,BSS,NPN,1,0,1,109650034,10965.0034,True,https://www.cwl.gov.cn/c/2024/10/26/592700.shtml,https://www.cwl.gov.cn/c/2024/10/26/592703.shtml,2024285,718,16,7,组六,1,1,-3850788,0,1,30,"[2, 9, 7]","[5, 1, 3]",14.3667,5.5667,0,11,19,2026-04-12T18:30:37Z,0,8,1,7,1,14,0,7,0,8,0,4,1,8,0,11,0,9,0,14
2024287,2024-10-27,2024,10,27,日,7,301,3D,192,"1,9,2",1,9,2,"[1, 9, 2]","[1, 2, 9]",129,3,组六,False,False,12,2,8,9,1,2,1,1,2,1,2,1,1,1,102,OOE,SBS,NNP,0,0,1,113101298,11310.1298,False,https://www.cwl.gov.cn/c/2024/10/27/592806.shtml,,2024286,621,9,5,组六,1,1,3451264,0,2,30,"[2, 9, 7]","[5, 3, 4]",14.0,5.5667,0,11,19,2026-04-12T18:30:37Z,0,8,1,8,1,15,0,7,0,7,0,4,0,9,0,10,0,9,1,13
2024288,2024-10-28,2024,10,28,一,1,302,3D,839,"8,3,9",8,3,9,"[8, 3, 9]","[3, 8, 9]",389,3,组六,False,False,20,0,6,9,3,2,1,2,1,1,2,2,0,1,200,EOO,BSB,NPN,0,0,1,114656190,11465.619,False,https://www.cwl.gov.cn/c/2024/10/28/592913.shtml,,2024287,192,12,8,组六,1,1,1554892,0,1,30,"[2, 9, 7]","[5, 3, 4]",13.7667,5.5667,0,10,20,2026-04-12T18:30:37Z,0,8,0,8,0,16,1,7,0,7,0,4,0,9,0,10,1,9,1,12
2024289,2024-10-29,2024,10,29,二,2,303,3D,989,"9,8,9",9,8,9,"[9, 8, 9]","[8, 9, 9]",899,2,组三,True,False,26,6,1,9,8,2,1,3,0,0,3,2,0,1,020,OEO,BBB,NNN,2,0,0,117486332,11748.6332,False,https://www.cwl.gov.cn/c/2024/10/29/593020.shtml,,2024288,839,20,6,组六,1,1,2830142,1,2,30,"[2, 9, 8]","[5, 0, 4]",13.9667,5.5333,0,9,21,2026-04-12T18:30:37Z,0,7,0,8,0,16,0,8,0,7,0,4,0,9,0,8,1,10,2,13
2024290,2024-10-30,2024,10,30,三,3,304,3D,911,"9,1,1",9,1,1,"[9, 1, 1]","[1, 1, 9]",119,2,组三,True,False,11,1,8,9,1,3,0,1,2,0,3,1,2,0,011,OOO,BSS,NNN,0,1,0,109867494,10986.7494,False,https://www.cwl.gov.cn/c/2024/10/30/593027.shtml,,2024289,989,26,1,组三,1,1,-7618838,1,1,30,"[2, 9, 8]","[5, 4, 0]",14.3333,5.3333,0,10,20,2026-04-12T18:30:37Z,0,7,2,8,0,15,0,8,0,6,0,4,0,9,0,8,0,11,1,14
2024291,2024-10-31,2024,10,31,四,4,305,3D,426,"4,2,6",4,2,6,"[4, 2, 6]","[2, 4, 6]",246,3,组六,False,False,12,2,4,6,2,0,3,1,2,1,2,1,1,1,120,EEE,SSB,NPN,0,0,0,110246274,11024.6274,False,https://www.cwl.gov.cn/c/2024/10/31/593234.shtml,,2024290,911,11,8,组三,1,1,378780,0,0,30,"[2, 9, 8]","[5, 4, 0]",14.1333,5.3667,0,11,19,2026-04-12T18:30:37Z,0,7,0,10,1,14,0,8,1,6,0,4,1,8,0,8,0,11,0,14
2024292,2024-11-01,2024,11,1,五,5,306,3D,462,"4,6,2",4,6,2,"[4, 6, 2]","[2, 4, 6]",246,3,组六,False,False,12,2,4,6,2,0,3,1,2,1,2,1,1,1,102,EEE,SBS,NNP,0,0,0,114439146,11443.9146,False,https://www.cwl.gov.cn/c/2024/11/01/593441.shtml,,2024291,426,12,4,组六,1,1,4192872,1,3,30,"[2, 9, 8]","[5, 0, 4]",13.9,5.4667,0,10,20,2026-04-12T18:30:37Z,0,7,0,10,1,15,0,8,1,7,0,4,1,7,0,7,0,11,0,14
2024293,2024-11-02,2024,11,2,六,6,307,3D,521,"5,2,1",5,2,1,"[5, 2, 1]","[1, 2, 5]",125,3,组六,False,False,8,8,4,5,1,2,1,1,2,2,1,0,1,2,221,OEO,BSS,PPN,1,0,1,105562934,10556.2934,True,https://www.cwl.gov.cn/c/2024/11/02/593447.shtml,https://www.cwl.gov.cn/c/2024/11/02/593450.shtml,2024292,462,12,4,组六,1,1,-8876212,0,1,30,"[2, 9, 8]","[5, 0, 4]",13.8,5.5333,0,10,20,2026-04-12T18:30:37Z,0,7,1,10,1,16,0,8,0,7,1,3,0,7,0,7,0,11,0,14
2024294,2024-11-03,2024,11,3,日,7,308,3D,364,"3,6,4",3,6,4,"[3, 6, 4]","[3, 4, 6]",346,3,组六,False,False,13,3,3,6,3,1,2,1,2,1,2,2,1,0,001,OEE,SBS,PNN,0,0,1,104727716,10472.7716,False,https://www.cwl.gov.cn/c/2024/11/03/593453.shtml,,2024293,521,8,4,组六,1,1,-835218,0,0,30,"[2, 9, 1]","[5, 0, 4]",13.6333,5.4333,0,9,21,2026-04-12T18:30:37Z,0,7,0,11,0,15,1,8,1,7,0,4,1,7,0,7,0,11,0,13
2024295,2024-11-04,2024,11,4,一,1,309,3D,571,"5,7,1",5,7,1,"[5, 7, 1]","[1, 5, 7]",157,3,组六,False,False,13,3,6,7,1,3,0,2,1,2,1,0,2,1,211,OOO,BBS,PPN,0,0,1,108755108,10875.5108,False,https://www.cwl.gov.cn/c/2024/11/04/593660.shtml,,2024294,364,13,3,组六,1,1,4027392,0,0,30,"[2, 9, 8]","[5, 0, 7]",13.8,5.3,0,9,21,2026-04-12T18:30:37Z,0,6,1,10,0,15,0,9,0,8,1,4,0,8,1,6,0,11,0,13
2024296,2024-11-05,2024,11,5,二,2,310,3D,816,"8,1,6",8,1,6,"[8, 1, 6]","[1, 6, 8]",168,3,组六,False,False,15,5,7,8,1,1,2,2,1,0,3,1,1,1,210,EOE,BSB,NNN,0,0,1,109864878,10986.4878,False,https://www.cwl.gov.cn/c/2024/11/05/593767.shtml,,2024295,571,13,6,组六,1,1,1109770,0,1,30,"[2, 9, 1]","[5, 0, 4]",13.8667,5.4,0,9,21,2026-04-12T18:30:37Z,0,6,1,11,0,14,0,9,0,7,0,4,1,8,0,7,1,11,0,13
2024297,2024-11-06,2024,11,6,三,3,311,3D,372,"3,7,2",3,7,2,"[3, 7, 2]","[2, 3, 7]",237,3,组六,False,False,12,2,5,7,2,2,1,1,2,3,0,1,1,1,012,OOE,SBS,PPP,0,0,1,111967506,11196.7506,False,https://www.cwl.gov.cn/c/2024/11/06/593874.shtml,,2024296,816,15,7,组六,1,1,2102628,0,0,30,"[2, 1, 8]","[5, 0, 4]",13.9667,5.3333,0,9,21,2026-04-12T18:30:37Z,0,5,0,12,1,14,1,8,0,7,0,4,0,9,1,7,0,12,0,12
2024298,2024-11-07,2024,11,7,四,4,312,3D,055,"0,5,5",0,5,5,"[0, 5, 5]","[0, 5, 5]",055,2,组三,True,False,10,0,5,5,0,2,1,2,1,2,1,1,0,2,022,EOO,SBB,NPP,0,1,0,112929996,11292.9996,False,https://www.cwl.gov.cn/c/2024/11/07/594181.shtml,,2024297,372,12,5,组六,1,1,962490,0,0,30,"[2, 1, 8]","[5, 0, 4]",14.0,5.3333,0,8,22,2026-04-12T18:30:37Z,1,5,0,12,0,13,0,9,0,7,2,4,0,9,0,7,0,12,0,12
2024299,2024-11-08,2024,11,8,五,5,313,3D,949,"9,4,9",9,4,9,"[9, 4, 9]","[4, 9, 9]",499,2,组三,True,False,22,2,5,9,4,2,1,2,1,0,3,2,1,0,010,OEO,BSB,NNN,0,0,0,110257232,11025.7232,False,https://www.cwl.gov.cn/c/2024/11/08/594388.shtml,,2024298,055,10,5,组三,1,1,-2672764,0,0,30,"[2, 8, 1]","[0, 5, 4]",13.9,5.2333,0,9,21,2026-04-12T18:30:37Z,0,6,0,11,0,13,0,8,1,7,0,6,0,9,0,7,0,12,2,11
2024300,2024-11-09,2024,11,9,六,6,314,3D,666,"6,6,6",6,6,6,"[6, 6, 6]","[6, 6, 6]",666,1,豹子,True,True,18,8,0,6,6,0,3,3,0,0,3,3,0,0,000,EEE,BBB,NNN,0,2,-1,104989838,10498.9838,True,https://www.cwl.gov.cn/c/2024/11/09/594394.shtml,https://www.cwl.gov.cn/c/2024/11/09/594396.shtml,2024299,949,22,5,组三,1,1,-5267394,0,0,30,"[2, 9, 1]","[0, 5, 3]",14.0,5.2333,0,9,21,2026-04-12T18:30:37Z,0,6,0,11,0,13,0,7,0,8,0,6,3,9,0,7,0,10,0,13
2024301,2024-11-10,2024,11,10,日,7,315,3D,435,"4,3,5",4,3,5,"[4, 3, 5]","[3, 4, 5]",345,3,组六,False,False,12,2,2,5,3,2,1,1,2,2,1,1,1,1,102,EOO,SSB,NPP,1,0,0,97919174,9791.9174,False,https://www.cwl.gov.cn/c/2024/11/10/594400.shtml,,2024300,666,18,0,豹子,1,1,-7070664,0,0,30,"[2, 1, 6]","[0, 5, 3]",13.8,5.1333,1,8,21,2026-04-12T18:30:37Z,0,6,0,11,0,13,1,7,1,8,1,6,0,11,0,7,0,10,0,11
2024302,2024-11-11,2024,11,11,一,1,316,3D,516,"5,1,6",5,1,6,"[5, 1, 6]","[1, 5, 6]",156,3,组六,False,False,12,2,5,6,1,2,1,2,1,1,2,1,1,1,210,OOE,BSB,PNN,0,0,1,108321082,10832.1082,False,https://www.cwl.gov.cn/c/2024/11/11/594507.shtml,,2024301,435,12,2,组六,1,1,10401908,0,1,30,"[2, 1, 6]","[0, 5, 7]",13.5,5.0667,1,8,21,2026-04-12T18:30:37Z,0,6,1,11,0,13,0,8,0,9,1,6,1,11,0,6,0,10,0,10
2024303,2024-11-12,2024,11,12,二,2,317,3D,336,"3,3,6",3,3,6,"[3, 3, 6]","[3, 3, 6]",336,2,组三,True,False,12,2,3,6,3,2,1,1,2,2,1,3,0,0,000,OOE,SSB,PPN,0,1,0,110207616,11020.7616,False,https://www.cwl.gov.cn/c/2024/11/12/594714.shtml,,2024302,516,12,5,组六,1,1,1886534,1,1,30,"[1, 2, 6]","[7, 0, 5]",13.4333,5.0667,1,8,21,2026-04-12T18:30:37Z,0,6,0,12,0,12,2,8,0,9,0,6,1,12,0,5,0,10,0,10
2024304,2024-11-13,2024,11,13,三,3,318,3D,169,"1,6,9",1,6,9,"[1, 6, 9]","[1, 6, 9]",169,3,组六,False,False,16,6,8,9,1,2,1,2,1,0,3,2,1,0,100,OEO,SBB,NNN,0,0,1,109332058,10933.2058,False,https://www.cwl.gov.cn/c/2024/11/13/594921.shtml,,2024303,336,12,3,组三,1,1,-875558,0,1,30,"[6, 1, 2]","[7, 0, 5]",13.3667,5.0,1,8,21,2026-04-12T18:30:37Z,0,6,1,12,0,12,0,8,0,9,0,6,1,13,0,5,0,9,1,10
2024305,2024-11-14,2024,11,14,四,4,319,3D,966,"9,6,6",9,6,6,"[9, 6, 6]","[6, 6, 9]",669,2,组三,True,False,21,1,3,9,6,1,2,3,0,0,3,3,0,0,000,OEE,BBB,NNN,0,1,0,110032280,11003.228,False,https://www.cwl.gov.cn/c/2024/11/14/595128.shtml,,2024304,169,16,8,组六,1,1,700222,1,2,30,"[6, 1, 2]","[7, 0, 5]",13.5667,5.0667,1,8,21,2026-04-12T18:30:37Z,0,6,0,12,0,11,0,8,0,9,0,6,2,14,0,4,0,9,1,11
2024306,2024-11-15,2024,11,15,五,5,320,3D,296,"2,9,6",2,9,6,"[2, 9, 6]","[2, 6, 9]",269,3,组六,False,False,17,7,7,9,2,1,2,2,1,1,2,2,0,1,200,EOE,SBB,PNN,0,0,1,108844270,10884.427,False,https://www.cwl.gov.cn/c/2024/11/15/595236.shtml,,2024305,966,21,3,组三,1,1,-1188010,1,2,30,"[6, 1, 9]","[7, 0, 5]",13.7,4.9667,1,9,20,2026-04-12T18:30:37Z,0,6,0,12,1,10,0,8,0,9,0,6,1,16,0,3,0,8,1,12
2024307,2024-11-16,2024,11,16,六,6,321,3D,579,"5,7,9",5,7,9,"[5, 7, 9]","[5, 7, 9]",579,3,组六,False,False,21,1,4,9,5,3,0,3,0,2,1,1,1,1,210,OOO,BBB,PPN,0,0,0,107267024,10726.7024,True,https://www.cwl.gov.cn/c/2024/11/16/595242.shtml,https://www.cwl.gov.cn/c/2024/11/16/595244.shtml,2024306,296,17,7,组六,1,1,-1577246,0,1,30,"[6, 9, 1]","[7, 0, 5]",13.8,4.9333,1,9,20,2026-04-12T18:30:37Z,0,5,0,12,0,11,0,8,0,9,1,6,0,16,1,3,0,7,1,13
2024308,2024-11-17,2024,11,17,日,7,322,3D,654,"6,5,4",6,5,4,"[6, 5, 4]","[4, 5, 6]",456,3,组六,False,False,15,5,2,6,4,1,2,2,1,1,2,1,1,1,021,EOE,BBS,NPN,2,0,0,108844592,10884.4592,False,https://www.cwl.gov.cn/c/2024/11/17/595248.shtml,,2024307,579,21,4,组六,1,1,1577568,0,1,30,"[6, 9, 1]","[7, 0, 8]",13.9,4.9333,1,9,20,2026-04-12T18:30:37Z,0,5,0,12,0,11,0,8,1,8,1,7,1,15,0,4,0,6,0,14
2024309,2024-11-18,2024,11,18,一,1,323,3D,539,"5,3,9",5,3,9,"[5, 3, 9]","[3, 5, 9]",359,3,组六,False,False,17,7,6,9,3,3,0,2,1,2,1,2,0,1,200,OOO,BSB,PPN,0,0,1,109545314,10954.5314,False,https://www.cwl.gov.cn/c/2024/11/18/595455.shtml,,2024308,654,15,2,组六,1,1,700722,0,1,30,"[6, 9, 1]","[7, 0, 8]",14.2333,4.9667,1,8,21,2026-04-12T18:30:37Z,0,5,0,11,0,9,1,8,0,9,1,8,0,16,0,4,0,6,1,14
2024310,2024-11-19,2024,11,19,二,2,324,3D,603,"6,0,3",6,0,3,"[6, 0, 3]","[0, 3, 6]",036,3,组六,False,False,9,9,6,6,0,1,2,1,2,1,2,3,0,0,000,EEO,BSS,NNP,0,0,0,109807802,10980.7802,False,https://www.cwl.gov.cn/c/2024/11/19/595562.shtml,,2024309,539,17,6,组六,1,1,262488,0,1,30,"[6, 9, 1]","[0, 7, 8]",14.6,4.9667,1,7,22,2026-04-12T18:30:37Z,1,3,0,11,0,9,1,9,0,9,0,9,1,15,0,4,0,6,0,15
2024311,2024-11-20,2024,11,20,三,3,325,3D,067,"0,6,7",0,6,7,"[0, 6, 7]","[0, 6, 7]",067,3,组六,False,False,13,3,7,7,0,1,2,2,1,1,2,2,1,0,001,EEO,SBB,NNP,1,0,1,110051506,11005.1506,False,https://www.cwl.gov.cn/c/2024/11/20/595769.shtml,,2024310,603,9,6,组六,1,1,243704,0,2,30,"[6, 9, 1]","[0, 7, 8]",14.4333,4.9667,1,7,22,2026-04-12T18:30:37Z,1,4,0,11,0,8,0,10,0,8,0,9,1,16,1,4,0,5,0,15
2024312,2024-11-21,2024,11,21,四,4,326,3D,754,"7,5,4",7,5,4,"[7, 5, 4]","[4, 5, 7]",457,3,组六,False,False,16,6,3,7,4,2,1,2,1,2,1,0,2,1,121,OOE,BBS,PPN,1,0,1,109684268,10968.4268,False,https://www.cwl.gov.cn/c/2024/11/21/595776.shtml,,2024311,067,13,7,组六,1,1,-367238,0,1,30,"[6, 9, 1]","[0, 7, 8]",14.5667,4.9,1,6,23,2026-04-12T18:30:37Z,0,3,0,11,0,8,0,10,1,8,1,9,0,17,1,5,0,5,0,14
2024313,2024-11-22,2024,11,22,五,5,327,3D,095,"0,9,5",0,9,5,"[0, 9, 5]","[0, 5, 9]",059,3,组六,False,False,14,4,9,9,0,2,1,2,1,1,2,2,0,1,002,EOO,SBB,NNP,0,0,1,113204426,11320.4426,False,https://www.cwl.gov.cn/c/2024/11/22/595884.shtml,,2024312,754,16,3,组六,1,1,3520158,0,1,30,"[6, 9, 1]","[0, 8, 7]",14.4333,4.8,1,6,23,2026-04-12T18:30:37Z,1,3,0,11,0,8,0,9,0,9,1,10,0,17,0,6,0,4,1,13
2024314,2024-11-23,2024,11,23,六,6,328,3D,672,"6,7,2",6,7,2,"[6, 7, 2]","[2, 6, 7]",267,3,组六,False,False,15,5,5,7,2,1,2,2,1,2,1,1,1,1,012,EOE,BBS,NPP,1,0,1,109876028,10987.6028,True,https://www.cwl.gov.cn/c/2024/11/23/595890.shtml,https://www.cwl.gov.cn/c/2024/11/23/595891.shtml,2024313,095,14,9,组六,1,1,-3328398,0,0,30,"[6, 9, 5]","[0, 8, 7]",14.4333,4.8333,1,6,23,2026-04-12T18:30:37Z,0,4,0,10,1,8,0,9,0,8,0,11,1,17,1,6,0,4,0,13
2024315,2024-11-24,2024,11,24,日,7,329,3D,802,"8,0,2",8,0,2,"[8, 0, 2]","[0, 2, 8]",028,3,组六,False,False,10,0,8,8,0,0,3,1,2,1,2,1,0,2,202,EEE,BSS,NNP,0,0,1,113875116,11387.5116,False,https://www.cwl.gov.cn/c/2024/11/24/595896.shtml,,2024314,672,15,5,组六,1,1,3999088,1,1,30,"[6, 9, 5]","[0, 8, 4]",14.6333,4.9333,1,6,23,2026-04-12T18:30:37Z,1,4,0,10,1,8,0,8,0,7,0,11,0,18,0,7,1,4,0,13
2024316,2024-11-25,2024,11,25,一,1,330,3D,789,"7,8,9",7,8,9,"[7, 8, 9]","[7, 8, 9]",789,3,组六,False,False,24,4,2,9,7,2,1,3,0,1,2,1,1,1,120,OEO,BBB,PNN,2,0,0,114489070,11448.907,False,https://www.cwl.gov.cn/c/2024/11/25/596103.shtml,,2024315,802,10,8,组六,1,1,613954,0,1,30,"[6, 9, 5]","[8, 0, 7]",14.4333,4.9667,1,6,23,2026-04-12T18:30:37Z,0,5,0,9,0,9,0,8,0,7,0,11,0,18,1,6,1,4,1,13
2024317,2024-11-26,2024,11,26,二,2,331,3D,386,"3,8,6",3,8,6,"[3, 8, 6]","[3, 6, 8]",368,3,组六,False,False,17,7,5,8,3,1,2,2,1,1,2,2,0,1,020,OEE,SBB,PNN,0,0,1,112502350,11250.235,False,https://www.cwl.gov.cn/c/2024/11/26/596210.shtml,,2024316,789,24,2,组六,1,1,-1986720,1,1,30,"[6, 9, 5]","[0, 8, 4]",14.9333,4.8667,1,6,23,2026-04-12T18:30:37Z,0,5,0,8,0,8,1,8,0,7,0,11,1,17,0,7,1,5,0,14
2024318,2024-11-27,2024,11,27,三,3,332,3D,525,"5,2,5",5,2,5,"[5, 2, 5]","[2, 5, 5]",255,2,组三,True,False,12,2,3,5,2,2,1,2,1,3,0,0,0,3,222,OEO,BSB,PPP,0,0,0,119885378,11988.5378,False,https://www.cwl.gov.cn/c/2024/11/27/596417.shtml,,2024317,386,17,5,组六,1,1,7383028,0,0,30,"[6, 9, 5]","[0, 8, 1]",15.1,4.7667,1,6,23,2026-04-12T18:30:37Z,0,5,0,7,1,7,0,9,0,7,2,11,0,18,0,7,0,6,0,13
2024319,2024-11-28,2024,11,28,四,4,333,3D,726,"7,2,6",7,2,6,"[7, 2, 6]","[2, 6, 7]",267,3,组六,False,False,15,5,5,7,2,1,2,2,1,2,1,1,1,1,120,OEE,BSB,PPN,0,0,1,113163810,11316.381,False,https://www.cwl.gov.cn/c/2024/11/28/596724.shtml,,2024318,525,12,3,组三,1,1,-6721568,1,1,30,"[6, 5, 9]","[0, 8, 1]",14.8333,4.6667,1,7,22,2026-04-12T18:30:37Z,0,5,0,7,1,8,0,8,0,7,0,13,1,18,1,7,0,5,0,12
2024320,2024-11-29,2024,11,29,五,5,334,3D,778,"7,7,8",7,7,8,"[7, 7, 8]","[7, 7, 8]",778,2,组三,True,False,22,2,1,8,7,2,1,3,0,2,1,0,2,1,112,OOE,BBB,PPN,1,1,0,119845288,11984.5288,False,https://www.cwl.gov.cn/c/2024/11/29/596931.shtml,,2024319,726,15,5,组六,1,1,6681478,1,1,30,"[6, 5, 9]","[8, 0, 1]",14.4667,4.8,1,6,23,2026-04-12T18:30:37Z,0,5,0,7,0,9,0,8,0,7,0,13,0,19,2,8,1,4,0,10
2024321,2024-11-30,2024,11,30,六,6,335,3D,542,"5,4,2",5,4,2,"[5, 4, 2]","[2, 4, 5]",245,3,组六,False,False,11,1,3,5,2,1,2,1,2,2,1,0,1,2,212,OEE,BSS,PNP,1,0,1,109798280,10979.828,True,https://www.cwl.gov.cn/c/2024/11/30/596937.shtml,https://www.cwl.gov.cn/c/2024/11/30/596939.shtml,2024320,778,22,1,组三,1,1,-10047008,0,0,30,"[6, 5, 7]","[0, 1, 8]",14.8333,4.5667,1,6,23,2026-04-12T18:30:37Z,0,5,0,5,1,9,0,8,1,7,1,13,0,19,0,10,0,5,0,9
2024322,2024-12-01,2024,12,1,日,7,336,3D,867,"8,6,7",8,6,7,"[8, 6, 7]","[6, 7, 8]",678,3,组六,False,False,21,1,2,8,6,1,2,3,0,1,2,1,1,1,201,EEO,BBB,NNP,1,0,0,113323054,11332.3054,False,https://www.cwl.gov.cn/c/2024/12/01/596943.shtml,,2024321,542,11,3,组六,1,1,3524774,0,0,30,"[6, 5, 7]","[0, 1, 8]",14.8,4.5333,1,6,23,2026-04-12T18:30:37Z,0,5,0,5,0,9,0,8,0,7,0,14,1,18,1,10,1,5,0,9
2024323,2024-12-02,2024,12,2,一,1,337,3D,536,"5,3,6",5,3,6,"[5, 3, 6]","[3, 5, 6]",356,3,组六,False,False,14,4,3,6,3,2,1,2,1,2,1,2,0,1,200,OOE,BSB,PPN,0,0,1,113647592,11364.7592,False,https://www.cwl.gov.cn/c/2024/12/02/597150.shtml,,2024322,867,21,2,组六,1,1,324538,0,1,30,"[6, 5, 7]","[0, 1, 4]",15.1,4.4667,1,6,23,2026-04-12T18:30:37Z,0,5,0,5,0,8,1,8,0,6,1,14,1,18,0,11,0,6,0,9
2024324,2024-12-03,2024,12,3,二,2,338,3D,384,"3,8,4",3,8,4,"[3, 8, 4]","[3, 4, 8]",348,3,组六,False,False,15,5,5,8,3,1,2,1,2,1,2,1,1,1,021,OEE,SBS,PNN,0,0,1,119484548,11948.4548,False,https://www.cwl.gov.cn/c/2024/12/03/597257.shtml,,2024323,536,14,3,组六,1,1,5836956,0,1,30,"[6, 5, 7]","[1, 0, 4]",15.3,4.4333,1,6,23,2026-04-12T18:30:37Z,0,5,0,4,0,7,1,9,1,6,0,14,0,19,0,11,1,6,0,9
2024325,2024-12-04,2024,12,4,三,3,339,3D,158,"1,5,8",1,5,8,"[1, 5, 8]","[1, 5, 8]",158,3,组六,False,False,14,4,7,8,1,2,1,2,1,1,2,0,1,2,122,OOE,SBB,NPN,0,0,1,125990006,12599.0006,False,https://www.cwl.gov.cn/c/2024/12/04/597464.shtml,,2024324,384,15,5,组六,1,1,6505458,0,1,30,"[6, 5, 7]","[1, 0, 4]",15.3667,4.5,1,6,23,2026-04-12T18:30:37Z,0,5,1,4,0,7,0,9,0,6,1,14,0,18,0,11,1,7,0,9
2024326,2024-12-05,2024,12,5,四,4,340,3D,722,"7,2,2",7,2,2,"[7, 2, 2]","[2, 2, 7]",227,2,组三,True,False,11,1,5,7,2,1,2,1,2,3,0,0,1,2,122,OEE,BSS,PPP,0,1,0,124277722,12427.7722,False,https://www.cwl.gov.cn/c/2024/12/05/597671.shtml,,2024325,158,14,7,组六,1,1,-1712284,0,0,30,"[6, 5, 7]","[1, 0, 4]",15.4,4.5333,1,6,23,2026-04-12T18:30:37Z,0,5,0,4,2,7,0,9,0,6,0,14,0,18,1,10,0,8,0,9
2024327,2024-12-06,2024,12,6,五,5,341,3D,280,"2,8,0",2,8,0,"[2, 8, 0]","[0, 2, 8]",028,3,组六,False,False,10,0,8,8,0,0,3,1,2,1,2,1,0,2,220,EEE,SBS,PNN,0,0,1,129379280,12937.928,False,https://www.cwl.gov.cn/c/2024/12/06/597878.shtml,,2024326,722,11,5,组三,1,1,5101558,0,1,30,"[6, 5, 7]","[1, 0, 4]",15.2667,4.4667,1,7,22,2026-04-12T18:30:37Z,1,5,0,3,1,9,0,9,0,6,0,14,0,17,0,11,1,7,0,9
2024328,2024-12-07,2024,12,7,六,6,342,3D,306,"3,0,6",3,0,6,"[3, 0, 6]","[0, 3, 6]",036,3,组六,False,False,9,9,6,6,0,1,2,1,2,1,2,3,0,0,000,OEE,SSB,PNN,0,0,0,122309042,12230.9042,True,https://www.cwl.gov.cn/c/2024/12/07/597884.shtml,https://www.cwl.gov.cn/c/2024/12/07/597885.shtml,2024327,280,10,8,组六,1,1,-7070238,0,1,30,"[6, 5, 7]","[1, 0, 4]",15.2,4.5667,1,7,22,2026-04-12T18:30:37Z,1,6,0,3,0,9,1,8,0,6,0,14,1,17,0,10,0,8,0,9
2024329,2024-12-08,2024,12,8,日,7,343,3D,910,"9,1,0",9,1,0,"[9, 1, 0]","[0, 1, 9]",019,3,组六,False,False,10,0,9,9,0,2,1,1,2,0,3,2,1,0,010,OOE,BSS,NNN,1,0,1,122428412,12242.8412,False,https://www.cwl.gov.cn/c/2024/12/08/597890.shtml,,2024328,306,9,6,组六,1,1,119370,0,1,30,"[6, 5, 7]","[1, 0, 4]",15.1667,4.6,1,6,23,2026-04-12T18:30:37Z,1,6,1,3,0,9,0,9,0,6,0,12,0,18,0,10,0,8,1,9
2024330,2024-12-09,2024,12,9,一,1,344,3D,167,"1,6,7",1,6,7,"[1, 6, 7]","[1, 6, 7]",167,3,组六,False,False,14,4,6,7,1,2,1,2,1,1,2,1,2,0,101,OEO,SBB,NNP,1,0,1,123619876,12361.9876,False,https://www.cwl.gov.cn/c/2024/12/09/598097.shtml,,2024329,910,10,9,组六,1,1,1191464,0,1,30,"[6, 5, 7]","[1, 4, 0]",14.7667,4.7333,1,5,24,2026-04-12T18:30:37Z,0,7,1,4,0,9,0,9,0,5,0,12,1,18,1,10,0,8,0,8
2024331,2024-12-10,2024,12,10,二,2,345,3D,964,"9,6,4",9,6,4,"[9, 6, 4]","[4, 6, 9]",469,3,组六,False,False,19,9,5,9,4,1,2,2,1,0,3,2,1,0,001,OEE,BBS,NNN,0,0,1,124761192,12476.1192,False,https://www.cwl.gov.cn/c/2024/12/10/598304.shtml,,2024330,167,14,6,组六,1,1,1141316,1,1,30,"[6, 5, 7]","[1, 4, 0]",14.6333,4.9333,0,5,25,2026-04-12T18:30:37Z,0,7,0,5,0,9,0,9,1,5,0,12,1,16,0,11,0,8,1,8
2024332,2024-12-11,2024,12,11,三,3,346,3D,765,"7,6,5",7,6,5,"[7, 6, 5]","[5, 6, 7]",567,3,组六,False,False,18,8,2,7,5,2,1,3,0,2,1,1,1,1,102,OEO,BBB,PNP,2,0,0,127373276,12737.3276,False,https://www.cwl.gov.cn/c/2024/12/11/598511.shtml,,2024331,964,19,5,组六,1,1,2612084,1,1,30,"[6, 5, 7]","[1, 4, 0]",14.8667,5.0333,0,5,25,2026-04-12T18:30:37Z,0,7,0,5,0,9,0,8,0,5,1,11,1,17,1,11,0,8,0,9
2024333,2024-12-12,2024,12,12,四,4,347,3D,951,"9,5,1",9,5,1,"[9, 5, 1]","[1, 5, 9]",159,3,组六,False,False,15,5,8,9,1,3,0,2,1,1,2,1,1,1,021,OOO,BBS,NPN,0,0,0,124904698,12490.4698,False,https://www.cwl.gov.cn/c/2024/12/12/598618.shtml,,2024332,765,18,2,组六,1,1,-2468578,0,1,30,"[6, 7, 5]","[1, 4, 0]",15.0667,4.9333,0,5,25,2026-04-12T18:30:37Z,0,7,1,4,0,9,0,8,0,5,1,11,0,17,0,12,0,8,1,9
2024334,2024-12-13,2024,12,13,五,5,348,3D,541,"5,4,1",5,4,1,"[5, 4, 1]","[1, 4, 5]",145,3,组六,False,False,10,0,4,5,1,2,1,1,2,1,2,0,2,1,211,OEO,BSS,PNN,1,0,1,130546954,13054.6954,False,https://www.cwl.gov.cn/c/2024/12/13/598825.shtml,,2024333,951,15,8,组六,1,1,5642256,1,2,30,"[6, 5, 7]","[1, 4, 3]",15.1667,5.1,0,4,26,2026-04-12T18:30:37Z,0,7,1,5,0,9,0,6,1,5,1,12,0,16,0,12,0,8,0,10
2024335,2024-12-14,2024,12,14,六,6,349,3D,593,"5,9,3",5,9,3,"[5, 9, 3]","[3, 5, 9]",359,3,组六,False,False,17,7,6,9,3,3,0,2,1,2,1,2,0,1,200,OOO,BBS,PNP,0,0,1,125061672,12506.1672,True,https://www.cwl.gov.cn/c/2024/12/14/598831.shtml,https://www.cwl.gov.cn/c/2024/12/14/598832.shtml,2024334,541,10,4,组六,1,1,-5485282,1,1,30,"[6, 5, 7]","[1, 3, 4]",14.9667,4.9667,0,4,26,2026-04-12T18:30:37Z,0,7,0,5,0,9,1,6,0,6,1,13,0,15,0,12,0,8,1,9
2024336,2024-12-15,2024,12,15,日,7,350,3D,964,"9,6,4",9,6,4,"[9, 6, 4]","[4, 6, 9]",469,3,组六,False,False,19,9,5,9,4,1,2,2,1,0,3,2,1,0,001,OEE,BBS,NNN,0,0,1,124851400,12485.14,False,https://www.cwl.gov.cn/c/2024/12/15/598837.shtml,,2024335,593,17,6,组六,1,1,-210272,0,1,30,"[5, 6, 7]","[1, 4, 0]",14.8333,5.0667,0,3,27,2026-04-12T18:30:37Z,0,7,0,5,0,9,0,7,1,6,0,14,1,13,0,12,0,8,1,9
2024337,2024-12-16,2024,12,16,一,1,351,3D,843,"8,4,3",8,4,3,"[8, 4, 3]","[3, 4, 8]",348,3,组六,False,False,15,5,5,8,3,1,2,1,2,1,2,1,1,1,210,EEO,BSS,NNP,1,0,1,130293620,13029.362,False,https://www.cwl.gov.cn/c/2024/12/16/599044.shtml,,2024336,964,19,5,组六,1,1,5442220,0,1,30,"[5, 6, 7]","[1, 0, 3]",14.9,5.0,0,3,27,2026-04-12T18:30:37Z,0,7,0,5,0,8,1,7,1,7,0,14,0,13,0,12,1,8,0,9
2024338,2024-12-17,2024,12,17,二,2,352,3D,977,"9,7,7",9,7,7,"[9, 7, 7]","[7, 7, 9]",779,2,组三,True,False,23,3,2,9,7,3,0,3,0,2,1,1,2,0,011,OOO,BBB,NPP,0,1,0,131924482,13192.4482,False,https://www.cwl.gov.cn/c/2024/12/17/599151.shtml,,2024337,843,15,5,组六,1,1,1630862,0,0,30,"[5, 6, 7]","[1, 0, 2]",14.7,5.0333,0,3,27,2026-04-12T18:30:37Z,0,7,0,5,0,8,0,8,0,8,0,13,0,13,2,11,0,9,1,8
2024339,2024-12-18,2024,12,18,三,3,353,3D,509,"5,0,9",5,0,9,"[5, 0, 9]","[0, 5, 9]",059,3,组六,False,False,14,4,9,9,0,2,1,2,1,1,2,2,0,1,200,OEO,BSB,PNN,0,0,1,121525420,12152.542,False,https://www.cwl.gov.cn/c/2024/12/18/599358.shtml,,2024338,977,23,2,组三,1,1,-10399062,0,1,30,"[7, 5, 6]","[1, 0, 4]",14.9667,5.0333,0,4,26,2026-04-12T18:30:37Z,1,7,0,5,0,8,0,8,0,7,1,12,0,12,0,13,0,9,1,9
2024340,2024-12-19,2024,12,19,四,4,354,3D,278,"2,7,8",2,7,8,"[2, 7, 8]","[2, 7, 8]",278,3,组六,False,False,17,7,6,8,2,1,2,2,1,2,1,0,1,2,212,EOE,SBB,PPN,1,0,1,123747330,12374.733,False,https://www.cwl.gov.cn/c/2024/12/19/599465.shtml,,2024339,509,14,9,组六,1,1,2221910,0,0,30,"[7, 5, 6]","[1, 3, 4]",14.8667,5.1333,0,4,26,2026-04-12T18:30:37Z,0,8,0,5,1,8,0,7,0,7,0,12,0,12,1,13,1,9,0,9
2024341,2024-12-20,2024,12,20,五,5,355,3D,371,"3,7,1",3,7,1,"[3, 7, 1]","[1, 3, 7]",137,3,组六,False,False,11,1,6,7,1,3,0,1,2,2,1,1,2,0,011,OOO,SBS,PPN,0,0,1,128205988,12820.5988,False,https://www.cwl.gov.cn/c/2024/12/20/599572.shtml,,2024340,278,17,6,组六,1,1,4458658,1,1,30,"[7, 5, 6]","[1, 3, 0]",15.1333,5.1333,0,4,26,2026-04-12T18:30:37Z,0,7,1,5,0,9,1,6,0,7,0,12,0,11,1,14,0,10,0,9
2024342,2024-12-21,2024,12,21,六,6,356,3D,483,"4,8,3",4,8,3,"[4, 8, 3]","[3, 4, 8]",348,3,组六,False,False,15,5,5,8,3,1,2,1,2,1,2,1,1,1,120,EEO,SBS,NNP,0,0,1,122815560,12281.556,True,https://www.cwl.gov.cn/c/2024/12/21/599578.shtml,https://www.cwl.gov.cn/c/2024/12/21/599579.shtml,2024341,371,11,6,组六,1,1,-5390428,0,1,30,"[7, 5, 6]","[0, 1, 3]",15.0667,5.1,0,4,26,2026-04-12T18:30:37Z,0,6,0,6,0,9,1,7,1,7,0,12,0,10,0,14,1,10,0,9
2024343,2024-12-22,2024,12,22,日,7,357,3D,214,"2,1,4",2,1,4,"[2, 1, 4]","[1, 2, 4]",124,3,组六,False,False,7,7,3,4,1,1,2,0,3,1,2,0,2,1,211,EOE,SSS,PNN,1,0,1,124803458,12480.3458,False,https://www.cwl.gov.cn/c/2024/12/22/599584.shtml,,2024342,483,15,5,组六,1,1,1987898,0,1,30,"[7, 5, 8]","[0, 1, 4]",15.0333,5.1667,0,4,26,2026-04-12T18:30:37Z,0,6,1,6,1,9,0,8,1,7,0,11,0,10,0,13,0,11,0,9
2024344,2024-12-23,2024,12,23,一,1,358,3D,305,"3,0,5",3,0,5,"[3, 0, 5]","[0, 3, 5]",035,3,组六,False,False,8,8,5,5,0,2,1,1,2,2,1,2,0,1,002,OEO,SSB,PNP,0,0,1,126942646,12694.2646,False,https://www.cwl.gov.cn/c/2024/12/23/599791.shtml,,2024343,214,7,3,组六,1,1,2139188,0,0,30,"[7, 8, 2]","[0, 1, 3]",14.8,4.9667,0,4,26,2026-04-12T18:30:37Z,1,5,0,7,0,10,1,8,0,8,1,10,0,10,0,13,0,11,0,8
2024345,2024-12-24,2024,12,24,二,2,359,3D,317,"3,1,7",3,1,7,"[3, 1, 7]","[1, 3, 7]",137,3,组六,False,False,11,1,6,7,1,3,0,1,2,2,1,1,2,0,011,OOO,SSB,PNP,0,0,1,129401284,12940.1284,False,https://www.cwl.gov.cn/c/2024/12/24/599898.shtml,,2024344,305,8,5,组六,1,1,2458638,1,1,30,"[7, 5, 8]","[0, 1, 4]",14.5667,4.9667,0,4,26,2026-04-12T18:30:37Z,0,6,1,7,0,9,1,9,0,8,0,11,0,9,1,12,0,11,0,8
2024346,2024-12-25,2024,12,25,三,3,360,3D,056,"0,5,6",0,5,6,"[0, 5, 6]","[0, 5, 6]",056,3,组六,False,False,11,1,6,6,0,1,2,2,1,1,2,2,0,1,020,EOE,SBB,NPN,1,0,1,130815928,13081.5928,False,https://www.cwl.gov.cn/c/2024/12/25/600105.shtml,,2024345,317,11,6,组六,1,1,1414644,0,0,30,"[7, 5, 3]","[0, 1, 2]",14.6,4.9,0,4,26,2026-04-12T18:30:37Z,1,5,0,8,0,8,0,10,0,8,1,11,1,9,0,13,0,10,0,8
2024347,2024-12-26,2024,12,26,四,4,361,3D,392,"3,9,2",3,9,2,"[3, 9, 2]","[2, 3, 9]",239,3,组六,False,False,14,4,7,9,2,2,1,1,2,2,1,2,0,1,002,OOE,SBS,PNP,0,0,1,128212650,12821.265,False,https://www.cwl.gov.cn/c/2024/12/26/600212.shtml,,2024346,056,11,6,组六,1,1,-2603278,0,0,30,"[5, 7, 3]","[0, 9, 1]",14.1667,5.0333,0,4,26,2026-04-12T18:30:37Z,0,6,0,8,1,8,1,10,0,8,0,12,0,10,0,12,0,9,1,7
2024348,2024-12-27,2024,12,27,五,5,362,3D,928,"9,2,8",9,2,8,"[9, 2, 8]","[2, 8, 9]",289,3,组六,False,False,19,9,7,9,2,1,2,2,1,1,2,1,0,2,022,OEE,BSB,NPN,0,0,1,132175376,13217.5376,False,https://www.cwl.gov.cn/c/2024/12/27/600319.shtml,,2024347,392,14,7,组六,1,1,3962726,0,2,30,"[5, 7, 3]","[0, 1, 4]",14.0667,5.1,0,4,26,2026-04-12T18:30:37Z,0,6,0,8,1,9,0,10,0,8,0,12,0,9,0,12,1,8,1,8
2024349,2024-12-28,2024,12,28,六,6,363,3D,108,"1,0,8",1,0,8,"[1, 0, 8]","[0, 1, 8]",018,3,组六,False,False,9,9,8,8,0,1,2,1,2,0,3,1,1,1,102,OEE,SSB,NNN,1,0,1,127946706,12794.6706,True,https://www.cwl.gov.cn/c/2024/12/28/600325.shtml,https://www.cwl.gov.cn/c/2024/12/28/600327.shtml,2024348,928,19,7,组六,1,1,-4228670,1,1,30,"[7, 3, 5]","[0, 1, 4]",14.3,5.2333,0,3,27,2026-04-12T18:30:37Z,1,6,1,8,0,9,0,10,0,8,0,10,0,9,0,12,1,9,0,9
2024350,2024-12-29,2024,12,29,日,7,364,3D,672,"6,7,2",6,7,2,"[6, 7, 2]","[2, 6, 7]",267,3,组六,False,False,15,5,5,7,2,1,2,2,1,2,1,1,1,1,012,EOE,BBS,NPP,1,0,1,132391202,13239.1202,False,https://www.cwl.gov.cn/c/2024/12/29/600331.shtml,,2024349,108,9,8,组六,1,1,4444496,0,0,30,"[7, 3, 5]","[0, 2, 4]",14.1,5.3333,0,3,27,2026-04-12T18:30:37Z,0,7,0,9,1,8,0,10,0,8,0,10,1,8,1,11,0,10,0,9
2024351,2024-12-30,2024,12,30,一,1,365,3D,657,"6,5,7",6,5,7,"[6, 5, 7]","[5, 6, 7]",567,3,组六,False,False,18,8,2,7,5,2,1,3,0,2,1,1,1,1,021,EOO,BBB,NPP,1,0,0,138132670,13813.267,False,https://www.cwl.gov.cn/c/2024/12/30/600538.shtml,,2024350,672,15,5,组六,1,1,5741468,1,2,30,"[3, 5, 7]","[0, 4, 1]",13.8667,5.4667,0,2,28,2026-04-12T18:30:37Z,0,7,0,9,0,9,0,10,0,8,1,10,1,9,1,10,0,9,0,9
2024352,2024-12-31,2024,12,31,二,2,366,3D,292,"2,9,2",2,9,2,"[2, 9, 2]","[2, 2, 9]",229,2,组三,True,False,13,3,7,9,2,1,2,1,2,2,1,1,0,2,202,EOE,SBS,PNP,0,0,0,140641718,14064.1718,False,https://www.cwl.gov.cn/c/2024/12/31/600745.shtml,,2024351,657,18,2,组六,1,1,2509048,0,0,30,"[7, 3, 5]","[0, 4, 2]",14.1,5.4333,0,2,28,2026-04-12T18:30:37Z,0,7,0,9,2,8,0,10,0,7,0,10,0,10,0,11,0,9,1,9
2025001,2025-01-01,2025,1,1,三,3,1,3D,703,"7,0,3",7,0,3,"[7, 0, 3]","[0, 3, 7]",037,3,组六,False,False,10,0,7,7,0,2,1,1,2,2,1,2,1,0,100,OEO,BSS,PNP,0,0,1,121010930,12101.093,False,https://www.cwl.gov.cn/c/2025/01/01/600852.shtml,,2024352,292,13,7,组三,649,1,-19630788,0,0,30,"[2, 3, 5]","[0, 4, 8]",13.8333,5.6,0,3,27,2026-04-12T18:30:37Z,1,7,0,9,0,10,1,10,0,7,0,10,0,9,1,10,0,8,0,10
2025002,2025-01-02,2025,1,2,四,4,2,3D,916,"9,1,6",9,1,6,"[9, 1, 6]","[1, 6, 9]",169,3,组六,False,False,16,6,8,9,1,2,1,2,1,0,3,2,1,0,010,OOE,BSB,NNN,0,0,1,125620144,12562.0144,False,https://www.cwl.gov.cn/c/2025/01/02/600958.shtml,,2025001,703,10,7,组六,1,1,4609214,0,0,30,"[7, 2, 3]","[4, 0, 6]",13.7,5.7333,0,3,27,2026-04-12T18:30:37Z,0,8,1,9,0,10,0,10,0,7,0,9,1,8,0,11,0,8,1,10
2025003,2025-01-03,2025,1,3,五,5,3,3D,214,"2,1,4",2,1,4,"[2, 1, 4]","[1, 2, 4]",124,3,组六,False,False,7,7,3,4,1,1,2,0,3,1,2,0,2,1,211,EOE,SSS,PNN,1,0,1,132053224,13205.3224,False,https://www.cwl.gov.cn/c/2025/01/03/601066.shtml,,2025002,916,16,8,组六,1,1,6433080,1,1,30,"[7, 9, 1]","[4, 8, 0]",13.7333,5.8333,0,3,27,2026-04-12T18:30:37Z,0,8,1,10,1,10,0,9,1,6,0,9,0,9,0,11,0,7,0,11
2025004,2025-01-04,2025,1,4,六,6,4,3D,634,"6,3,4",6,3,4,"[6, 3, 4]","[3, 4, 6]",346,3,组六,False,False,13,3,3,6,3,1,2,1,2,1,2,2,1,0,001,EOE,BSS,NPN,1,0,1,127119438,12711.9438,True,https://www.cwl.gov.cn/c/2025/01/04/601072.shtml,https://www.cwl.gov.cn/c/2025/01/04/601073.shtml,2025003,214,7,3,组六,1,1,-4933786,1,1,30,"[2, 7, 9]","[8, 4, 0]",13.5,5.7,0,3,27,2026-04-12T18:30:37Z,0,8,0,10,0,11,1,9,1,7,0,8,1,9,0,11,0,6,0,11
2025005,2025-01-05,2025,1,5,日,7,5,3D,085,"0,8,5",0,8,5,"[0, 8, 5]","[0, 5, 8]",058,3,组六,False,False,13,3,8,8,0,1,2,2,1,1,2,1,0,2,022,EEO,SBB,NNP,0,0,1,127824192,12782.4192,False,https://www.cwl.gov.cn/c/2025/01/05/601078.shtml,,2025004,634,13,3,组六,1,1,704754,0,0,30,"[9, 1, 3]","[8, 0, 4]",13.5667,5.6333,0,2,28,2026-04-12T18:30:37Z,1,8,0,10,0,9,0,10,0,8,1,8,0,10,0,10,1,6,0,11
2025006,2025-01-06,2025,1,6,一,1,6,3D,898,"8,9,8",8,9,8,"[8, 9, 8]","[8, 8, 9]",889,2,组三,True,False,25,5,1,9,8,1,2,3,0,0,3,1,0,2,202,EOE,BBB,NNN,2,0,0,130352312,13035.2312,False,https://www.cwl.gov.cn/c/2025/01/06/601285.shtml,,2025005,085,13,8,组六,1,1,2528120,0,1,30,"[9, 1, 3]","[8, 0, 2]",13.6667,5.6333,0,2,28,2026-04-12T18:30:37Z,0,8,0,10,0,8,0,10,0,8,0,9,0,10,0,10,2,6,1,11
2025007,2025-01-07,2025,1,7,二,2,7,3D,141,"1,4,1",1,4,1,"[1, 4, 1]","[1, 1, 4]",114,2,组三,True,False,6,6,3,4,1,2,1,0,3,0,3,0,3,0,111,OEO,SSS,NNN,0,0,0,122480048,12248.0048,False,https://www.cwl.gov.cn/c/2025/01/07/601392.shtml,,2025006,898,25,1,组三,1,1,-7872264,0,0,30,"[9, 1, 7]","[0, 2, 4]",14.2,5.4667,0,3,27,2026-04-12T18:30:37Z,0,7,2,10,0,8,0,9,1,8,0,9,0,9,0,10,0,8,0,12
2025008,2025-01-08,2025,1,8,三,3,8,3D,260,"2,6,0",2,6,0,"[2, 6, 0]","[0, 2, 6]",026,3,组六,False,False,8,8,6,6,0,0,3,1,2,1,2,2,0,1,200,EEE,SBS,PNN,0,0,1,122295290,12229.529,False,https://www.cwl.gov.cn/c/2025/01/08/601599.shtml,,2025007,141,6,3,组三,1,1,-184758,0,0,30,"[1, 9, 7]","[0, 2, 8]",14.0667,5.2667,0,4,26,2026-04-12T18:30:37Z,1,6,0,11,1,8,0,9,0,9,0,9,1,9,0,10,0,8,0,11
2025009,2025-01-09,2025,1,9,四,4,9,3D,416,"4,1,6",4,1,6,"[4, 1, 6]","[1, 4, 6]",146,3,组六,False,False,11,1,5,6,1,1,2,1,2,0,3,1,2,0,110,EOE,SSB,NNN,0,0,1,122437942,12243.7942,False,https://www.cwl.gov.cn/c/2025/01/09/601806.shtml,,2025008,260,8,6,组六,1,1,142652,0,1,30,"[9, 1, 2]","[0, 8, 2]",13.8667,5.2667,0,4,26,2026-04-12T18:30:37Z,0,7,1,10,0,9,0,9,1,9,0,9,1,9,0,9,0,8,0,11
2025010,2025-01-10,2025,1,10,五,5,10,3D,333,"3,3,3",3,3,3,"[3, 3, 3]","[3, 3, 3]",333,1,豹子,True,True,9,9,0,3,3,3,0,0,3,3,0,3,0,0,000,OOO,SSS,PPP,0,2,-1,127921102,12792.1102,False,https://www.cwl.gov.cn/c/2025/01/10/602013.shtml,,2025009,416,11,5,组六,1,1,5483160,0,0,30,"[1, 9, 2]","[0, 8, 2]",13.6,5.2667,0,4,26,2026-04-12T18:30:37Z,0,7,0,11,0,9,3,9,0,9,0,9,0,9,0,9,0,8,0,10
2025011,2025-01-11,2025,1,11,六,6,11,3D,518,"5,1,8",5,1,8,"[5, 1, 8]","[1, 5, 8]",158,3,组六,False,False,14,4,7,8,1,2,1,2,1,1,2,0,1,2,212,OOE,BSB,PNN,0,0,1,115053974,11505.3974,True,https://www.cwl.gov.cn/c/2025/01/11/602019.shtml,https://www.cwl.gov.cn/c/2025/01/11/602020.shtml,2025010,333,9,0,豹子,1,1,-12867128,0,0,30,"[3, 1, 9]","[0, 5, 6]",13.3,5.2,1,4,25,2026-04-12T18:30:37Z,0,7,1,11,0,9,0,12,0,9,1,8,0,8,0,8,1,8,0,10
2025012,2025-01-12,2025,1,12,日,7,12,3D,487,"4,8,7",4,8,7,"[4, 8, 7]","[4, 7, 8]",478,3,组六,False,False,19,9,4,8,4,1,2,2,1,1,2,0,2,1,121,EEO,SBB,NNP,1,0,1,123431258,12343.1258,False,https://www.cwl.gov.cn/c/2025/01/12/602025.shtml,,2025011,518,14,7,组六,1,1,8377284,0,1,30,"[3, 1, 2]","[0, 5, 6]",13.2667,5.1667,1,4,25,2026-04-12T18:30:37Z,0,7,0,11,0,9,0,12,1,9,0,8,0,8,1,8,1,9,0,9
2025013,2025-01-13,2025,1,13,一,1,13,3D,606,"6,0,6",6,0,6,"[6, 0, 6]","[0, 6, 6]",066,2,组三,True,False,12,2,6,6,0,0,3,2,1,0,3,3,0,0,000,EEE,BSB,NNN,0,0,0,128749584,12874.9584,False,https://www.cwl.gov.cn/c/2025/01/13/602232.shtml,,2025012,487,19,4,组六,1,1,5318326,0,0,30,"[3, 1, 8]","[0, 5, 6]",13.5667,5.1667,1,4,25,2026-04-12T18:30:37Z,1,7,0,10,0,9,0,12,0,9,0,7,2,8,0,9,0,10,0,9
2025014,2025-01-14,2025,1,14,二,2,14,3D,679,"6,7,9",6,7,9,"[6, 7, 9]","[6, 7, 9]",679,3,组六,False,False,22,2,3,9,6,2,1,3,0,1,2,2,1,0,010,EOO,BBB,NPN,1,0,1,125072604,12507.2604,False,https://www.cwl.gov.cn/c/2025/01/14/602339.shtml,,2025013,606,12,6,组三,1,1,-3676980,1,1,30,"[3, 1, 6]","[5, 0, 9]",13.4,5.1667,1,5,24,2026-04-12T18:30:37Z,0,8,0,10,0,9,0,11,0,9,0,6,1,10,1,9,0,10,1,8
2025015,2025-01-15,2025,1,15,三,3,15,3D,942,"9,4,2",9,4,2,"[9, 4, 2]","[2, 4, 9]",249,3,组六,False,False,15,5,7,9,2,1,2,1,2,1,2,1,1,1,012,OEE,BSS,NNP,0,0,1,125997960,12599.796,False,https://www.cwl.gov.cn/c/2025/01/15/602546.shtml,,2025014,679,22,3,组六,1,1,925356,0,1,30,"[3, 1, 6]","[5, 0, 4]",13.5,5.1,1,5,24,2026-04-12T18:30:37Z,0,8,0,10,1,9,0,11,1,8,0,6,0,10,0,10,0,10,1,8
2025016,2025-01-16,2025,1,16,四,4,16,3D,104,"1,0,4",1,0,4,"[1, 0, 4]","[0, 1, 4]",014,3,组六,False,False,5,5,4,4,0,1,2,0,3,0,3,1,2,0,101,OEE,SSS,NNN,1,0,1,130737112,13073.7112,False,https://www.cwl.gov.cn/c/2025/01/16/602656.shtml,,2025015,942,15,7,组六,1,1,4739152,0,1,30,"[1, 2, 3]","[5, 0, 4]",13.5,5.1667,1,5,24,2026-04-12T18:30:37Z,1,8,1,10,0,10,0,10,1,8,0,6,0,10,0,10,0,9,0,9
2025017,2025-01-17,2025,1,17,五,5,17,3D,027,"0,2,7",0,2,7,"[0, 2, 7]","[0, 2, 7]",027,3,组六,False,False,9,9,7,7,0,1,2,1,2,2,1,1,1,1,021,EEO,SSB,NPP,0,0,1,129717920,12971.792,False,https://www.cwl.gov.cn/c/2025/01/17/602863.shtml,,2025016,104,5,4,组六,1,1,-1019192,0,1,30,"[1, 2, 3]","[5, 7, 9]",12.9,5.2333,1,4,25,2026-04-12T18:30:37Z,1,9,0,11,1,10,0,10,0,9,0,6,0,10,1,8,0,9,0,8
2025018,2025-01-18,2025,1,18,六,6,18,3D,836,"8,3,6",8,3,6,"[8, 3, 6]","[3, 6, 8]",368,3,组六,False,False,17,7,5,8,3,1,2,2,1,1,2,2,0,1,200,EOE,BSB,NPN,0,0,1,126827786,12682.7786,True,https://www.cwl.gov.cn/c/2025/01/18/602869.shtml,https://www.cwl.gov.cn/c/2025/01/18/602870.shtml,2025017,027,9,7,组六,1,1,-2890134,0,0,30,"[1, 2, 3]","[5, 9, 0]",12.7333,5.1667,1,4,25,2026-04-12T18:30:37Z,0,9,0,11,0,11,1,10,0,9,0,5,1,10,0,9,1,9,0,7
2025019,2025-01-19,2025,1,19,日,7,19,3D,710,"7,1,0",7,1,0,"[7, 1, 0]","[0, 1, 7]",017,3,组六,False,False,8,8,7,7,0,2,1,1,2,1,2,1,2,0,110,OOE,BSS,PNN,1,0,1,131626900,13162.69,False,https://www.cwl.gov.cn/c/2025/01/19/602875.shtml,,2025018,836,17,5,组六,1,1,4799114,0,0,30,"[1, 3, 6]","[5, 9, 7]",12.7333,5.1333,1,4,25,2026-04-12T18:30:37Z,1,9,1,11,0,10,0,11,0,9,0,5,0,11,1,8,0,9,0,7
2025020,2025-01-20,2025,1,20,一,1,20,3D,056,"0,5,6",0,5,6,"[0, 5, 6]","[0, 5, 6]",056,3,组六,False,False,11,1,6,6,0,1,2,2,1,1,2,2,0,1,020,EOE,SBB,NPN,1,0,1,130478370,13047.837,False,https://www.cwl.gov.cn/c/2025/01/20/603082.shtml,,2025019,710,8,7,组六,1,1,-1148530,0,1,30,"[1, 6, 0]","[5, 9, 7]",12.6333,5.1667,1,4,25,2026-04-12T18:30:37Z,1,10,0,11,0,10,0,10,0,9,1,5,1,11,0,8,0,9,0,7
2025021,2025-01-21,2025,1,21,二,2,21,3D,468,"4,6,8",4,6,8,"[4, 6, 8]","[4, 6, 8]",468,3,组六,False,False,18,8,4,8,4,0,3,2,1,0,3,1,1,1,102,EEE,SBB,NNN,0,0,0,128760978,12876.0978,False,https://www.cwl.gov.cn/c/2025/01/21/603389.shtml,,2025020,056,11,6,组六,1,1,-1717392,0,1,30,"[6, 0, 1]","[5, 9, 4]",12.5,5.2,1,4,25,2026-04-12T18:30:37Z,0,11,0,11,0,10,0,9,1,8,0,6,1,12,0,8,1,8,0,7
2025022,2025-01-22,2025,1,22,三,3,22,3D,638,"6,3,8",6,3,8,"[6, 3, 8]","[3, 6, 8]",368,3,组六,False,False,17,7,5,8,3,1,2,2,1,1,2,2,0,1,002,EOE,BSB,NPN,0,0,1,130150770,13015.077,False,https://www.cwl.gov.cn/c/2025/01/22/603596.shtml,,2025021,468,18,4,组六,1,1,1389792,1,2,30,"[6, 0, 1]","[5, 9, 4]",12.8667,5.2333,1,4,25,2026-04-12T18:30:37Z,0,11,0,10,0,9,1,9,0,8,0,6,1,13,0,8,1,9,0,7
2025023,2025-01-23,2025,1,23,四,4,23,3D,591,"5,9,1",5,9,1,"[5, 9, 1]","[1, 5, 9]",159,3,组六,False,False,15,5,8,9,1,3,0,2,1,1,2,1,1,1,201,OOO,BBS,PNN,0,0,0,130805322,13080.5322,False,https://www.cwl.gov.cn/c/2025/01/23/603703.shtml,,2025022,638,17,5,组六,1,1,654552,0,0,30,"[6, 0, 1]","[5, 9, 4]",13.1667,5.2333,1,4,25,2026-04-12T18:30:37Z,0,10,1,10,0,9,0,9,0,8,1,5,0,14,0,8,0,10,1,7
2025024,2025-01-24,2025,1,24,五,5,24,3D,762,"7,6,2",7,6,2,"[7, 6, 2]","[2, 6, 7]",267,3,组六,False,False,15,5,5,7,2,1,2,2,1,2,1,1,1,1,102,OEE,BBS,PNP,1,0,1,137606936,13760.6936,False,https://www.cwl.gov.cn/c/2025/01/24/603910.shtml,,2025023,591,15,8,组六,1,1,6801614,0,0,30,"[6, 0, 1]","[5, 7, 3]",13.3,5.3,1,4,25,2026-04-12T18:30:37Z,0,10,0,10,1,9,0,8,0,8,0,6,1,14,1,7,0,10,0,8
2025025,2025-01-25,2025,1,25,六,6,25,3D,486,"4,8,6",4,8,6,"[4, 8, 6]","[4, 6, 8]",468,3,组六,False,False,18,8,4,8,4,0,3,2,1,0,3,1,1,1,120,EEE,SBB,NNN,0,0,0,138271464,13827.1464,True,https://www.cwl.gov.cn/c/2025/01/25/603916.shtml,https://www.cwl.gov.cn/c/2025/01/25/603917.shtml,2025024,762,15,5,组六,1,1,664528,0,1,30,"[6, 1, 2]","[5, 3, 4]",13.4333,5.2667,1,4,25,2026-04-12T18:30:37Z,0,9,0,10,0,10,0,8,1,8,0,5,1,14,0,8,1,10,0,8
2025026,2025-01-26,2025,1,26,日,7,26,3D,588,"5,8,8",5,8,8,"[5, 8, 8]","[5, 8, 8]",588,2,组三,True,False,21,1,3,8,5,1,2,3,0,1,2,0,0,3,222,OEE,BBB,PNN,0,1,0,144082894,14408.2894,False,https://www.cwl.gov.cn/c/2025/01/26/604022.shtml,,2025025,486,18,4,组六,1,1,5811430,1,1,30,"[6, 8, 1]","[5, 3, 9]",13.5667,5.1667,1,4,25,2026-04-12T18:30:37Z,0,9,0,10,0,9,0,7,0,9,1,5,0,15,0,8,2,11,0,7
2025027,2025-02-06,2025,2,6,四,4,37,3D,383,"3,8,3",3,8,3,"[3, 8, 3]","[3, 3, 8]",338,2,组三,True,False,14,4,5,8,3,2,1,1,2,2,1,2,0,1,020,OEO,SBS,PNP,0,0,0,112446958,11244.6958,False,https://www.cwl.gov.cn/c/2025/02/06/604229.shtml,,2025026,588,21,3,组三,1,11,-31635936,1,1,30,"[6, 8, 1]","[5, 9, 3]",13.6333,5.0333,1,5,24,2026-04-12T18:30:37Z,0,9,0,10,0,8,2,7,0,9,0,6,0,15,0,8,1,12,0,6
2025028,2025-02-07,2025,2,7,五,5,38,3D,409,"4,0,9",4,0,9,"[4, 0, 9]","[0, 4, 9]",049,3,组六,False,False,13,3,9,9,0,1,2,1,2,0,3,2,1,0,100,EEO,SSB,NNN,0,0,1,105047830,10504.783,False,https://www.cwl.gov.cn/c/2025/02/07/604336.shtml,,2025027,383,14,5,组三,1,1,-7399128,0,0,30,"[6, 8, 1]","[5, 9, 0]",13.8,4.9333,1,6,23,2026-04-12T18:30:37Z,1,8,0,9,0,8,0,9,1,9,0,6,0,15,0,8,0,12,1,6
2025029,2025-02-08,2025,2,8,六,6,39,3D,096,"0,9,6",0,9,6,"[0, 9, 6]","[0, 6, 9]",069,3,组六,False,False,15,5,9,9,0,1,2,2,1,0,3,3,0,0,000,EOE,SBB,NNN,0,0,1,108213326,10821.3326,True,https://www.cwl.gov.cn/c/2025/02/08/604542.shtml,https://www.cwl.gov.cn/c/2025/02/08/604543.shtml,2025028,409,13,9,组六,1,1,3165496,0,2,30,"[6, 8, 4]","[5, 2, 7]",13.7333,5.0667,1,6,23,2026-04-12T18:30:37Z,1,9,0,9,0,7,0,9,0,10,0,6,1,14,0,7,0,12,1,7
2025030,2025-02-09,2025,2,9,日,7,40,3D,302,"3,0,2",3,0,2,"[3, 0, 2]","[0, 2, 3]",023,3,组六,False,False,5,5,3,3,0,1,2,0,3,2,1,2,0,1,002,OEE,SSS,PNP,0,0,1,111521330,11152.133,False,https://www.cwl.gov.cn/c/2025/02/09/604548.shtml,,2025029,096,15,9,组六,1,1,3308004,0,1,30,"[6, 8, 0]","[5, 7, 2]",13.6333,5.3,1,6,23,2026-04-12T18:30:37Z,1,10,0,9,1,7,1,9,0,10,0,5,0,14,0,6,0,12,0,8
2025031,2025-02-10,2025,2,10,一,1,41,3D,379,"3,7,9",3,7,9,"[3, 7, 9]","[3, 7, 9]",379,3,组六,False,False,19,9,6,9,3,3,0,2,1,2,1,2,1,0,010,OOO,SBB,PPN,0,0,1,110862208,11086.2208,False,https://www.cwl.gov.cn/c/2025/02/10/604755.shtml,,2025030,302,5,3,组六,1,1,-659122,1,1,30,"[6, 8, 0]","[5, 2, 7]",13.3667,5.1667,1,5,24,2026-04-12T18:30:37Z,0,11,0,9,0,6,1,10,0,10,0,5,0,14,1,6,0,12,1,7
2025032,2025-02-11,2025,2,11,二,2,42,3D,499,"4,9,9",4,9,9,"[4, 9, 9]","[4, 9, 9]",499,2,组三,True,False,22,2,5,9,4,2,1,2,1,0,3,2,1,0,100,EOO,SBB,NNN,0,1,0,112635166,11263.5166,False,https://www.cwl.gov.cn/c/2025/02/11/604862.shtml,,2025031,379,19,6,组六,1,1,1772958,1,1,30,"[6, 8, 0]","[5, 2, 7]",13.6667,5.1333,1,5,24,2026-04-12T18:30:37Z,0,10,0,9,0,6,0,10,1,10,0,5,0,14,0,6,0,12,2,8
2025033,2025-02-12,2025,2,12,三,3,43,3D,606,"6,0,6",6,0,6,"[6, 0, 6]","[0, 6, 6]",066,2,组三,True,False,12,2,6,6,0,0,3,2,1,0,3,3,0,0,000,EEE,BSB,NNN,0,0,0,112915394,11291.5394,False,https://www.cwl.gov.cn/c/2025/02/12/605069.shtml,,2025032,499,22,5,组三,1,1,280228,0,0,30,"[6, 8, 4]","[5, 2, 7]",13.8667,5.0333,1,6,23,2026-04-12T18:30:37Z,1,10,0,8,0,6,0,10,0,11,0,5,2,13,0,6,0,12,0,9
2025034,2025-02-13,2025,2,13,四,4,44,3D,261,"2,6,1",2,6,1,"[2, 6, 1]","[1, 2, 6]",126,3,组六,False,False,9,9,5,6,1,1,2,1,2,1,2,1,1,1,201,EEO,SBS,PNN,0,0,1,115398540,11539.854,False,https://www.cwl.gov.cn/c/2025/02/13/605176.shtml,,2025033,606,12,6,组三,1,1,2483146,0,1,30,"[6, 8, 0]","[2, 5, 7]",14.0333,5.1333,1,7,22,2026-04-12T18:30:37Z,0,11,1,7,1,5,0,10,0,10,0,5,1,15,0,6,0,12,0,9
2025035,2025-02-14,2025,2,14,五,5,45,3D,778,"7,7,8",7,7,8,"[7, 7, 8]","[7, 7, 8]",778,2,组三,True,False,22,2,1,8,7,2,1,3,0,2,1,0,2,1,112,OOE,BBB,PPN,1,1,0,122926880,12292.688,False,https://www.cwl.gov.cn/c/2025/02/14/605383.shtml,,2025034,261,9,5,组六,1,1,7528340,0,0,30,"[6, 8, 0]","[5, 2, 7]",13.9,5.2,1,7,22,2026-04-12T18:30:37Z,0,11,0,8,0,6,0,9,0,9,0,5,0,15,2,6,1,12,0,9
2025036,2025-02-15,2025,2,15,六,6,46,3D,617,"6,1,7",6,1,7,"[6, 1, 7]","[1, 6, 7]",167,3,组六,False,False,14,4,6,7,1,2,1,2,1,1,2,1,2,0,011,EOO,BSB,NNP,0,0,1,113719360,11371.936,True,https://www.cwl.gov.cn/c/2025/02/15/605389.shtml,https://www.cwl.gov.cn/c/2025/02/15/605390.shtml,2025035,778,22,1,组三,1,1,-9207520,0,1,30,"[6, 8, 0]","[5, 2, 1]",14.2,4.9667,1,8,21,2026-04-12T18:30:37Z,0,10,1,8,0,6,0,9,0,9,0,4,1,15,1,8,0,12,0,9
2025037,2025-02-16,2025,2,16,日,7,47,3D,131,"1,3,1",1,3,1,"[1, 3, 1]","[1, 1, 3]",113,2,组三,True,False,5,5,2,3,1,3,0,0,3,1,2,1,2,0,101,OOO,SSS,NPN,0,0,0,118973646,11897.3646,False,https://www.cwl.gov.cn/c/2025/02/16/605395.shtml,,2025036,617,14,6,组六,1,1,5254286,0,1,30,"[6, 0, 8]","[5, 2, 9]",13.8333,5.1333,1,7,22,2026-04-12T18:30:37Z,0,10,2,9,0,6,1,9,0,9,0,4,0,16,0,9,0,10,0,8
2025038,2025-02-17,2025,2,17,一,1,48,3D,847,"8,4,7",8,4,7,"[8, 4, 7]","[4, 7, 8]",478,3,组六,False,False,19,9,4,8,4,1,2,2,1,1,2,0,2,1,211,EEO,BSB,NNP,0,0,1,117073524,11707.3524,False,https://www.cwl.gov.cn/c/2025/02/17/605602.shtml,,2025037,131,5,2,组三,1,1,-1900122,0,0,30,"[6, 0, 3]","[5, 2, 4]",13.8,5.1,1,7,22,2026-04-12T18:30:37Z,0,10,0,9,0,6,0,10,1,8,0,4,0,16,1,9,1,10,0,8
2025039,2025-02-18,2025,2,18,二,2,49,3D,932,"9,3,2",9,3,2,"[9, 3, 2]","[2, 3, 9]",239,3,组六,False,False,14,4,7,9,2,2,1,1,2,2,1,2,0,1,002,OOE,BSS,NPP,1,0,1,119959874,11995.9874,False,https://www.cwl.gov.cn/c/2025/02/18/605809.shtml,,2025038,847,19,4,组六,1,1,2886350,0,0,30,"[6, 8, 3]","[5, 2, 9]",14.1667,5.0333,1,7,22,2026-04-12T18:30:37Z,0,9,0,9,1,5,1,10,0,9,0,4,0,15,0,10,0,11,1,8
2025040,2025-02-19,2025,2,19,三,3,50,3D,428,"4,2,8",4,2,8,"[4, 2, 8]","[2, 4, 8]",248,3,组六,False,False,14,4,6,8,2,0,3,1,2,1,2,0,1,2,122,EEE,SSB,NPN,0,0,1,122303390,12230.339,False,https://www.cwl.gov.cn/c/2025/02/19/606016.shtml,,2025039,932,14,7,组六,1,1,2343516,0,1,30,"[6, 3, 8]","[5, 2, 1]",14.2667,5.1,1,7,22,2026-04-12T18:30:37Z,0,9,0,8,1,6,0,11,1,8,0,4,0,14,0,10,1,11,0,9
2025041,2025-02-20,2025,2,20,四,4,51,3D,401,"4,0,1",4,0,1,"[4, 0, 1]","[0, 1, 4]",014,3,组六,False,False,5,5,4,4,0,1,2,0,3,0,3,1,2,0,101,EEO,SSS,NNN,1,0,1,123691424,12369.1424,False,https://www.cwl.gov.cn/c/2025/02/20/606023.shtml,,2025040,428,14,6,组六,1,1,1388034,1,1,30,"[6, 8, 7]","[5, 2, 1]",14.4333,5.3,0,7,23,2026-04-12T18:30:37Z,1,9,1,8,0,7,0,8,1,9,0,4,0,14,0,10,0,12,0,9
2025042,2025-02-21,2025,2,21,五,5,52,3D,775,"7,7,5",7,7,5,"[7, 7, 5]","[5, 7, 7]",577,2,组三,True,False,19,9,2,7,5,3,0,3,0,3,0,0,2,1,112,OOO,BBB,PPP,0,1,0,123557262,12355.7262,False,https://www.cwl.gov.cn/c/2025/02/21/606230.shtml,,2025041,401,5,4,组六,1,1,-134162,0,0,30,"[6, 8, 0]","[5, 2, 1]",14.1333,5.2,0,7,23,2026-04-12T18:30:37Z,0,10,0,8,0,7,0,8,0,10,1,3,0,14,2,10,0,11,0,9
2025043,2025-02-22,2025,2,22,六,6,53,3D,475,"4,7,5",4,7,5,"[4, 7, 5]","[4, 5, 7]",457,3,组六,False,False,16,6,3,7,4,2,1,2,1,2,1,0,2,1,112,EOO,SBB,NPP,0,0,1,115986908,11598.6908,True,https://www.cwl.gov.cn/c/2025/02/22/606236.shtml,https://www.cwl.gov.cn/c/2025/02/22/606237.shtml,2025042,775,19,2,组三,1,1,-7570354,2,2,30,"[6, 7, 0]","[5, 2, 1]",14.1333,5.1333,0,8,22,2026-04-12T18:30:37Z,0,10,0,8,0,7,0,8,1,9,1,4,0,14,1,11,0,10,0,9
2025044,2025-02-23,2025,2,23,日,7,54,3D,912,"9,1,2",9,1,2,"[9, 1, 2]","[1, 2, 9]",129,3,组六,False,False,12,2,8,9,1,2,1,1,2,1,2,1,1,1,012,OOE,BSS,NNP,1,0,1,113960950,11396.095,False,https://www.cwl.gov.cn/c/2025/02/23/606242.shtml,,2025043,475,16,3,组六,1,1,-2025958,0,0,30,"[6, 7, 4]","[5, 2, 1]",14.2667,5.0333,0,7,23,2026-04-12T18:30:37Z,0,9,1,8,1,7,0,8,0,10,0,5,0,12,0,12,0,10,1,9
2025045,2025-02-24,2025,2,24,一,1,55,3D,554,"5,5,4",5,5,4,"[5, 5, 4]","[4, 5, 5]",455,2,组三,True,False,14,4,1,5,4,2,1,2,1,2,1,0,1,2,221,OOE,BBS,PPN,1,1,0,121624432,12162.4432,False,https://www.cwl.gov.cn/c/2025/02/24/606449.shtml,,2025044,912,12,8,组六,1,1,7663482,0,0,30,"[6, 7, 4]","[5, 2, 3]",13.9333,5.2,0,7,23,2026-04-12T18:30:37Z,0,9,0,9,0,8,0,8,1,10,2,5,0,11,0,11,0,10,0,9
2025046,2025-02-25,2025,2,25,二,2,56,3D,490,"4,9,0",4,9,0,"[4, 9, 0]","[0, 4, 9]",049,3,组六,False,False,13,3,9,9,0,1,2,1,2,0,3,2,1,0,100,EOE,SBS,NNN,0,0,1,118687816,11868.7816,False,https://www.cwl.gov.cn/c/2025/02/25/606656.shtml,,2025045,554,14,1,组三,1,1,-2936616,0,1,30,"[6, 7, 4]","[2, 5, 3]",13.9,5.0,0,8,22,2026-04-12T18:30:37Z,1,9,0,9,0,7,0,8,1,10,0,7,0,11,0,11,0,10,1,8
2025047,2025-02-26,2025,2,26,三,3,57,3D,248,"2,4,8",2,4,8,"[2, 4, 8]","[2, 4, 8]",248,3,组六,False,False,14,4,6,8,2,0,3,1,2,1,2,0,1,2,212,EEE,SSB,PNN,0,0,1,123821540,12382.154,False,https://www.cwl.gov.cn/c/2025/02/26/606863.shtml,,2025046,490,13,9,组六,1,1,5133724,0,1,30,"[6, 7, 4]","[2, 5, 1]",14.1667,5.1667,0,8,22,2026-04-12T18:30:37Z,0,9,0,8,1,7,0,8,1,10,0,7,0,11,0,11,1,10,0,9
2025048,2025-02-27,2025,2,27,四,4,58,3D,640,"6,4,0",6,4,0,"[6, 4, 0]","[0, 4, 6]",046,3,组六,False,False,10,0,6,6,0,0,3,1,2,0,3,2,1,0,010,EEE,BSS,NNN,0,0,1,123604186,12360.4186,False,https://www.cwl.gov.cn/c/2025/02/27/606970.shtml,,2025047,248,14,6,组六,1,1,-217354,1,1,30,"[4, 6, 8]","[2, 5, 0]",14.3333,5.1333,0,8,22,2026-04-12T18:30:37Z,1,8,0,8,0,7,0,8,1,11,0,7,1,11,0,10,0,11,0,9
2025049,2025-02-28,2025,2,28,五,5,59,3D,004,"0,0,4",0,0,4,"[0, 0, 4]","[0, 0, 4]",004,2,组三,True,False,4,4,4,4,0,0,3,0,3,0,3,2,1,0,001,EEE,SSS,NNN,0,1,0,128286352,12828.6352,False,https://www.cwl.gov.cn/c/2025/02/28/607177.shtml,,2025048,640,10,6,组六,1,1,4682166,0,2,30,"[4, 6, 7]","[2, 3, 5]",14.1,5.1667,0,8,22,2026-04-12T18:30:37Z,2,9,0,8,0,7,0,7,1,12,0,7,0,11,0,10,0,10,0,9
2025050,2025-03-01,2025,3,1,六,6,60,3D,806,"8,0,6",8,0,6,"[8, 0, 6]","[0, 6, 8]",068,3,组六,False,False,14,4,8,8,0,0,3,2,1,0,3,2,0,1,200,EEE,BSB,NNN,0,0,1,123449064,12344.9064,True,https://www.cwl.gov.cn/c/2025/03/01/607185.shtml,https://www.cwl.gov.cn/c/2025/03/01/607186.shtml,2025049,004,4,4,组三,1,1,-4837288,1,1,30,"[4, 6, 0]","[1, 2, 3]",13.9667,5.0667,0,9,21,2026-04-12T18:30:37Z,1,10,0,7,0,7,0,7,0,13,0,7,1,11,0,9,1,10,0,9
2025051,2025-03-02,2025,3,2,日,7,61,3D,905,"9,0,5",9,0,5,"[9, 0, 5]","[0, 5, 9]",059,3,组六,False,False,14,4,9,9,0,2,1,2,1,1,2,2,0,1,002,OEO,BSB,NNP,0,0,1,127297032,12729.7032,False,https://www.cwl.gov.cn/c/2025/03/02/607191.shtml,,2025050,806,14,8,组六,1,1,3847968,1,1,30,"[4, 6, 8]","[5, 1, 2]",14.0667,5.1333,0,9,21,2026-04-12T18:30:37Z,1,10,0,7,0,7,0,7,0,13,1,6,0,11,0,9,0,11,1,9
2025052,2025-03-03,2025,3,3,一,1,62,3D,585,"5,8,5",5,8,5,"[5, 8, 5]","[5, 5, 8]",558,2,组三,True,False,18,8,3,8,5,2,1,3,0,2,1,0,0,3,222,OEO,BBB,PNP,0,0,0,127550000,12755.0,False,https://www.cwl.gov.cn/c/2025/03/03/607398.shtml,,2025051,905,14,9,组六,1,1,252968,1,1,30,"[4, 0, 6]","[1, 2, 3]",13.9333,5.3,0,9,21,2026-04-12T18:30:37Z,0,11,0,7,0,7,0,7,0,12,2,7,0,10,0,9,1,10,0,10
2025053,2025-03-04,2025,3,4,二,2,63,3D,895,"8,9,5",8,9,5,"[8, 9, 5]","[5, 8, 9]",589,3,组六,False,False,22,2,4,9,5,2,1,3,0,1,2,1,0,2,202,EOO,BBB,NNP,1,0,1,125041488,12504.1488,False,https://www.cwl.gov.cn/c/2025/03/04/607505.shtml,,2025052,585,18,3,组三,1,1,-2508512,1,2,30,"[4, 0, 8]","[3, 1, 2]",13.9667,5.2333,0,10,20,2026-04-12T18:30:37Z,0,11,0,7,0,7,0,6,0,12,1,9,0,9,0,9,1,10,1,10
2025054,2025-03-05,2025,3,5,三,3,64,3D,497,"4,9,7",4,9,7,"[4, 9, 7]","[4, 7, 9]",479,3,组六,False,False,20,0,5,9,4,2,1,2,1,1,2,1,2,0,101,EOO,SBB,NNP,0,0,1,125276134,12527.6134,False,https://www.cwl.gov.cn/c/2025/03/05/607612.shtml,,2025053,895,22,4,组六,1,1,234646,1,1,30,"[4, 0, 8]","[1, 3, 2]",14.2,5.1,0,10,20,2026-04-12T18:30:37Z,0,11,0,6,0,7,0,6,1,12,0,9,0,9,1,9,0,11,1,10
2025055,2025-03-06,2025,3,6,四,4,65,3D,368,"3,6,8",3,6,8,"[3, 6, 8]","[3, 6, 8]",368,3,组六,False,False,17,7,5,8,3,1,2,2,1,1,2,2,0,1,002,OEE,SBB,PNN,0,0,1,129484966,12948.4966,False,https://www.cwl.gov.cn/c/2025/03/06/607719.shtml,,2025054,497,20,5,组六,1,1,4208832,0,0,30,"[4, 0, 8]","[1, 2, 3]",14.3667,5.1,0,10,20,2026-04-12T18:30:37Z,0,11,0,6,0,6,1,6,0,13,0,9,1,8,0,9,1,11,0,11
2025056,2025-03-07,2025,3,7,五,5,66,3D,492,"4,9,2",4,9,2,"[4, 9, 2]","[2, 4, 9]",249,3,组六,False,False,15,5,7,9,2,1,2,1,2,1,2,1,1,1,102,EOE,SBS,NNP,0,0,1,133846308,13384.6308,False,https://www.cwl.gov.cn/c/2025/03/07/607826.shtml,,2025055,368,17,5,组六,1,1,4361342,0,0,30,"[4, 0, 8]","[1, 2, 3]",14.3333,5.1333,0,10,20,2026-04-12T18:30:37Z,0,11,0,6,1,6,0,7,1,12,0,9,0,8,0,9,0,11,1,11
2025057,2025-03-08,2025,3,8,六,6,67,3D,397,"3,9,7",3,9,7,"[3, 9, 7]","[3, 7, 9]",379,3,组六,False,False,19,9,6,9,3,3,0,2,1,2,1,2,1,0,001,OOO,SBB,PNP,0,0,1,132496790,13249.679,True,https://www.cwl.gov.cn/c/2025/03/08/607832.shtml,https://www.cwl.gov.cn/c/2025/03/08/607833.shtml,2025056,492,15,7,组六,1,1,-1349518,1,1,30,"[4, 9, 0]","[1, 2, 3]",14.1333,5.2667,0,9,21,2026-04-12T18:30:37Z,0,11,0,6,0,7,1,7,0,13,0,8,0,8,1,9,0,9,1,12
2025058,2025-03-09,2025,3,9,日,7,68,3D,405,"4,0,5",4,0,5,"[4, 0, 5]","[0, 4, 5]",045,3,组六,False,False,9,9,5,5,0,1,2,1,2,1,2,1,1,1,102,EEO,SSB,NNP,0,0,1,133680338,13368.0338,False,https://www.cwl.gov.cn/c/2025/03/09/607837.shtml,,2025057,397,19,6,组六,1,1,1183548,0,0,30,"[4, 9, 0]","[1, 3, 2]",14.3,5.3,0,8,22,2026-04-12T18:30:37Z,1,11,0,6,0,7,0,6,1,13,1,8,0,8,0,10,0,8,0,13
2025059,2025-03-10,2025,3,10,一,1,69,3D,847,"8,4,7",8,4,7,"[8, 4, 7]","[4, 7, 8]",478,3,组六,False,False,19,9,4,8,4,1,2,2,1,1,2,0,2,1,211,EEO,BSB,NNP,0,0,1,136348478,13634.8478,False,https://www.cwl.gov.cn/c/2025/03/10/607945.shtml,,2025058,405,9,5,组六,1,1,2668140,0,1,30,"[4, 9, 0]","[1, 3, 2]",14.1667,5.1667,0,8,22,2026-04-12T18:30:37Z,0,11,0,6,0,7,0,6,1,13,0,9,0,8,1,10,1,8,0,12
2025060,2025-03-11,2025,3,11,二,2,70,3D,938,"9,3,8",9,3,8,"[9, 3, 8]","[3, 8, 9]",389,3,组六,False,False,20,0,6,9,3,2,1,2,1,1,2,2,0,1,002,OOE,BSB,NPN,0,0,1,135621788,13562.1788,False,https://www.cwl.gov.cn/c/2025/03/11/608052.shtml,,2025059,847,19,4,组六,1,1,-726690,0,1,30,"[4, 7, 9]","[1, 3, 2]",14.3,5.0,0,8,22,2026-04-12T18:30:37Z,0,10,0,6,0,7,1,6,0,14,0,9,0,7,0,11,1,9,1,11
2025061,2025-03-12,2025,3,12,三,3,71,3D,476,"4,7,6",4,7,6,"[4, 7, 6]","[4, 6, 7]",467,3,组六,False,False,17,7,3,7,4,1,2,2,1,1,2,1,2,0,110,EOE,SBB,NPN,1,0,1,139972702,13997.2702,False,https://www.cwl.gov.cn/c/2025/03/12/608259.shtml,,2025060,938,20,6,组六,1,1,4350914,0,0,30,"[4, 9, 7]","[1, 2, 3]",14.8,5.1,0,8,22,2026-04-12T18:30:37Z,0,9,0,6,0,6,0,6,1,14,0,9,1,7,1,11,0,10,0,12
2025062,2025-03-13,2025,3,13,四,4,72,3D,810,"8,1,0",8,1,0,"[8, 1, 0]","[0, 1, 8]",018,3,组六,False,False,9,9,8,8,0,1,2,1,2,0,3,1,1,1,210,EOE,BSS,NNN,1,0,1,137961302,13796.1302,False,https://www.cwl.gov.cn/c/2025/03/13/608366.shtml,,2025061,476,17,3,组六,1,1,-2011400,0,0,30,"[4, 7, 9]","[3, 1, 2]",14.7333,5.0,0,8,22,2026-04-12T18:30:37Z,1,9,1,6,0,6,0,5,0,15,0,9,0,8,0,11,1,10,0,11
2025063,2025-03-14,2025,3,14,五,5,73,3D,405,"4,0,5",4,0,5,"[4, 0, 5]","[0, 4, 5]",045,3,组六,False,False,9,9,5,5,0,1,2,1,2,1,2,1,1,1,102,EEO,SSB,NNP,0,0,1,140419336,14041.9336,False,https://www.cwl.gov.cn/c/2025/03/14/608673.shtml,,2025062,810,9,8,组六,1,1,2458034,0,1,30,"[4, 7, 8]","[3, 2, 1]",14.3,5.1,0,7,23,2026-04-12T18:30:37Z,1,10,0,7,0,6,0,5,1,14,1,9,0,8,0,11,0,11,0,9
2025064,2025-03-15,2025,3,15,六,6,74,3D,928,"9,2,8",9,2,8,"[9, 2, 8]","[2, 8, 9]",289,3,组六,False,False,19,9,7,9,2,1,2,2,1,1,2,1,0,2,022,OEE,BSB,NPN,0,0,1,134319644,13431.9644,True,https://www.cwl.gov.cn/c/2025/03/15/608679.shtml,https://www.cwl.gov.cn/c/2025/03/15/608680.shtml,2025063,405,9,5,组六,1,1,-6099692,0,0,30,"[4, 7, 8]","[3, 2, 6]",14.2,5.0667,0,6,24,2026-04-12T18:30:37Z,0,10,0,7,1,6,0,5,0,15,0,10,0,6,0,11,1,11,1,9
2025065,2025-03-16,2025,3,16,日,7,75,3D,538,"5,3,8",5,3,8,"[5, 3, 8]","[3, 5, 8]",358,3,组六,False,False,16,6,5,8,3,2,1,2,1,2,1,1,0,2,202,OOE,BSB,PPN,0,0,1,141132818,14113.2818,False,https://www.cwl.gov.cn/c/2025/03/16/608685.shtml,,2025064,928,19,7,组六,1,1,6813174,1,1,30,"[4, 8, 7]","[3, 6, 1]",14.5333,5.1333,0,6,24,2026-04-12T18:30:37Z,0,10,0,6,0,6,1,5,0,15,1,10,0,5,0,11,1,12,0,10
2025066,2025-03-17,2025,3,17,一,1,76,3D,720,"7,2,0",7,2,0,"[7, 2, 0]","[0, 2, 7]",027,3,组六,False,False,9,9,7,7,0,1,2,1,2,2,1,1,1,1,120,OEE,BSS,PPN,0,0,1,148542580,14854.258,False,https://www.cwl.gov.cn/c/2025/03/17/608892.shtml,,2025065,538,16,5,组六,1,1,7409762,0,0,30,"[4, 8, 5]","[6, 1, 2]",14.3333,5.2667,0,5,25,2026-04-12T18:30:37Z,1,10,0,6,1,6,0,6,0,15,0,11,0,5,1,9,0,12,0,10
2025067,2025-03-18,2025,3,18,二,2,77,3D,385,"3,8,5",3,8,5,"[3, 8, 5]","[3, 5, 8]",358,3,组六,False,False,16,6,5,8,3,2,1,2,1,2,1,1,0,2,022,OEO,SBB,PNP,0,0,1,152673322,15267.3322,False,https://www.cwl.gov.cn/c/2025/03/18/609199.shtml,,2025066,720,9,7,组六,1,1,4130742,0,0,30,"[4, 8, 0]","[6, 1, 3]",14.1667,5.3,0,5,25,2026-04-12T18:30:37Z,0,11,0,5,0,7,1,6,0,15,1,11,0,4,0,9,1,12,0,10
2025068,2025-03-19,2025,3,19,三,3,78,3D,555,"5,5,5",5,5,5,"[5, 5, 5]","[5, 5, 5]",555,1,豹子,True,True,15,5,0,5,5,3,0,3,0,3,0,0,0,3,222,OOO,BBB,PPP,0,2,-1,152420794,15242.0794,False,https://www.cwl.gov.cn/c/2025/03/19/609406.shtml,,2025067,385,16,5,组六,1,1,-252528,1,1,30,"[4, 8, 5]","[1, 6, 3]",14.5333,5.4,0,4,26,2026-04-12T18:30:37Z,0,11,0,3,0,7,0,6,0,15,3,12,0,4,0,9,0,13,0,10
2025069,2025-03-20,2025,3,20,四,4,79,3D,906,"9,0,6",9,0,6,"[9, 0, 6]","[0, 6, 9]",069,3,组六,False,False,15,5,9,9,0,1,2,2,1,0,3,3,0,0,000,OEE,BSB,NNN,0,0,1,131191350,13119.135,False,https://www.cwl.gov.cn/c/2025/03/20/609513.shtml,,2025068,555,15,0,豹子,1,1,-21229444,0,0,30,"[5, 4, 8]","[1, 6, 3]",14.4,5.2667,1,4,25,2026-04-12T18:30:37Z,1,11,0,3,0,7,0,6,0,14,0,15,1,4,0,8,0,12,1,10
2025070,2025-03-21,2025,3,21,五,5,80,3D,748,"7,4,8",7,4,8,"[7, 4, 8]","[4, 7, 8]",478,3,组六,False,False,19,9,4,8,4,1,2,2,1,1,2,0,2,1,112,OEE,BSB,PNN,0,0,1,139901544,13990.1544,False,https://www.cwl.gov.cn/c/2025/03/21/609720.shtml,,2025069,906,15,9,组六,1,1,8710194,0,0,30,"[5, 4, 0]","[1, 3, 6]",14.4333,5.3333,1,4,25,2026-04-12T18:30:37Z,0,12,0,3,0,6,0,5,1,14,0,15,0,5,1,8,1,12,0,10
2025071,2025-03-22,2025,3,22,六,6,81,3D,434,"4,3,4",4,3,4,"[4, 3, 4]","[3, 4, 4]",344,2,组三,True,False,11,1,1,4,3,1,2,0,3,1,2,1,2,0,101,EOE,SSS,NPN,2,0,0,144652766,14465.2766,True,https://www.cwl.gov.cn/c/2025/03/22/609826.shtml,https://www.cwl.gov.cn/c/2025/03/22/609827.shtml,2025070,748,19,4,组六,1,1,4751222,0,1,30,"[5, 4, 0]","[1, 2, 3]",14.6,5.2667,1,4,25,2026-04-12T18:30:37Z,0,12,0,3,0,5,1,5,2,14,0,15,0,5,0,9,0,12,0,10
2025072,2025-03-23,2025,3,23,日,7,82,3D,272,"2,7,2",2,7,2,"[2, 7, 2]","[2, 2, 7]",227,2,组三,True,False,11,1,5,7,2,1,2,1,2,3,0,0,1,2,212,EOE,SBS,PPP,0,0,0,127941436,12794.1436,False,https://www.cwl.gov.cn/c/2025/03/23/609932.shtml,,2025071,434,11,1,组三,1,1,-16711330,0,0,30,"[4, 5, 8]","[1, 2, 6]",14.8,5.1667,1,5,24,2026-04-12T18:30:37Z,0,11,0,2,2,5,0,6,0,15,0,15,0,5,1,9,0,12,0,10
2025073,2025-03-24,2025,3,24,一,1,83,3D,778,"7,7,8",7,7,8,"[7, 7, 8]","[7, 7, 8]",778,2,组三,True,False,22,2,1,8,7,2,1,3,0,2,1,0,2,1,112,OOE,BBB,PPN,1,1,0,133070002,13307.0002,False,https://www.cwl.gov.cn/c/2025/03/24/609939.shtml,,2025072,272,11,5,组三,1,1,5128566,1,1,30,"[4, 5, 8]","[1, 6, 3]",14.5333,5.2667,1,5,24,2026-04-12T18:30:37Z,0,11,0,2,0,7,0,6,0,15,0,14,0,5,2,8,1,12,0,10
2025074,2025-03-25,2025,3,25,二,2,84,3D,419,"4,1,9",4,1,9,"[4, 1, 9]","[1, 4, 9]",149,3,组六,False,False,14,4,8,9,1,2,1,1,2,0,3,1,2,0,110,EOO,SSB,NNN,0,0,1,124614362,12461.4362,False,https://www.cwl.gov.cn/c/2025/03/25/610046.shtml,,2025073,778,22,1,组三,1,1,-8455640,0,0,30,"[4, 5, 8]","[1, 6, 3]",14.7333,5.2,1,6,23,2026-04-12T18:30:37Z,0,11,1,2,0,7,0,6,1,14,0,13,0,5,0,9,0,13,1,10
2025075,2025-03-26,2025,3,26,三,3,85,3D,709,"7,0,9",7,0,9,"[7, 0, 9]","[0, 7, 9]",079,3,组六,False,False,16,6,9,9,0,2,1,2,1,1,2,2,1,0,100,OEO,BSB,PNN,0,0,1,134844160,13484.416,False,https://www.cwl.gov.cn/c/2025/03/26/610252.shtml,,2025074,419,14,8,组六,1,1,10229798,1,1,30,"[4, 5, 8]","[1, 6, 2]",14.8,5.2,1,6,23,2026-04-12T18:30:37Z,1,11,0,2,0,6,0,6,0,15,0,13,0,5,1,9,0,13,1,10
2025076,2025-03-27,2025,3,27,四,4,86,3D,781,"7,8,1",7,8,1,"[7, 8, 1]","[1, 7, 8]",178,3,组六,False,False,16,6,7,8,1,2,1,2,1,1,2,0,2,1,121,OEO,BBS,PNN,1,0,1,132942644,13294.2644,False,https://www.cwl.gov.cn/c/2025/03/27/610460.shtml,,2025075,709,16,9,组六,1,1,-1901516,1,1,30,"[4, 8, 0]","[1, 6, 2]",14.8667,5.4667,1,5,24,2026-04-12T18:30:37Z,0,12,1,2,0,6,0,6,0,14,0,11,0,5,1,10,1,13,0,11
2025077,2025-03-28,2025,3,28,五,5,87,3D,625,"6,2,5",6,2,5,"[6, 2, 5]","[2, 5, 6]",256,3,组六,False,False,13,3,4,6,2,1,2,2,1,2,1,1,0,2,022,EEO,BSB,NPP,0,0,1,133684230,13368.423,False,https://www.cwl.gov.cn/c/2025/03/28/610567.shtml,,2025076,781,16,7,组六,1,1,741586,0,0,30,"[8, 4, 0]","[1, 6, 2]",14.9667,5.4,1,5,24,2026-04-12T18:30:37Z,0,11,0,3,1,6,0,6,0,13,1,11,1,5,0,11,0,14,0,10
2025078,2025-03-29,2025,3,29,六,6,88,3D,000,"0,0,0",0,0,0,"[0, 0, 0]","[0, 0, 0]",000,1,豹子,True,True,0,0,0,0,0,0,3,0,3,0,3,3,0,0,000,EEE,SSS,NNN,0,2,-1,129852648,12985.2648,True,https://www.cwl.gov.cn/c/2025/03/29/610773.shtml,https://www.cwl.gov.cn/c/2025/03/29/610774.shtml,2025077,625,13,4,组六,1,1,-3831582,0,0,30,"[8, 4, 5]","[1, 2, 3]",14.9333,5.3333,1,5,24,2026-04-12T18:30:37Z,3,11,0,3,0,6,0,6,0,12,0,12,0,6,0,11,0,13,0,10
2025079,2025-03-30,2025,3,30,日,7,89,3D,657,"6,5,7",6,5,7,"[6, 5, 7]","[5, 6, 7]",567,3,组六,False,False,18,8,2,7,5,2,1,3,0,2,1,1,1,1,021,EOO,BBB,NPP,1,0,0,114523884,11452.3884,False,https://www.cwl.gov.cn/c/2025/03/30/610879.shtml,,2025078,000,0,0,豹子,1,1,-15328764,0,0,30,"[0, 8, 5]","[1, 6, 2]",14.6,5.1333,2,5,23,2026-04-12T18:30:37Z,0,13,0,3,0,6,0,6,0,11,1,12,1,5,1,11,0,13,0,10
2025080,2025-03-31,2025,3,31,一,1,90,3D,500,"5,0,0",5,0,0,"[5, 0, 0]","[0, 0, 5]",005,2,组三,True,False,5,5,5,5,0,1,2,1,2,1,2,2,0,1,200,OEE,BSS,PNN,0,1,0,122929196,12292.9196,False,https://www.cwl.gov.cn/c/2025/03/31/611086.shtml,,2025079,657,18,2,组六,1,1,8405312,0,1,30,"[5, 8, 7]","[1, 2, 3]",15.0667,5.0667,2,4,24,2026-04-12T18:30:37Z,2,11,0,3,0,6,0,6,0,10,1,13,0,6,0,12,0,13,0,10
2025081,2025-04-01,2025,4,1,二,2,91,3D,403,"4,0,3",4,0,3,"[4, 0, 3]","[0, 3, 4]",034,3,组六,False,False,7,7,4,4,0,1,2,0,3,1,2,2,1,0,100,EEO,SSS,NNP,0,0,1,121439896,12143.9896,False,https://www.cwl.gov.cn/c/2025/04/01/611293.shtml,,2025080,500,5,5,组三,1,1,-1489300,1,1,30,"[5, 0, 7]","[1, 6, 2]",14.7667,4.9667,2,5,23,2026-04-12T18:30:37Z,1,12,0,3,0,6,1,6,1,10,0,14,0,5,0,12,0,12,0,10
2025082,2025-04-02,2025,4,2,三,3,92,3D,417,"4,1,7",4,1,7,"[4, 1, 7]","[1, 4, 7]",147,3,组六,False,False,12,2,6,7,1,2,1,1,2,1,2,0,3,0,111,EOO,SSB,NNP,0,0,0,117814906,11781.4906,False,https://www.cwl.gov.cn/c/2025/04/02/611400.shtml,,2025081,403,7,4,组六,1,1,-3624990,1,1,30,"[5, 0, 7]","[1, 6, 2]",14.5333,4.8,2,5,23,2026-04-12T18:30:37Z,0,12,1,3,0,6,0,7,1,11,0,13,0,5,1,12,0,12,0,9
2025083,2025-04-03,2025,4,3,四,4,93,3D,915,"9,1,5",9,1,5,"[9, 1, 5]","[1, 5, 9]",159,3,组六,False,False,15,5,8,9,1,3,0,2,1,1,2,1,1,1,012,OOO,BSB,NNP,0,0,0,120209940,12020.994,False,https://www.cwl.gov.cn/c/2025/04/03/611507.shtml,,2025082,417,12,6,组六,1,1,2395034,1,1,30,"[7, 0, 4]","[1, 6, 2]",14.3333,4.9,2,4,24,2026-04-12T18:30:37Z,0,12,1,4,0,6,0,7,0,12,1,11,0,5,0,13,0,11,1,9
2025084,2025-04-04,2025,4,4,五,5,94,3D,030,"0,3,0",0,3,0,"[0, 3, 0]","[0, 0, 3]",003,2,组三,True,False,3,3,3,3,0,1,2,0,3,1,2,3,0,0,000,EOE,SSS,NPN,0,0,0,120346082,12034.6082,False,https://www.cwl.gov.cn/c/2025/04/04/611514.shtml,,2025083,915,15,8,组六,1,1,136142,0,0,30,"[7, 0, 4]","[1, 6, 2]",14.1,5.0333,2,4,24,2026-04-12T18:30:37Z,2,12,0,5,0,6,1,7,0,12,0,11,0,5,0,13,0,10,0,9
2025085,2025-04-05,2025,4,5,六,6,95,3D,338,"3,3,8",3,3,8,"[3, 3, 8]","[3, 3, 8]",338,2,组三,True,False,14,4,5,8,3,2,1,1,2,2,1,2,0,1,002,OOE,SSB,PPN,0,1,0,113922452,11392.2452,True,https://www.cwl.gov.cn/c/2025/04/05/611520.shtml,https://www.cwl.gov.cn/c/2025/04/05/611521.shtml,2025084,030,3,3,组三,1,1,-6423630,1,1,30,"[0, 7, 4]","[1, 6, 2]",13.5333,4.9667,2,5,23,2026-04-12T18:30:37Z,0,14,0,5,0,6,2,8,0,11,0,11,0,5,0,12,1,10,0,8
2025086,2025-04-06,2025,4,6,日,7,96,3D,388,"3,8,8",3,8,8,"[3, 8, 8]","[3, 8, 8]",388,2,组三,True,False,19,9,5,8,3,1,2,2,1,1,2,1,0,2,022,OEE,SBB,PNN,0,1,0,113514528,11351.4528,False,https://www.cwl.gov.cn/c/2025/04/06/611526.shtml,,2025085,338,14,5,组三,1,1,-407924,2,2,30,"[0, 7, 4]","[6, 1, 2]",13.4333,4.9667,2,6,22,2026-04-12T18:30:37Z,0,14,0,5,0,6,1,9,0,11,0,11,0,4,0,12,2,10,0,8
2025087,2025-04-07,2025,4,7,一,1,97,3D,826,"8,2,6",8,2,6,"[8, 2, 6]","[2, 6, 8]",268,3,组六,False,False,16,6,6,8,2,0,3,2,1,1,2,1,0,2,220,EEE,BSB,NPN,0,0,1,117783716,11778.3716,False,https://www.cwl.gov.cn/c/2025/04/07/611633.shtml,,2025086,388,19,5,组三,1,1,4269188,0,1,30,"[0, 7, 8]","[6, 1, 2]",13.5667,4.9,2,7,21,2026-04-12T18:30:37Z,0,14,0,5,1,5,0,10,0,10,0,11,1,4,0,12,1,12,0,7
2025088,2025-04-08,2025,4,8,二,2,98,3D,022,"0,2,2",0,2,2,"[0, 2, 2]","[0, 2, 2]",022,2,组三,True,False,4,4,2,2,0,0,3,0,3,2,1,1,0,2,022,EEE,SSS,NPP,0,1,0,119878646,11987.8646,False,https://www.cwl.gov.cn/c/2025/04/08/611740.shtml,,2025087,826,16,6,组六,1,1,2094930,1,1,30,"[0, 8, 5]","[1, 6, 2]",13.4667,4.9,2,7,21,2026-04-12T18:30:37Z,1,14,0,5,2,6,0,9,0,10,0,11,0,5,0,11,0,13,0,6
2025089,2025-04-09,2025,4,9,三,3,99,3D,658,"6,5,8",6,5,8,"[6, 5, 8]","[5, 6, 8]",568,3,组六,False,False,19,9,3,8,5,1,2,3,0,1,2,1,0,2,022,EOE,BBB,NPN,1,0,1,117940024,11794.0024,False,https://www.cwl.gov.cn/c/2025/04/09/611847.shtml,,2025088,022,4,2,组三,1,1,-1938622,0,0,30,"[0, 8, 7]","[1, 6, 9]",13.3,4.8,2,8,20,2026-04-12T18:30:37Z,0,14,0,5,0,8,0,9,0,9,1,10,1,5,0,11,1,13,0,6
2025090,2025-04-10,2025,4,10,四,4,100,3D,159,"1,5,9",1,5,9,"[1, 5, 9]","[1, 5, 9]",159,3,组六,False,False,15,5,8,9,1,3,0,2,1,1,2,1,1,1,120,OOO,SBB,NPN,0,0,0,120321710,12032.171,False,https://www.cwl.gov.cn/c/2025/04/10/611954.shtml,,2025089,658,19,3,组六,1,1,2381686,1,1,30,"[0, 8, 5]","[1, 6, 9]",13.3,4.7667,2,8,20,2026-04-12T18:30:37Z,0,14,1,5,0,8,0,9,0,8,1,11,0,6,0,10,0,13,1,6
2025091,2025-04-11,2025,4,11,五,5,101,3D,135,"1,3,5",1,3,5,"[1, 3, 5]","[1, 3, 5]",135,3,组六,False,False,9,9,4,5,1,3,0,1,2,2,1,1,1,1,102,OOO,SSB,NPP,0,0,0,127079780,12707.978,False,https://www.cwl.gov.cn/c/2025/04/11/612161.shtml,,2025090,159,15,8,组六,1,1,6758070,1,2,30,"[0, 5, 8]","[1, 6, 9]",13.1333,4.8333,2,8,20,2026-04-12T18:30:37Z,0,14,1,6,0,8,1,8,0,8,1,12,0,6,0,10,0,12,0,6
2025092,2025-04-12,2025,4,12,六,6,102,3D,317,"3,1,7",3,1,7,"[3, 1, 7]","[1, 3, 7]",137,3,组六,False,False,11,1,6,7,1,3,0,1,2,2,1,1,2,0,011,OOO,SSB,PNP,0,0,1,116604024,11660.4024,True,https://www.cwl.gov.cn/c/2025/04/12/612167.shtml,https://www.cwl.gov.cn/c/2025/04/12/612168.shtml,2025091,135,9,4,组六,1,1,-10475756,0,2,30,"[0, 5, 8]","[6, 9, 1]",12.8667,4.8667,2,8,20,2026-04-12T18:30:37Z,0,14,1,7,0,8,1,9,0,7,0,13,0,5,1,9,0,12,0,6
2025093,2025-04-13,2025,4,13,日,7,103,3D,545,"5,4,5",5,4,5,"[5, 4, 5]","[4, 5, 5]",455,2,组三,True,False,14,4,1,5,4,2,1,2,1,2,1,0,1,2,212,OEO,BSB,PNP,2,0,0,121701212,12170.1212,False,https://www.cwl.gov.cn/c/2025/04/13/612173.shtml,,2025092,317,11,6,组六,1,1,5097188,0,0,30,"[0, 5, 8]","[6, 9, 1]",12.9333,4.8,2,8,20,2026-04-12T18:30:37Z,0,13,0,7,0,8,0,10,1,7,2,13,0,5,0,10,0,11,0,6
2025094,2025-04-14,2025,4,14,一,1,104,3D,649,"6,4,9",6,4,9,"[6, 4, 9]","[4, 6, 9]",469,3,组六,False,False,19,9,5,9,4,1,2,2,1,0,3,2,1,0,010,EEO,BSB,NNN,0,0,1,117090428,11709.0428,False,https://www.cwl.gov.cn/c/2025/04/14/612380.shtml,,2025093,545,14,1,组三,1,1,-4610784,1,1,30,"[5, 0, 8]","[6, 9, 1]",13.1,4.6667,2,9,19,2026-04-12T18:30:37Z,0,12,0,7,0,8,0,10,1,7,0,14,1,5,0,10,0,11,1,6
2025095,2025-04-15,2025,4,15,二,2,105,3D,068,"0,6,8",0,6,8,"[0, 6, 8]","[0, 6, 8]",068,3,组六,False,False,14,4,8,8,0,0,3,2,1,0,3,2,0,1,002,EEE,SBB,NNN,0,0,1,124748054,12474.8054,False,https://www.cwl.gov.cn/c/2025/04/15/612487.shtml,,2025094,649,19,5,组六,1,1,7657626,0,1,30,"[5, 0, 3]","[6, 9, 1]",13.1,4.6,2,9,19,2026-04-12T18:30:37Z,1,12,0,7,0,7,0,10,0,8,0,14,1,6,0,10,1,10,0,6
2025096,2025-04-16,2025,4,16,三,3,106,3D,385,"3,8,5",3,8,5,"[3, 8, 5]","[3, 5, 8]",358,3,组六,False,False,16,6,5,8,3,2,1,2,1,2,1,1,0,2,022,OEO,SBB,PNP,0,0,1,127790168,12779.0168,False,https://www.cwl.gov.cn/c/2025/04/16/612694.shtml,,2025095,068,14,8,组六,1,1,3042114,0,1,30,"[0, 5, 7]","[9, 1, 2]",13.0333,4.7,2,9,19,2026-04-12T18:30:37Z,0,13,0,7,0,7,1,9,0,8,1,13,0,7,0,10,1,10,0,6
2025097,2025-04-17,2025,4,17,四,4,107,3D,542,"5,4,2",5,4,2,"[5, 4, 2]","[2, 4, 5]",245,3,组六,False,False,11,1,3,5,2,1,2,1,2,2,1,0,1,2,212,OEE,BSS,PNP,1,0,1,128621564,12862.1564,False,https://www.cwl.gov.cn/c/2025/04/17/612701.shtml,,2025096,385,16,5,组六,1,1,831396,0,1,30,"[5, 0, 8]","[2, 9, 1]",13.2667,4.6333,2,9,19,2026-04-12T18:30:37Z,0,12,0,7,1,6,0,10,1,8,1,14,0,7,0,9,0,11,0,6
2025098,2025-04-18,2025,4,18,五,5,108,3D,714,"7,1,4",7,1,4,"[7, 1, 4]","[1, 4, 7]",147,3,组六,False,False,12,2,6,7,1,2,1,1,2,1,2,0,3,0,111,OOE,BSS,PNN,0,0,0,134351546,13435.1546,False,https://www.cwl.gov.cn/c/2025/04/18/612808.shtml,,2025097,542,11,3,组六,1,1,5729982,0,1,30,"[5, 0, 8]","[9, 1, 2]",13.1,4.5667,2,9,19,2026-04-12T18:30:37Z,0,12,1,7,0,7,0,9,1,9,0,14,0,7,1,9,0,10,0,6
2025099,2025-04-19,2025,4,19,六,6,109,3D,707,"7,0,7",7,0,7,"[7, 0, 7]","[0, 7, 7]",077,2,组三,True,False,14,4,7,7,0,2,1,2,1,2,1,1,2,0,101,OEO,BSB,PNP,0,0,0,128655000,12865.5,True,https://www.cwl.gov.cn/c/2025/04/19/612814.shtml,https://www.cwl.gov.cn/c/2025/04/19/612815.shtml,2025098,714,12,6,组六,1,1,-5696546,1,1,30,"[0, 5, 4]","[9, 2, 6]",13.0,4.7667,1,9,20,2026-04-12T18:30:37Z,1,12,0,8,0,7,0,9,0,10,0,11,0,7,2,10,0,10,0,6
2025100,2025-04-20,2025,4,20,日,7,110,3D,953,"9,5,3",9,5,3,"[9, 5, 3]","[3, 5, 9]",359,3,组六,False,False,17,7,6,9,3,3,0,2,1,2,1,2,0,1,020,OOO,BBS,NPP,0,0,1,124287124,12428.7124,False,https://www.cwl.gov.cn/c/2025/04/20/612820.shtml,,2025099,707,14,7,组三,1,1,-4367876,0,0,30,"[0, 7, 5]","[9, 6, 2]",12.9667,4.7,1,10,19,2026-04-12T18:30:37Z,0,12,0,8,0,7,1,9,0,10,1,11,0,6,0,12,0,10,1,5
2025101,2025-04-21,2025,4,21,一,1,111,3D,016,"0,1,6",0,1,6,"[0, 1, 6]","[0, 1, 6]",016,3,组六,False,False,7,7,6,6,0,1,2,1,2,0,3,2,1,0,010,EOE,SSB,NNN,1,0,1,131807802,13180.7802,False,https://www.cwl.gov.cn/c/2025/04/21/612927.shtml,,2025100,953,17,6,组六,1,1,7520678,0,0,30,"[0, 5, 7]","[6, 9, 2]",12.9,4.7667,1,10,19,2026-04-12T18:30:37Z,1,12,1,8,0,7,0,10,0,9,0,12,1,6,0,11,0,9,0,6
2025102,2025-04-22,2025,4,22,二,2,112,3D,161,"1,6,1",1,6,1,"[1, 6, 1]","[1, 1, 6]",116,2,组三,True,False,8,8,5,6,1,2,1,1,2,0,3,1,2,0,101,OEO,SBS,NNN,0,0,0,130619702,13061.9702,False,https://www.cwl.gov.cn/c/2025/04/22/613034.shtml,,2025101,016,7,6,组六,1,1,-1188100,0,2,30,"[0, 5, 7]","[9, 2, 4]",12.7667,4.9333,1,9,20,2026-04-12T18:30:37Z,0,13,2,9,0,7,0,9,0,7,0,12,1,7,0,11,0,9,0,6
2025103,2025-04-23,2025,4,23,三,3,113,3D,370,"3,7,0",3,7,0,"[3, 7, 0]","[0, 3, 7]",037,3,组六,False,False,10,0,7,7,0,2,1,1,2,2,1,2,1,0,010,OOE,SBS,PPN,0,0,1,125663732,12566.3732,False,https://www.cwl.gov.cn/c/2025/04/23/613041.shtml,,2025102,161,8,5,组三,1,1,-4955970,0,0,30,"[0, 5, 1]","[2, 9, 4]",12.6667,4.9333,1,9,20,2026-04-12T18:30:37Z,1,13,0,11,0,5,1,9,0,7,0,12,0,8,1,10,0,9,0,6
2025104,2025-04-24,2025,4,24,四,4,114,3D,877,"8,7,7",8,7,7,"[8, 7, 7]","[7, 7, 8]",778,2,组三,True,False,22,2,1,8,7,2,1,3,0,2,1,0,2,1,211,EOO,BBB,NPP,1,1,0,127588218,12758.8218,False,https://www.cwl.gov.cn/c/2025/04/24/613148.shtml,,2025103,370,10,7,组六,1,1,1924486,1,1,30,"[0, 5, 1]","[2, 9, 4]",12.2667,5.1333,1,8,21,2026-04-12T18:30:37Z,0,14,0,11,0,5,0,10,0,7,0,12,0,8,2,9,1,8,0,6
2025105,2025-04-25,2025,4,25,五,5,115,3D,015,"0,1,5",0,1,5,"[0, 1, 5]","[0, 1, 5]",015,3,组六,False,False,6,6,5,5,0,2,1,1,2,1,2,1,1,1,012,EOO,SSB,NNP,1,0,1,125971898,12597.1898,False,https://www.cwl.gov.cn/c/2025/04/25/613355.shtml,,2025104,877,22,1,组三,1,1,-1616320,0,0,30,"[0, 5, 7]","[2, 9, 4]",12.5333,4.9,1,9,20,2026-04-12T18:30:37Z,1,14,1,10,0,5,0,10,0,6,1,12,0,8,0,11,0,9,0,5
2025106,2025-04-26,2025,4,26,六,6,116,3D,752,"7,5,2",7,5,2,"[7, 5, 2]","[2, 5, 7]",257,3,组六,False,False,14,4,5,7,2,2,1,2,1,3,0,0,1,2,122,OOE,BBS,PPP,0,0,1,125014556,12501.4556,True,https://www.cwl.gov.cn/c/2025/04/26/613461.shtml,https://www.cwl.gov.cn/c/2025/04/26/613463.shtml,2025105,015,6,5,组六,1,1,-957342,0,1,30,"[0, 5, 1]","[9, 2, 4]",12.2,4.7667,1,9,20,2026-04-12T18:30:37Z,0,14,0,11,1,5,0,10,0,6,1,13,0,8,1,10,0,9,0,4
2025107,2025-04-27,2025,4,27,日,7,117,3D,027,"0,2,7",0,2,7,"[0, 2, 7]","[0, 2, 7]",027,3,组六,False,False,9,9,7,7,0,1,2,1,2,2,1,1,1,1,021,EEO,SSB,NPP,0,0,1,129125924,12912.5924,False,https://www.cwl.gov.cn/c/2025/04/27/613567.shtml,,2025106,752,14,5,组六,1,1,4111368,0,2,30,"[0, 5, 1]","[9, 2, 4]",12.1333,4.7,1,9,20,2026-04-12T18:30:37Z,1,14,0,10,1,6,0,10,0,6,0,14,0,8,1,10,0,8,0,4
2025108,2025-04-28,2025,4,28,一,1,118,3D,407,"4,0,7",4,0,7,"[4, 0, 7]","[0, 4, 7]",047,3,组六,False,False,11,1,7,7,0,1,2,1,2,1,2,1,2,0,101,EEO,SSB,NNP,0,0,1,129160374,12916.0374,False,https://www.cwl.gov.cn/c/2025/04/28/613774.shtml,,2025107,027,9,7,组六,1,1,34450,1,2,30,"[0, 5, 7]","[9, 2, 4]",12.0,4.8,1,9,20,2026-04-12T18:30:37Z,1,15,0,10,0,6,0,10,1,6,0,13,0,7,1,11,0,8,0,4
2025109,2025-04-29,2025,4,29,二,2,119,3D,841,"8,4,1",8,4,1,"[8, 4, 1]","[1, 4, 8]",148,3,组六,False,False,13,3,7,8,1,1,2,1,2,0,3,0,2,1,211,EEO,BSS,NNN,0,0,1,130559710,13055.971,False,https://www.cwl.gov.cn/c/2025/04/29/613981.shtml,,2025108,407,11,7,组六,1,1,1399336,0,1,30,"[0, 5, 7]","[9, 2, 4]",12.3667,5.0333,0,9,21,2026-04-12T18:30:37Z,0,13,1,10,0,6,0,10,1,7,0,13,0,7,0,12,1,8,0,4
2025110,2025-04-30,2025,4,30,三,3,120,3D,914,"9,1,4",9,1,4,"[9, 1, 4]","[1, 4, 9]",149,3,组六,False,False,14,4,8,9,1,2,1,1,2,0,3,1,2,0,011,OOE,BSS,NNN,0,0,1,129837506,12983.7506,False,https://www.cwl.gov.cn/c/2025/04/30/614188.shtml,,2025109,841,13,7,组六,1,1,-722204,0,2,30,"[0, 5, 1]","[9, 2, 6]",12.2,5.2,0,9,21,2026-04-12T18:30:37Z,0,13,1,11,0,6,0,10,1,8,0,12,0,6,0,11,0,9,1,4
2025111,2025-05-01,2025,5,1,四,4,121,3D,270,"2,7,0",2,7,0,"[2, 7, 0]","[0, 2, 7]",027,3,组六,False,False,9,9,7,7,0,1,2,1,2,2,1,1,1,1,210,EOE,SBS,PPN,0,0,1,125007078,12500.7078,False,https://www.cwl.gov.cn/c/2025/05/01/614195.shtml,,2025110,914,14,8,组六,1,1,-4830428,0,0,30,"[1, 0, 5]","[9, 2, 6]",12.5,5.3,0,8,22,2026-04-12T18:30:37Z,1,11,0,12,1,6,0,10,0,9,0,11,0,6,1,11,0,9,0,5
2025112,2025-05-02,2025,5,2,五,5,122,3D,954,"9,5,4",9,5,4,"[9, 5, 4]","[4, 5, 9]",459,3,组六,False,False,18,8,5,9,4,2,1,2,1,1,2,1,1,1,021,OOE,BBS,NPN,1,0,1,127732822,12773.2822,False,https://www.cwl.gov.cn/c/2025/05/02/614202.shtml,,2025111,270,9,7,组六,1,1,2725744,0,0,30,"[1, 7, 0]","[9, 6, 2]",12.5667,5.4,0,8,22,2026-04-12T18:30:37Z,0,11,0,12,0,7,0,9,1,8,1,11,0,6,0,12,0,9,1,5
2025113,2025-05-03,2025,5,3,六,6,123,3D,635,"6,3,5",6,3,5,"[6, 3, 5]","[3, 5, 6]",356,3,组六,False,False,14,4,3,6,3,2,1,2,1,2,1,2,0,1,002,EOO,BSB,NPP,0,0,1,125387508,12538.7508,True,https://www.cwl.gov.cn/c/2025/05/03/614208.shtml,https://www.cwl.gov.cn/c/2025/05/03/614210.shtml,2025112,954,18,5,组六,1,1,-2345314,0,1,30,"[5, 0, 1]","[6, 9, 2]",12.7667,5.3667,0,8,22,2026-04-12T18:30:37Z,0,11,0,11,0,7,1,9,0,8,1,12,1,6,0,11,0,9,0,6
2025114,2025-05-04,2025,5,4,日,7,124,3D,375,"3,7,5",3,7,5,"[3, 7, 5]","[3, 5, 7]",357,3,组六,False,False,15,5,4,7,3,3,0,2,1,3,0,1,1,1,012,OOO,SBB,PPP,0,0,0,129365654,12936.5654,False,https://www.cwl.gov.cn/c/2025/05/04/614214.shtml,,2025113,635,14,3,组六,1,1,3978146,1,2,30,"[5, 0, 7]","[9, 2, 6]",12.7333,5.2,0,8,22,2026-04-12T18:30:37Z,0,11,0,10,0,7,1,10,0,8,1,12,0,7,1,11,0,9,0,5
2025115,2025-05-05,2025,5,5,一,1,125,3D,206,"2,0,6",2,0,6,"[2, 0, 6]","[0, 2, 6]",026,3,组六,False,False,8,8,6,6,0,0,3,1,2,1,2,2,0,1,200,EEE,SSB,PNN,0,0,1,132557032,13255.7032,False,https://www.cwl.gov.cn/c/2025/05/05/614221.shtml,,2025114,375,15,4,组六,1,1,3191378,0,0,30,"[5, 7, 1]","[9, 2, 6]",13.1333,5.2333,0,7,23,2026-04-12T18:30:37Z,1,9,0,10,1,7,0,10,0,8,0,13,1,7,0,12,0,9,0,5
2025116,2025-05-06,2025,5,6,二,2,126,3D,320,"3,2,0",3,2,0,"[3, 2, 0]","[0, 2, 3]",023,3,组六,False,False,5,5,3,3,0,1,2,0,3,2,1,2,0,1,020,OEE,SSS,PPN,1,0,1,134652196,13465.2196,False,https://www.cwl.gov.cn/c/2025/05/06/614328.shtml,,2025115,206,8,6,组六,1,1,2095164,0,2,30,"[5, 7, 0]","[9, 2, 3]",12.9333,5.2667,0,6,24,2026-04-12T18:30:37Z,1,10,0,10,1,8,1,8,0,8,0,13,0,8,0,12,0,8,0,5
2025117,2025-05-07,2025,5,7,三,3,127,3D,849,"8,4,9",8,4,9,"[8, 4, 9]","[4, 8, 9]",489,3,组六,False,False,21,1,5,9,4,1,2,2,1,0,3,1,1,1,210,EEO,BSB,NNN,0,0,1,135501576,13550.1576,False,https://www.cwl.gov.cn/c/2025/05/07/614536.shtml,,2025116,320,5,3,组六,1,1,849380,0,0,30,"[5, 7, 0]","[9, 8, 3]",12.4667,5.2,0,5,25,2026-04-12T18:30:37Z,0,11,0,10,0,9,0,8,1,8,0,13,0,8,0,12,1,6,1,5
2025118,2025-05-08,2025,5,8,四,4,128,3D,621,"6,2,1",6,2,1,"[6, 2, 1]","[1, 2, 6]",126,3,组六,False,False,9,9,5,6,1,1,2,1,2,1,2,1,1,1,021,EEO,BSS,NPN,1,0,1,135643318,13564.3318,False,https://www.cwl.gov.cn/c/2025/05/08/614643.shtml,,2025117,849,21,5,组六,1,1,141742,0,0,30,"[5, 7, 0]","[8, 9, 6]",12.6333,5.1667,0,5,25,2026-04-12T18:30:37Z,0,11,1,10,1,8,0,8,0,9,0,13,1,7,0,12,0,6,0,6
2025119,2025-05-09,2025,5,9,五,5,129,3D,315,"3,1,5",3,1,5,"[3, 1, 5]","[1, 3, 5]",135,3,组六,False,False,9,9,4,5,1,3,0,1,2,2,1,1,1,1,012,OOO,SSB,PNP,0,0,0,140300070,14030.007,False,https://www.cwl.gov.cn/c/2025/05/09/614750.shtml,,2025118,621,9,5,组六,1,1,4656752,0,1,30,"[5, 7, 1]","[8, 9, 2]",12.8,5.2667,0,4,26,2026-04-12T18:30:37Z,0,10,1,11,0,7,1,8,0,9,1,13,0,8,0,12,0,6,0,6
2025120,2025-05-10,2025,5,10,六,6,130,3D,912,"9,1,2",9,1,2,"[9, 1, 2]","[1, 2, 9]",129,3,组六,False,False,12,2,8,9,1,2,1,1,2,1,2,1,1,1,012,OOE,BSS,NNP,1,0,1,140308552,14030.8552,True,https://www.cwl.gov.cn/c/2025/05/10/614856.shtml,https://www.cwl.gov.cn/c/2025/05/10/614857.shtml,2025119,315,9,4,组六,1,1,8482,1,1,30,"[5, 1, 7]","[8, 9, 2]",12.4667,5.3,0,4,26,2026-04-12T18:30:37Z,0,10,1,12,1,7,0,9,0,9,0,13,0,7,0,12,0,5,1,6
2025121,2025-05-11,2025,5,11,日,7,131,3D,120,"1,2,0",1,2,0,"[1, 2, 0]","[0, 1, 2]",012,3,组六,False,False,3,3,2,2,0,1,2,0,3,1,2,1,1,1,120,OEE,SSS,NPN,1,0,0,141237278,14123.7278,False,https://www.cwl.gov.cn/c/2025/05/11/614862.shtml,,2025120,912,12,8,组六,1,1,928726,0,2,30,"[1, 5, 7]","[8, 9, 6]",12.3667,5.3,0,4,26,2026-04-12T18:30:37Z,1,10,1,12,1,8,0,9,0,9,0,12,0,7,0,12,0,5,0,6
2025122,2025-05-12,2025,5,12,一,1,132,3D,488,"4,8,8",4,8,8,"[4, 8, 8]","[4, 8, 8]",488,2,组三,True,False,20,0,4,8,4,0,3,2,1,0,3,0,1,2,122,EEE,SBB,NNN,0,1,0,139498178,13949.8178,False,https://www.cwl.gov.cn/c/2025/05/12/615069.shtml,,2025121,120,3,2,组六,1,1,-1739100,0,0,30,"[1, 7, 0]","[8, 9, 6]",12.1667,5.2333,0,4,26,2026-04-12T18:30:37Z,0,11,0,12,0,9,0,8,1,9,0,11,0,7,0,12,2,5,0,6
2025123,2025-05-13,2025,5,13,二,2,133,3D,725,"7,2,5",7,2,5,"[7, 2, 5]","[2, 5, 7]",257,3,组六,False,False,14,4,5,7,2,2,1,2,1,3,0,0,1,2,122,OEO,BSB,PPP,0,0,1,125183444,12518.3444,False,https://www.cwl.gov.cn/c/2025/05/13/615176.shtml,,2025122,488,20,4,组三,1,1,-14314734,0,0,30,"[0, 1, 5]","[9, 3, 6]",12.4667,5.1667,0,5,25,2026-04-12T18:30:37Z,0,11,0,11,1,9,0,7,0,10,1,11,0,7,1,11,0,7,0,6
2025124,2025-05-14,2025,5,14,三,3,134,3D,809,"8,0,9",8,0,9,"[8, 0, 9]","[0, 8, 9]",089,3,组六,False,False,17,7,9,9,0,1,2,2,1,0,3,2,0,1,200,EEO,BSB,NNN,0,0,1,128201306,12820.1306,False,https://www.cwl.gov.cn/c/2025/05/14/615283.shtml,,2025123,725,14,5,组六,1,1,3017862,0,0,30,"[7, 0, 1]","[9, 3, 6]",12.4667,5.3,0,4,26,2026-04-12T18:30:37Z,1,11,0,11,0,10,0,7,0,9,0,10,0,7,0,12,1,7,1,6
2025125,2025-05-15,2025,5,15,四,4,135,3D,351,"3,5,1",3,5,1,"[3, 5, 1]","[1, 3, 5]",135,3,组六,False,False,9,9,4,5,1,3,0,1,2,2,1,1,1,1,021,OOO,SBS,PPN,0,0,0,129413522,12941.3522,False,https://www.cwl.gov.cn/c/2025/05/15/615390.shtml,,2025124,809,17,9,组六,1,1,1212216,0,0,30,"[0, 7, 1]","[6, 9, 3]",12.4,5.4333,0,4,26,2026-04-12T18:30:37Z,0,12,1,11,0,10,1,7,0,8,1,10,0,6,0,12,0,8,0,6
2025126,2025-05-16,2025,5,16,五,5,136,3D,320,"3,2,0",3,2,0,"[3, 2, 0]","[0, 2, 3]",023,3,组六,False,False,5,5,3,3,0,1,2,0,3,2,1,2,0,1,020,OEE,SSS,PPN,1,0,1,133347454,13334.7454,False,https://www.cwl.gov.cn/c/2025/05/16/615597.shtml,,2025125,351,9,4,组六,1,1,3933932,1,1,30,"[1, 7, 0]","[6, 9, 8]",12.2333,5.3,0,4,26,2026-04-12T18:30:37Z,1,11,0,12,1,10,1,8,0,8,0,11,0,5,0,12,0,7,0,6
2025127,2025-05-17,2025,5,17,六,6,137,3D,431,"4,3,1",4,3,1,"[4, 3, 1]","[1, 3, 4]",134,3,组六,False,False,8,8,3,4,1,2,1,0,3,1,2,1,2,0,101,EOO,SSS,NPN,1,0,1,125930100,12593.01,True,https://www.cwl.gov.cn/c/2025/05/17/615603.shtml,https://www.cwl.gov.cn/c/2025/05/17/615605.shtml,2025126,320,5,3,组六,1,1,-7417354,0,1,30,"[0, 1, 7]","[6, 8, 9]",11.8667,5.2333,0,4,26,2026-04-12T18:30:37Z,0,12,1,12,0,11,1,8,1,8,0,10,0,5,0,12,0,6,0,6
2025128,2025-05-18,2025,5,18,日,7,138,3D,814,"8,1,4",8,1,4,"[8, 1, 4]","[1, 4, 8]",148,3,组六,False,False,13,3,7,8,1,1,2,1,2,0,3,0,2,1,211,EOE,BSS,NNN,0,0,1,125092100,12509.21,False,https://www.cwl.gov.cn/c/2025/05/18/615609.shtml,,2025127,431,8,3,组六,1,1,-838000,0,2,30,"[1, 0, 7]","[6, 8, 9]",11.7667,5.2333,0,4,26,2026-04-12T18:30:37Z,0,12,1,13,0,10,0,9,1,8,0,9,0,5,0,12,1,6,0,6
2025129,2025-05-19,2025,5,19,一,1,139,3D,915,"9,1,5",9,1,5,"[9, 1, 5]","[1, 5, 9]",159,3,组六,False,False,15,5,8,9,1,3,0,2,1,1,2,1,1,1,012,OOO,BSB,NNP,0,0,0,127208196,12720.8196,False,https://www.cwl.gov.cn/c/2025/05/19/615816.shtml,,2025128,814,13,7,组六,1,1,2116096,1,1,30,"[1, 0, 7]","[6, 9, 8]",11.8,5.2667,0,4,26,2026-04-12T18:30:37Z,0,12,1,13,0,10,0,9,0,8,1,9,0,5,0,11,0,7,1,6
2025130,2025-05-20,2025,5,20,二,2,140,3D,204,"2,0,4",2,0,4,"[2, 0, 4]","[0, 2, 4]",024,3,组六,False,False,6,6,4,4,0,0,3,0,3,1,2,1,1,1,201,EEE,SSS,PNN,0,0,0,140088518,14008.8518,False,https://www.cwl.gov.cn/c/2025/05/20/615923.shtml,,2025129,915,15,8,组六,1,1,12880322,0,0,30,"[1, 0, 2]","[6, 8, 9]",11.8333,5.3,0,3,27,2026-04-12T18:30:37Z,1,11,0,14,1,10,0,9,1,8,0,10,0,5,0,9,0,7,0,7
2025131,2025-05-21,2025,5,21,三,3,141,3D,203,"2,0,3",2,0,3,"[2, 0, 3]","[0, 2, 3]",023,3,组六,False,False,5,5,3,3,0,1,2,0,3,2,1,2,0,1,200,EEO,SSS,PNP,0,0,1,135331080,13533.108,False,https://www.cwl.gov.cn/c/2025/05/21/616030.shtml,,2025130,204,6,4,组六,1,1,-4757438,2,2,30,"[1, 0, 2]","[6, 9, 8]",11.4667,5.2333,0,3,27,2026-04-12T18:30:37Z,1,12,0,14,1,11,1,8,0,9,0,9,0,5,0,9,0,7,0,6
2025132,2025-05-22,2025,5,22,四,4,142,3D,689,"6,8,9",6,8,9,"[6, 8, 9]","[6, 8, 9]",689,3,组六,False,False,23,3,3,9,6,1,2,3,0,0,3,2,0,1,020,EEO,BBB,NNN,1,0,1,131703334,13170.3334,False,https://www.cwl.gov.cn/c/2025/05/22/616137.shtml,,2025131,203,5,3,组六,1,1,-3627746,0,0,30,"[1, 0, 2]","[6, 9, 8]",11.4,5.1333,0,3,27,2026-04-12T18:30:37Z,0,12,0,13,0,12,0,9,0,9,0,9,1,4,0,9,1,7,1,6
2025133,2025-05-23,2025,5,23,五,5,143,3D,645,"6,4,5",6,4,5,"[6, 4, 5]","[4, 5, 6]",456,3,组六,False,False,15,5,2,6,4,1,2,2,1,1,2,1,1,1,012,EEO,BSB,NNP,1,0,0,131996932,13199.6932,False,https://www.cwl.gov.cn/c/2025/05/23/616244.shtml,,2025132,689,23,3,组六,1,1,293598,1,1,30,"[0, 2, 1]","[6, 9, 8]",11.9,5.0667,0,2,28,2026-04-12T18:30:37Z,0,12,0,11,0,12,0,9,1,9,1,9,1,4,0,9,0,8,0,7
2025134,2025-05-24,2025,5,24,六,6,144,3D,748,"7,4,8",7,4,8,"[7, 4, 8]","[4, 7, 8]",478,3,组六,False,False,19,9,4,8,4,1,2,2,1,1,2,0,2,1,112,OEE,BSB,PNN,0,0,1,126643948,12664.3948,True,https://www.cwl.gov.cn/c/2025/05/24/616251.shtml,https://www.cwl.gov.cn/c/2025/05/24/616252.shtml,2025133,645,15,2,组六,1,1,-5352984,1,1,30,"[2, 0, 1]","[6, 9, 3]",12.0667,4.9,0,2,28,2026-04-12T18:30:37Z,0,11,0,11,0,12,0,8,1,10,0,10,0,5,1,8,1,8,0,7
2025135,2025-05-25,2025,5,25,日,7,145,3D,458,"4,5,8",4,5,8,"[4, 5, 8]","[4, 5, 8]",458,3,组六,False,False,17,7,4,8,4,1,2,2,1,1,2,0,1,2,122,EOE,SBB,NPN,1,0,1,131142442,13114.2442,False,https://www.cwl.gov.cn/c/2025/05/25/616257.shtml,,2025134,748,19,4,组六,1,1,4498494,1,2,30,"[2, 0, 1]","[6, 7, 9]",11.9667,5.0,0,1,29,2026-04-12T18:30:37Z,0,11,0,11,0,12,0,8,1,11,1,10,0,5,0,7,1,8,0,7
2025136,2025-05-26,2025,5,26,一,1,146,3D,113,"1,1,3",1,1,3,"[1, 1, 3]","[1, 1, 3]",113,2,组三,True,False,5,5,2,3,1,3,0,0,3,1,2,1,2,0,110,OOO,SSS,NNP,0,1,0,135280764,13528.0764,False,https://www.cwl.gov.cn/c/2025/05/26/616464.shtml,,2025135,458,17,4,组六,1,1,4138322,0,0,30,"[2, 4, 0]","[6, 7, 9]",12.3333,4.9667,0,1,29,2026-04-12T18:30:37Z,0,10,2,10,0,12,1,8,0,12,0,10,0,5,0,7,0,9,0,7
2025137,2025-05-27,2025,5,27,二,2,147,3D,838,"8,3,8",8,3,8,"[8, 3, 8]","[3, 8, 8]",388,2,组三,True,False,19,9,5,8,3,1,2,2,1,1,2,1,0,2,202,EOE,BSB,NPN,0,0,0,124465004,12446.5004,False,https://www.cwl.gov.cn/c/2025/05/27/616571.shtml,,2025136,113,5,2,组三,1,1,-10815760,0,1,30,"[1, 4, 2]","[6, 7, 9]",12.0333,4.8667,0,2,28,2026-04-12T18:30:37Z,0,10,0,12,0,11,1,9,0,12,0,9,0,5,0,6,2,9,0,7
2025138,2025-05-28,2025,5,28,三,3,148,3D,296,"2,9,6",2,9,6,"[2, 9, 6]","[2, 6, 9]",269,3,组六,False,False,17,7,7,9,2,1,2,2,1,1,2,2,0,1,200,EOE,SBB,PNN,0,0,1,123077710,12307.771,False,https://www.cwl.gov.cn/c/2025/05/28/616678.shtml,,2025137,838,19,5,组三,1,1,-1387294,0,0,30,"[1, 4, 8]","[6, 7, 9]",12.3667,4.8,0,3,27,2026-04-12T18:30:37Z,0,9,0,12,1,10,0,10,0,12,0,9,1,5,0,5,0,11,1,7
2025139,2025-05-29,2025,5,29,四,4,149,3D,598,"5,9,8",5,9,8,"[5, 9, 8]","[5, 8, 9]",589,3,组六,False,False,22,2,4,9,5,2,1,3,0,1,2,1,0,2,202,OOE,BBB,PNN,1,0,1,123646892,12364.6892,False,https://www.cwl.gov.cn/c/2025/05/29/616785.shtml,,2025138,296,17,7,组六,1,1,569182,1,1,30,"[1, 2, 4]","[7, 6, 0]",12.5667,4.8,0,3,27,2026-04-12T18:30:37Z,0,8,0,12,0,11,0,10,0,11,1,9,0,6,0,4,1,11,1,8
2025140,2025-05-30,2025,5,30,五,5,150,3D,149,"1,4,9",1,4,9,"[1, 4, 9]","[1, 4, 9]",149,3,组六,False,False,14,4,8,9,1,2,1,1,2,0,3,1,2,0,110,OEO,SSB,NNN,0,0,1,131566018,13156.6018,False,https://www.cwl.gov.cn/c/2025/05/30/616992.shtml,,2025139,598,22,4,组六,1,1,7919126,0,1,30,"[1, 2, 8]","[7, 6, 0]",12.8667,4.7,0,3,27,2026-04-12T18:30:37Z,0,8,1,11,0,11,0,10,1,10,0,10,0,6,0,4,0,11,1,9
2025141,2025-05-31,2025,5,31,六,6,151,3D,202,"2,0,2",2,0,2,"[2, 0, 2]","[0, 2, 2]",022,2,组三,True,False,4,4,2,2,0,0,3,0,3,2,1,1,0,2,202,EEE,SSS,PNP,0,0,0,125759260,12575.926,True,https://www.cwl.gov.cn/c/2025/05/31/616998.shtml,https://www.cwl.gov.cn/c/2025/05/31/616999.shtml,2025140,149,14,8,组六,1,1,-5806758,0,0,30,"[1, 2, 8]","[7, 6, 0]",12.8667,4.7,0,3,27,2026-04-12T18:30:37Z,1,8,0,11,2,11,0,10,0,10,0,10,0,6,0,4,0,11,0,9
2025142,2025-06-01,2025,6,1,日,7,152,3D,916,"9,1,6",9,1,6,"[9, 1, 6]","[1, 6, 9]",169,3,组六,False,False,16,6,8,9,1,2,1,2,1,0,3,2,1,0,010,OOE,BSB,NNN,0,0,1,117785076,11778.5076,False,https://www.cwl.gov.cn/c/2025/06/01/617004.shtml,,2025141,202,4,2,组三,1,1,-7974184,0,0,30,"[2, 1, 8]","[7, 6, 0]",12.7,4.5333,0,4,26,2026-04-12T18:30:37Z,0,8,1,11,0,12,0,10,0,10,0,10,1,6,0,3,0,11,1,9
2025143,2025-06-02,2025,6,2,一,1,153,3D,256,"2,5,6",2,5,6,"[2, 5, 6]","[2, 5, 6]",256,3,组六,False,False,13,3,4,6,2,1,2,2,1,2,1,1,0,2,220,EOE,SBB,PPN,1,0,1,124652344,12465.2344,False,https://www.cwl.gov.cn/c/2025/06/02/617011.shtml,,2025142,916,16,8,组六,1,1,6867268,1,1,30,"[1, 2, 8]","[7, 6, 0]",12.6333,4.6333,0,4,26,2026-04-12T18:30:37Z,0,8,0,12,1,12,0,10,0,9,1,9,1,7,0,3,0,11,0,9
2025144,2025-06-03,2025,6,3,二,2,154,3D,666,"6,6,6",6,6,6,"[6, 6, 6]","[6, 6, 6]",666,1,豹子,True,True,18,8,0,6,6,0,3,3,0,0,3,3,0,0,000,EEE,BBB,NNN,0,2,-1,130737820,13073.782,False,https://www.cwl.gov.cn/c/2025/06/03/617118.shtml,,2025143,256,13,4,组六,1,1,6085476,1,1,30,"[2, 1, 8]","[7, 6, 0]",12.6,4.6667,0,4,26,2026-04-12T18:30:37Z,0,8,0,12,0,13,0,9,0,9,0,9,3,7,0,3,0,11,0,9
2025145,2025-06-04,2025,6,4,三,3,155,3D,267,"2,6,7",2,6,7,"[2, 6, 7]","[2, 6, 7]",267,3,组六,False,False,15,5,5,7,2,1,2,2,1,2,1,1,1,1,201,EEO,SBB,PNP,1,0,1,119002090,11900.209,False,https://www.cwl.gov.cn/c/2025/06/04/617225.shtml,,2025144,666,18,0,豹子,1,1,-11735730,1,1,30,"[2, 1, 8]","[7, 0, 3]",12.7,4.5333,1,4,25,2026-04-12T18:30:37Z,0,8,0,12,1,13,0,8,0,9,0,8,1,10,1,2,0,11,0,9
2025146,2025-06-05,2025,6,5,四,4,156,3D,897,"8,9,7",8,9,7,"[8, 9, 7]","[7, 8, 9]",789,3,组六,False,False,24,4,2,9,7,2,1,3,0,1,2,1,1,1,201,EOO,BBB,NNP,1,0,0,126848288,12684.8288,False,https://www.cwl.gov.cn/c/2025/06/05/617332.shtml,,2025145,267,15,5,组六,1,1,7846198,1,1,30,"[2, 1, 8]","[7, 0, 3]",12.9333,4.5,1,4,25,2026-04-12T18:30:37Z,0,7,0,12,0,13,0,8,0,9,0,8,0,10,1,3,1,11,1,9
2025147,2025-06-06,2025,6,6,五,5,157,3D,321,"3,2,1",3,2,1,"[3, 2, 1]","[1, 2, 3]",123,3,组六,False,False,6,6,2,3,1,2,1,0,3,2,1,1,1,1,021,OEO,SSS,PPN,2,0,0,127605464,12760.5464,False,https://www.cwl.gov.cn/c/2025/06/06/617439.shtml,,2025146,897,24,2,组六,1,1,757176,0,0,30,"[1, 2, 8]","[7, 0, 3]",13.5667,4.4667,1,4,25,2026-04-12T18:30:37Z,0,6,1,12,1,12,1,7,0,9,0,8,0,10,0,4,0,12,0,10
2025148,2025-06-07,2025,6,7,六,6,158,3D,838,"8,3,8",8,3,8,"[8, 3, 8]","[3, 8, 8]",388,2,组三,True,False,19,9,5,8,3,1,2,2,1,1,2,1,0,2,202,EOE,BSB,NPN,0,0,0,123141986,12314.1986,True,https://www.cwl.gov.cn/c/2025/06/07/617445.shtml,https://www.cwl.gov.cn/c/2025/06/07/617446.shtml,2025147,321,6,2,组六,1,1,-4463478,0,1,30,"[1, 2, 8]","[7, 0, 3]",13.0667,4.3667,1,4,25,2026-04-12T18:30:37Z,0,6,0,13,0,13,1,8,0,8,0,8,0,10,0,4,2,11,0,9
2025149,2025-06-08,2025,6,8,日,7,159,3D,734,"7,3,4",7,3,4,"[7, 3, 4]","[3, 4, 7]",347,3,组六,False,False,14,4,4,7,3,2,1,1,2,2,1,1,2,0,101,OOE,BSS,PPN,1,0,1,125792504,12579.2504,False,https://www.cwl.gov.cn/c/2025/06/08/617451.shtml,,2025148,838,19,5,组三,1,1,2650518,1,1,30,"[8, 1, 2]","[7, 0, 4]",13.4,4.3667,1,5,24,2026-04-12T18:30:37Z,0,6,0,12,0,12,1,9,1,8,0,8,0,9,1,4,0,13,0,9
2025150,2025-06-09,2025,6,9,一,1,160,3D,321,"3,2,1",3,2,1,"[3, 2, 1]","[1, 2, 3]",123,3,组六,False,False,6,6,2,3,1,2,1,0,3,2,1,1,1,1,021,OEO,SSS,PPN,2,0,0,126734430,12673.443,False,https://www.cwl.gov.cn/c/2025/06/09/617658.shtml,,2025149,734,14,4,组六,1,1,941926,0,1,30,"[8, 2, 1]","[7, 0, 5]",13.5667,4.3667,1,5,24,2026-04-12T18:30:37Z,0,6,1,11,1,12,1,9,0,9,0,7,0,9,0,5,0,13,0,9
2025151,2025-06-10,2025,6,10,二,2,161,3D,718,"7,1,8",7,1,8,"[7, 1, 8]","[1, 7, 8]",178,3,组六,False,False,16,6,7,8,1,2,1,2,1,1,2,0,2,1,112,OOE,BSB,PNN,0,0,1,123210932,12321.0932,False,https://www.cwl.gov.cn/c/2025/06/10/617865.shtml,,2025150,321,6,2,组六,1,1,-3523498,0,1,30,"[8, 2, 1]","[7, 0, 5]",13.3667,4.1667,1,5,24,2026-04-12T18:30:37Z,0,6,1,11,0,12,0,10,0,9,0,7,0,9,1,5,1,13,0,8
2025152,2025-06-11,2025,6,11,三,3,162,3D,210,"2,1,0",2,1,0,"[2, 1, 0]","[0, 1, 2]",012,3,组六,False,False,3,3,2,2,0,1,2,0,3,1,2,1,1,1,210,EOE,SSS,PNN,2,0,0,124334260,12433.426,False,https://www.cwl.gov.cn/c/2025/06/11/617972.shtml,,2025151,718,16,7,组六,1,1,1123328,1,1,30,"[8, 1, 2]","[0, 7, 5]",13.8,4.3333,1,5,24,2026-04-12T18:30:37Z,1,5,1,11,1,11,0,10,0,9,0,7,0,9,0,6,0,14,0,8
2025153,2025-06-12,2025,6,12,四,4,163,3D,069,"0,6,9",0,6,9,"[0, 6, 9]","[0, 6, 9]",069,3,组六,False,False,15,5,9,9,0,1,2,2,1,0,3,3,0,0,000,EEO,SBB,NNN,0,0,1,125125254,12512.5254,False,https://www.cwl.gov.cn/c/2025/06/12/618079.shtml,,2025152,210,3,2,组六,1,1,790994,0,1,30,"[1, 2, 8]","[0, 7, 5]",13.2333,4.2667,1,4,25,2026-04-12T18:30:37Z,1,6,0,12,0,12,0,10,0,8,0,7,1,9,0,6,0,12,1,8
2025154,2025-06-13,2025,6,13,五,5,164,3D,923,"9,2,3",9,2,3,"[9, 2, 3]","[2, 3, 9]",239,3,组六,False,False,14,4,7,9,2,2,1,1,2,2,1,2,0,1,020,OEO,BSS,NPP,1,0,1,126124130,12612.413,False,https://www.cwl.gov.cn/c/2025/06/13/618286.shtml,,2025153,069,15,9,组六,1,1,998876,0,1,30,"[1, 8, 2]","[7, 5, 0]",13.2667,4.4,1,4,25,2026-04-12T18:30:37Z,0,7,0,12,1,11,1,10,0,8,0,6,0,10,0,5,0,12,1,9
2025155,2025-06-14,2025,6,14,六,6,165,3D,499,"4,9,9",4,9,9,"[4, 9, 9]","[4, 9, 9]",499,2,组三,True,False,22,2,5,9,4,2,1,2,1,0,3,2,1,0,100,EOO,SBB,NNN,0,1,0,121512456,12151.2456,True,https://www.cwl.gov.cn/c/2025/06/14/618292.shtml,https://www.cwl.gov.cn/c/2025/06/14/618293.shtml,2025154,923,14,7,组六,1,1,-4611674,0,1,30,"[1, 2, 3]","[7, 0, 5]",13.1667,4.3333,1,4,25,2026-04-12T18:30:37Z,0,6,0,12,0,12,0,11,1,8,0,6,0,10,0,5,0,11,2,9
2025156,2025-06-15,2025,6,15,日,7,166,3D,775,"7,7,5",7,7,5,"[7, 7, 5]","[5, 7, 7]",577,2,组三,True,False,19,9,2,7,5,3,0,3,0,3,0,0,2,1,112,OOO,BBB,PPP,0,1,0,118420666,11842.0666,False,https://www.cwl.gov.cn/c/2025/06/15/618298.shtml,,2025155,499,22,5,组三,1,1,-3091790,0,0,30,"[2, 1, 8]","[5, 7, 0]",13.6,4.3667,1,5,24,2026-04-12T18:30:37Z,0,6,0,11,0,12,0,10,0,9,1,5,0,10,2,5,0,11,0,11
2025157,2025-06-16,2025,6,16,一,1,167,3D,969,"9,6,9",9,6,9,"[9, 6, 9]","[6, 9, 9]",699,2,组三,True,False,24,4,3,9,6,2,1,3,0,0,3,3,0,0,000,OEO,BBB,NNN,0,0,0,119151478,11915.1478,False,https://www.cwl.gov.cn/c/2025/06/16/618405.shtml,,2025156,775,19,2,组三,1,1,730812,0,0,30,"[1, 2, 8]","[0, 5, 7]",14.0667,4.3333,1,6,23,2026-04-12T18:30:37Z,0,5,0,11,0,11,0,9,0,9,0,6,1,10,0,7,0,11,2,11
2025158,2025-06-17,2025,6,17,二,2,168,3D,701,"7,0,1",7,0,1,"[7, 0, 1]","[0, 1, 7]",017,3,组六,False,False,8,8,7,7,0,2,1,1,2,1,2,1,2,0,101,OEO,BSS,PNN,1,0,1,117012316,11701.2316,False,https://www.cwl.gov.cn/c/2025/06/17/618612.shtml,,2025157,969,24,3,组三,1,1,-2139162,0,0,30,"[9, 2, 6]","[0, 5, 7]",14.6,4.3333,1,7,22,2026-04-12T18:30:37Z,1,5,1,10,0,11,0,8,0,8,0,6,0,11,1,7,0,11,0,13
2025159,2025-06-18,2025,6,18,三,3,169,3D,073,"0,7,3",0,7,3,"[0, 7, 3]","[0, 3, 7]",037,3,组六,False,False,10,0,7,7,0,2,1,1,2,2,1,2,1,0,010,EOO,SBS,NPP,0,0,1,119276724,11927.6724,False,https://www.cwl.gov.cn/c/2025/06/18/618719.shtml,,2025158,701,8,7,组六,1,1,2264408,0,2,30,"[9, 2, 6]","[0, 5, 4]",14.4333,4.3333,1,7,22,2026-04-12T18:30:37Z,1,6,0,10,0,11,1,8,0,7,0,6,0,11,1,8,0,10,0,13
2025160,2025-06-19,2025,6,19,四,4,170,3D,503,"5,0,3",5,0,3,"[5, 0, 3]","[0, 3, 5]",035,3,组六,False,False,8,8,5,5,0,2,1,1,2,2,1,2,0,1,200,OEO,BSS,PNP,0,0,1,118904944,11890.4944,False,https://www.cwl.gov.cn/c/2025/06/19/618926.shtml,,2025159,073,10,7,组六,1,1,-371780,1,2,30,"[9, 2, 6]","[5, 0, 4]",14.2667,4.3,1,7,22,2026-04-12T18:30:37Z,1,7,0,9,0,11,1,9,0,7,1,5,0,11,0,9,0,10,0,12
2025161,2025-06-20,2025,6,20,五,5,171,3D,748,"7,4,8",7,4,8,"[7, 4, 8]","[4, 7, 8]",478,3,组六,False,False,19,9,4,8,4,1,2,2,1,1,2,0,2,1,112,OEE,BSB,PNN,0,0,1,121326462,12132.6462,False,https://www.cwl.gov.cn/c/2025/06/20/619033.shtml,,2025160,503,8,5,组六,1,1,2421518,0,0,30,"[9, 6, 2]","[4, 5, 0]",14.3333,4.3333,1,7,22,2026-04-12T18:30:37Z,0,7,0,9,0,10,0,10,1,6,0,6,0,11,1,9,1,10,0,12
2025162,2025-06-21,2025,6,21,六,6,172,3D,275,"2,7,5",2,7,5,"[2, 7, 5]","[2, 5, 7]",257,3,组六,False,False,14,4,5,7,2,2,1,2,1,3,0,0,1,2,212,EOO,SBB,PPP,0,0,1,119055720,11905.572,True,https://www.cwl.gov.cn/c/2025/06/21/619039.shtml,https://www.cwl.gov.cn/c/2025/06/21/619040.shtml,2025161,748,19,4,组六,1,1,-2270742,0,1,30,"[9, 6, 8]","[0, 5, 4]",14.8,4.3667,1,7,22,2026-04-12T18:30:37Z,0,6,0,9,1,9,0,9,0,7,1,6,0,11,1,10,0,11,0,12
2025163,2025-06-22,2025,6,22,日,7,173,3D,636,"6,3,6",6,3,6,"[6, 3, 6]","[3, 6, 6]",366,2,组三,True,False,15,5,3,6,3,1,2,2,1,1,2,3,0,0,000,EOE,BSB,NPN,0,0,0,120663680,12066.368,False,https://www.cwl.gov.cn/c/2025/06/22/619045.shtml,,2025162,275,14,5,组六,1,1,1607960,0,0,30,"[7, 9, 2]","[0, 4, 5]",14.5,4.4333,1,7,22,2026-04-12T18:30:37Z,0,6,0,9,0,10,1,9,0,7,0,7,2,10,0,11,0,10,0,11
2025164,2025-06-23,2025,6,23,一,1,174,3D,337,"3,3,7",3,3,7,"[3, 3, 7]","[3, 3, 7]",337,2,组三,True,False,13,3,4,7,3,3,0,1,2,3,0,2,1,0,001,OOO,SSB,PPP,0,1,0,120350256,12035.0256,False,https://www.cwl.gov.cn/c/2025/06/23/619152.shtml,,2025163,636,15,3,组三,1,1,-313424,1,1,30,"[6, 7, 9]","[0, 4, 5]",14.5,4.4667,1,8,21,2026-04-12T18:30:37Z,0,6,0,9,0,10,2,10,0,6,0,6,0,11,1,11,0,10,0,11
2025165,2025-06-24,2025,6,24,二,2,175,3D,609,"6,0,9",6,0,9,"[6, 0, 9]","[0, 6, 9]",069,3,组六,False,False,15,5,9,9,0,1,2,2,1,0,3,3,0,0,000,EEO,BSB,NNN,0,0,1,120928026,12092.8026,False,https://www.cwl.gov.cn/c/2025/06/24/619259.shtml,,2025164,337,13,4,组三,1,1,577770,0,0,30,"[3, 6, 7]","[4, 0, 5]",14.3,4.4667,1,9,20,2026-04-12T18:30:37Z,1,6,0,9,0,10,0,12,0,5,0,6,1,11,0,11,0,9,1,11
2025166,2025-06-25,2025,6,25,三,3,176,3D,808,"8,0,8",8,0,8,"[8, 0, 8]","[0, 8, 8]",088,2,组三,True,False,16,6,8,8,0,0,3,2,1,0,3,1,0,2,202,EEE,BSB,NNN,0,0,0,121129972,12112.9972,False,https://www.cwl.gov.cn/c/2025/06/25/619366.shtml,,2025165,609,15,9,组六,1,1,201946,1,1,30,"[3, 6, 9]","[4, 5, 0]",14.2333,4.6333,1,9,20,2026-04-12T18:30:37Z,1,7,0,9,0,10,0,12,0,4,0,5,0,12,0,11,2,8,0,12
2025167,2025-06-26,2025,6,26,四,4,177,3D,702,"7,0,2",7,0,2,"[7, 0, 2]","[0, 2, 7]",027,3,组六,False,False,9,9,7,7,0,1,2,1,2,2,1,1,1,1,102,OEE,BSS,PNP,0,0,1,120434312,12043.4312,False,https://www.cwl.gov.cn/c/2025/06/26/619773.shtml,,2025166,808,16,8,组三,1,1,-695660,1,1,30,"[6, 9, 3]","[4, 5, 1]",14.6,4.8333,1,9,20,2026-04-12T18:30:37Z,1,8,0,7,1,10,0,11,0,4,0,5,0,12,1,11,0,10,0,12
2025168,2025-06-27,2025,6,27,五,5,178,3D,514,"5,1,4",5,1,4,"[5, 1, 4]","[1, 4, 5]",145,3,组六,False,False,10,0,4,5,1,2,1,1,2,1,2,0,2,1,211,OOE,BSS,PNN,0,0,1,124501498,12450.1498,False,https://www.cwl.gov.cn/c/2025/06/27/619980.shtml,,2025167,702,9,7,组六,1,1,4067186,0,0,30,"[6, 7, 9]","[4, 5, 1]",14.2667,4.9,1,8,21,2026-04-12T18:30:37Z,0,9,1,7,0,11,0,10,1,4,1,5,0,12,0,12,0,8,0,12
2025169,2025-06-28,2025,6,28,六,6,179,3D,978,"9,7,8",9,7,8,"[9, 7, 8]","[7, 8, 9]",789,3,组六,False,False,24,4,2,9,7,2,1,3,0,1,2,1,1,1,012,OOE,BBB,NPN,1,0,0,121323730,12132.373,True,https://www.cwl.gov.cn/c/2025/06/28/619986.shtml,https://www.cwl.gov.cn/c/2025/06/28/619987.shtml,2025168,514,10,4,组六,1,1,-3177768,0,0,30,"[7, 6, 9]","[4, 5, 1]",14.0333,4.8,1,8,21,2026-04-12T18:30:37Z,0,9,0,8,0,10,0,10,0,5,0,6,0,11,1,12,1,8,1,11
2025170,2025-06-29,2025,6,29,日,7,180,3D,475,"4,7,5",4,7,5,"[4, 7, 5]","[4, 5, 7]",457,3,组六,False,False,16,6,3,7,4,2,1,2,1,2,1,0,2,1,112,EOO,SBB,NPP,0,0,1,115620304,11562.0304,False,https://www.cwl.gov.cn/c/2025/06/29/619992.shtml,,2025169,978,24,2,组六,1,1,-5703426,1,1,30,"[7, 6, 9]","[4, 5, 1]",14.1,4.7333,1,8,21,2026-04-12T18:30:37Z,0,9,0,8,0,10,0,10,1,5,1,5,0,11,1,13,0,8,0,11
2025171,2025-06-30,2025,6,30,一,1,181,3D,113,"1,1,3",1,1,3,"[1, 1, 3]","[1, 1, 3]",113,2,组三,True,False,5,5,2,3,1,3,0,0,3,1,2,1,2,0,110,OOO,SSS,NNP,0,1,0,120579758,12057.9758,False,https://www.cwl.gov.cn/c/2025/06/30/620199.shtml,,2025170,475,16,3,组六,1,1,4959454,0,0,30,"[7, 6, 2]","[4, 5, 1]",14.1667,4.5667,1,8,21,2026-04-12T18:30:37Z,0,9,2,7,0,10,1,10,0,5,0,6,0,11,0,14,0,8,0,10
2025172,2025-07-01,2025,7,1,二,2,182,3D,406,"4,0,6",4,0,6,"[4, 0, 6]","[0, 4, 6]",046,3,组六,False,False,10,0,6,6,0,0,3,1,2,0,3,2,1,0,100,EEE,SSB,NNN,0,0,1,117427346,11742.7346,False,https://www.cwl.gov.cn/c/2025/07/01/620306.shtml,,2025171,113,5,2,组三,1,1,-3152412,0,0,30,"[7, 3, 6]","[4, 5, 0]",14.2,4.5667,1,8,21,2026-04-12T18:30:37Z,1,8,0,9,0,8,0,11,1,5,0,6,1,11,0,14,0,8,0,10
2025173,2025-07-02,2025,7,2,三,3,183,3D,092,"0,9,2",0,9,2,"[0, 9, 2]","[0, 2, 9]",029,3,组六,False,False,11,1,9,9,0,1,2,1,2,1,2,2,0,1,002,EOE,SBS,NNP,0,0,1,116235622,11623.5622,False,https://www.cwl.gov.cn/c/2025/07/02/620413.shtml,,2025172,406,10,6,组六,1,1,-1191724,0,1,30,"[7, 3, 6]","[4, 5, 1]",14.0,4.5,1,8,21,2026-04-12T18:30:37Z,1,9,0,8,1,8,0,11,0,6,0,6,0,11,0,14,0,8,1,9
2025174,2025-07-03,2025,7,3,四,4,184,3D,533,"5,3,3",5,3,3,"[5, 3, 3]","[3, 3, 5]",335,2,组三,True,False,11,1,2,5,3,3,0,1,2,3,0,2,0,1,200,OOO,BSS,PPP,0,1,0,116678792,11667.8792,False,https://www.cwl.gov.cn/c/2025/07/03/620520.shtml,,2025173,092,11,9,组六,1,1,443170,0,0,30,"[7, 3, 0]","[5, 4, 1]",13.9333,4.6667,1,8,21,2026-04-12T18:30:37Z,0,10,0,8,0,8,2,11,0,6,1,5,0,10,0,14,0,8,0,10
2025175,2025-07-04,2025,7,4,五,5,185,3D,616,"6,1,6",6,1,6,"[6, 1, 6]","[1, 6, 6]",166,2,组三,True,False,13,3,5,6,1,1,2,2,1,0,3,2,1,0,010,EOE,BSB,NNN,0,0,0,114517994,11451.7994,False,https://www.cwl.gov.cn/c/2025/07/04/620727.shtml,,2025174,533,11,2,组三,1,1,-2160798,0,0,30,"[7, 3, 0]","[4, 5, 6]",13.7,4.7333,0,9,21,2026-04-12T18:30:37Z,0,10,1,8,0,8,0,13,0,6,0,6,2,7,0,14,0,8,0,10
2025176,2025-07-05,2025,7,5,六,6,186,3D,122,"1,2,2",1,2,2,"[1, 2, 2]","[1, 2, 2]",122,2,组三,True,False,5,5,1,2,1,1,2,0,3,2,1,0,1,2,122,OEE,SSS,NPP,1,1,0,111216576,11121.6576,True,https://www.cwl.gov.cn/c/2025/07/05/620733.shtml,https://www.cwl.gov.cn/c/2025/07/05/620734.shtml,2025175,616,13,5,组三,1,1,-3301418,0,1,30,"[3, 7, 0]","[4, 5, 2]",13.6333,4.7333,0,10,20,2026-04-12T18:30:37Z,0,10,1,9,2,7,0,13,0,6,0,6,0,8,0,13,0,8,0,10
2025177,2025-07-06,2025,7,6,日,7,187,3D,497,"4,9,7",4,9,7,"[4, 9, 7]","[4, 7, 9]",479,3,组六,False,False,20,0,5,9,4,2,1,2,1,1,2,1,2,0,101,EOO,SBB,NNP,0,0,1,110918126,11091.8126,False,https://www.cwl.gov.cn/c/2025/07/06/620739.shtml,,2025176,122,5,1,组三,1,1,-298450,0,0,30,"[3, 7, 0]","[4, 5, 8]",13.0,4.7,0,11,19,2026-04-12T18:30:37Z,0,10,0,10,0,9,0,13,1,6,0,6,0,8,1,12,0,7,1,9
2025178,2025-07-07,2025,7,7,一,1,188,3D,728,"7,2,8",7,2,8,"[7, 2, 8]","[2, 7, 8]",278,3,组六,False,False,17,7,6,8,2,1,2,2,1,2,1,0,1,2,122,OEE,BSB,PPN,0,0,1,114079650,11407.965,False,https://www.cwl.gov.cn/c/2025/07/07/620946.shtml,,2025177,497,20,5,组六,1,1,3161524,0,1,30,"[7, 3, 0]","[5, 4, 8]",13.4667,4.8,0,11,19,2026-04-12T18:30:37Z,0,10,0,9,1,8,0,12,0,7,0,6,0,8,1,13,1,7,0,10
2025179,2025-07-08,2025,7,8,二,2,189,3D,280,"2,8,0",2,8,0,"[2, 8, 0]","[0, 2, 8]",028,3,组六,False,False,10,0,8,8,0,0,3,1,2,1,2,1,0,2,220,EEE,SBS,PNN,0,0,1,118987870,11898.787,False,https://www.cwl.gov.cn/c/2025/07/08/621453.shtml,,2025178,728,17,6,组六,1,1,4908220,0,2,30,"[7, 3, 0]","[5, 8, 4]",13.4,4.8333,0,10,20,2026-04-12T18:30:37Z,1,10,0,9,1,9,0,11,0,7,0,6,0,8,0,14,1,6,0,10
2025180,2025-07-09,2025,7,9,三,3,190,3D,260,"2,6,0",2,6,0,"[2, 6, 0]","[0, 2, 6]",026,3,组六,False,False,8,8,6,6,0,0,3,1,2,1,2,2,0,1,200,EEE,SBS,PNN,0,0,1,115752094,11575.2094,False,https://www.cwl.gov.cn/c/2025/07/09/621560.shtml,,2025179,280,10,8,组六,1,1,-3235776,2,2,30,"[7, 0, 2]","[4, 5, 8]",13.2667,4.9667,0,10,20,2026-04-12T18:30:37Z,1,11,0,9,1,10,0,10,0,6,0,6,1,8,0,13,0,7,0,10
2025181,2025-07-10,2025,7,10,四,4,191,3D,886,"8,8,6",8,8,6,"[8, 8, 6]","[6, 8, 8]",688,2,组三,True,False,22,2,2,8,6,0,3,3,0,0,3,1,0,2,220,EEE,BBB,NNN,0,1,0,116006684,11600.6684,False,https://www.cwl.gov.cn/c/2025/07/10/621667.shtml,,2025180,260,8,6,组六,1,1,254590,0,1,30,"[7, 0, 2]","[4, 5, 8]",13.3333,5.1,0,10,20,2026-04-12T18:30:37Z,0,12,0,8,0,10,0,9,0,6,0,6,1,9,0,13,2,7,0,10
2025182,2025-07-11,2025,7,11,五,5,192,3D,708,"7,0,8",7,0,8,"[7, 0, 8]","[0, 7, 8]",078,3,组六,False,False,15,5,8,8,0,1,2,2,1,1,2,1,1,1,102,OEE,BSB,PNN,0,0,1,114202160,11420.216,False,https://www.cwl.gov.cn/c/2025/07/11/621874.shtml,,2025181,886,22,2,组三,1,1,-1804524,0,1,30,"[0, 7, 2]","[4, 5, 1]",13.5333,4.9333,0,11,19,2026-04-12T18:30:37Z,1,12,0,7,0,10,0,9,0,6,0,6,0,10,1,12,1,8,0,10
2025183,2025-07-12,2025,7,12,六,6,193,3D,744,"7,4,4",7,4,4,"[7, 4, 4]","[4, 4, 7]",447,2,组三,True,False,15,5,3,7,4,1,2,1,2,1,2,0,3,0,111,OEE,BSS,PNN,0,1,0,112442522,11244.2522,True,https://www.cwl.gov.cn/c/2025/07/12/621880.shtml,https://www.cwl.gov.cn/c/2025/07/12/621881.shtml,2025182,708,15,8,组六,1,1,-1759638,1,1,30,"[7, 0, 6]","[1, 4, 5]",13.9333,5.1333,0,11,19,2026-04-12T18:30:37Z,0,12,0,6,0,9,0,9,2,6,0,6,0,10,1,13,0,9,0,10
2025184,2025-07-13,2025,7,13,日,7,194,3D,799,"7,9,9",7,9,9,"[7, 9, 9]","[7, 9, 9]",799,2,组三,True,False,25,5,2,9,7,3,0,3,0,1,2,2,1,0,100,OOO,BBB,PNN,0,1,0,110880482,11088.0482,False,https://www.cwl.gov.cn/c/2025/07/13/621886.shtml,,2025183,744,15,3,组三,1,1,-1562040,1,1,30,"[7, 0, 2]","[1, 5, 4]",13.9333,4.9333,0,12,18,2026-04-12T18:30:37Z,0,11,0,6,0,9,0,9,0,8,0,6,0,9,1,14,0,9,2,9
2025185,2025-07-14,2025,7,14,一,1,195,3D,164,"1,6,4",1,6,4,"[1, 6, 4]","[1, 4, 6]",146,3,组六,False,False,11,1,5,6,1,1,2,1,2,0,3,1,2,0,101,OEE,SBS,NNN,0,0,1,109890010,10989.001,False,https://www.cwl.gov.cn/c/2025/07/14/622093.shtml,,2025184,799,25,2,组三,1,1,-990472,0,0,30,"[7, 0, 9]","[1, 5, 2]",14.3,4.7667,0,13,17,2026-04-12T18:30:37Z,0,11,1,6,0,8,0,8,1,8,0,6,1,9,0,15,0,9,0,10
2025186,2025-07-15,2025,7,15,二,2,196,3D,227,"2,2,7",2,2,7,"[2, 2, 7]","[2, 2, 7]",227,2,组三,True,False,11,1,5,7,2,1,2,1,2,3,0,0,1,2,221,EEO,SSB,PPP,0,1,0,113957536,11395.7536,False,https://www.cwl.gov.cn/c/2025/07/15/622200.shtml,,2025185,164,11,5,组六,1,1,4067526,0,0,30,"[7, 0, 6]","[5, 1, 2]",13.9333,4.7667,0,12,18,2026-04-12T18:30:37Z,0,11,0,7,2,8,0,8,0,8,0,6,0,10,1,15,0,9,0,8
2025187,2025-07-16,2025,7,16,三,3,197,3D,761,"7,6,1",7,6,1,"[7, 6, 1]","[1, 6, 7]",167,3,组六,False,False,14,4,6,7,1,2,1,2,1,1,2,1,2,0,101,OEO,BBS,PNN,1,0,1,113900524,11390.0524,False,https://www.cwl.gov.cn/c/2025/07/16/622307.shtml,,2025186,227,11,5,组三,1,1,-57012,0,1,30,"[7, 0, 2]","[5, 1, 3]",13.6667,4.8667,0,12,18,2026-04-12T18:30:37Z,0,11,1,7,0,10,0,8,0,8,0,5,1,10,1,14,0,9,0,8
2025188,2025-07-17,2025,7,17,四,4,198,3D,018,"0,1,8",0,1,8,"[0, 1, 8]","[0, 1, 8]",018,3,组六,False,False,9,9,8,8,0,1,2,1,2,0,3,1,1,1,012,EOE,SSB,NNN,1,0,1,111037828,11103.7828,False,https://www.cwl.gov.cn/c/2025/07/17/622414.shtml,,2025187,761,14,6,组六,1,1,-2862696,0,1,30,"[7, 0, 2]","[5, 9, 1]",13.3333,4.9667,0,11,19,2026-04-12T18:30:37Z,1,11,1,8,0,10,0,8,0,8,0,5,0,10,0,15,1,9,0,6
2025189,2025-07-18,2025,7,18,五,5,199,3D,907,"9,0,7",9,0,7,"[9, 0, 7]","[0, 7, 9]",079,3,组六,False,False,16,6,9,9,0,2,1,2,1,1,2,2,1,0,001,OEO,BSB,NNP,0,0,1,115127852,11512.7852,False,https://www.cwl.gov.cn/c/2025/07/18/622521.shtml,,2025188,018,9,8,组六,1,1,4090024,0,1,30,"[7, 0, 2]","[5, 9, 1]",13.3667,5.0,0,11,19,2026-04-12T18:30:37Z,1,11,0,8,0,10,0,8,0,8,0,5,0,10,1,14,0,10,1,6
2025190,2025-07-19,2025,7,19,六,6,200,3D,402,"4,0,2",4,0,2,"[4, 0, 2]","[0, 2, 4]",024,3,组六,False,False,6,6,4,4,0,0,3,0,3,1,2,1,1,1,102,EEE,SSS,NNP,0,0,0,114432892,11443.2892,True,https://www.cwl.gov.cn/c/2025/07/19/622529.shtml,https://www.cwl.gov.cn/c/2025/07/19/622530.shtml,2025189,907,16,9,组六,1,1,-694960,1,1,30,"[7, 0, 2]","[5, 3, 9]",13.5667,5.0667,0,11,19,2026-04-12T18:30:37Z,1,11,0,8,1,10,0,7,1,8,0,5,0,10,0,14,0,10,0,7
2025191,2025-07-20,2025,7,20,日,7,201,3D,202,"2,0,2",2,0,2,"[2, 0, 2]","[0, 2, 2]",022,2,组三,True,False,4,4,2,2,0,0,3,0,3,2,1,1,0,2,202,EEE,SSS,PNP,0,0,0,113445002,11344.5002,False,https://www.cwl.gov.cn/c/2025/07/20/622533.shtml,,2025190,402,6,4,组六,1,1,-987890,2,2,30,"[7, 0, 2]","[5, 3, 9]",13.5,5.0333,0,11,19,2026-04-12T18:30:37Z,1,11,0,8,2,11,0,6,0,9,0,4,0,10,0,14,0,10,0,7
2025192,2025-07-21,2025,7,21,一,1,202,3D,691,"6,9,1",6,9,1,"[6, 9, 1]","[1, 6, 9]",169,3,组六,False,False,16,6,8,9,1,2,1,2,1,0,3,2,1,0,001,EOO,BBS,NNN,0,0,1,113710312,11371.0312,False,https://www.cwl.gov.cn/c/2025/07/21/622640.shtml,,2025191,202,4,2,组三,1,1,265310,0,0,30,"[2, 7, 0]","[5, 3, 9]",13.0,4.9667,0,12,18,2026-04-12T18:30:37Z,0,12,1,8,0,13,0,6,0,8,0,4,1,10,0,13,0,9,1,7
2025193,2025-07-22,2025,7,22,二,2,203,3D,876,"8,7,6",8,7,6,"[8, 7, 6]","[6, 7, 8]",678,3,组六,False,False,21,1,2,8,6,1,2,3,0,1,2,1,1,1,210,EOE,BBB,NPN,2,0,0,117331228,11733.1228,False,https://www.cwl.gov.cn/c/2025/07/22/622747.shtml,,2025192,691,16,8,组六,1,1,3620916,0,1,30,"[0, 2, 7]","[5, 3, 4]",13.0667,5.0667,0,12,18,2026-04-12T18:30:37Z,0,12,0,9,0,12,0,6,0,8,0,3,1,11,1,12,1,9,0,8
2025194,2025-07-23,2025,7,23,三,3,204,3D,726,"7,2,6",7,2,6,"[7, 2, 6]","[2, 6, 7]",267,3,组六,False,False,15,5,5,7,2,1,2,2,1,2,1,1,1,1,120,OEE,BSB,PPN,0,0,1,116937958,11693.7958,False,https://www.cwl.gov.cn/c/2025/07/23/622954.shtml,,2025193,876,21,2,组六,1,1,-393270,1,2,30,"[7, 0, 2]","[5, 3, 4]",13.2667,5.0333,0,11,19,2026-04-12T18:30:37Z,0,12,0,9,1,12,0,5,0,8,0,3,1,10,1,13,0,10,0,8
2025195,2025-07-24,2025,7,24,四,4,205,3D,980,"9,8,0",9,8,0,"[9, 8, 0]","[0, 8, 9]",089,3,组六,False,False,17,7,9,9,0,1,2,2,1,0,3,2,0,1,020,OEE,BBS,NNN,1,0,1,122902178,12290.2178,False,https://www.cwl.gov.cn/c/2025/07/24/623061.shtml,,2025194,726,15,5,组六,1,1,5964220,0,0,30,"[2, 7, 0]","[3, 5, 4]",13.3333,5.0667,0,10,20,2026-04-12T18:30:37Z,1,12,0,9,0,13,0,3,0,8,0,3,0,11,0,13,1,10,1,8
2025196,2025-07-25,2025,7,25,五,5,206,3D,734,"7,3,4",7,3,4,"[7, 3, 4]","[3, 4, 7]",347,3,组六,False,False,14,4,4,7,3,2,1,1,2,2,1,1,2,0,101,OOE,BSS,PPN,1,0,1,125275818,12527.5818,False,https://www.cwl.gov.cn/c/2025/07/25/623368.shtml,,2025195,980,17,9,组六,1,1,2373640,0,0,30,"[2, 7, 0]","[3, 5, 4]",13.4,5.0667,0,10,20,2026-04-12T18:30:37Z,0,12,0,9,0,13,1,3,1,8,0,3,0,10,1,13,0,11,0,8
2025197,2025-07-26,2025,7,26,六,6,207,3D,057,"0,5,7",0,5,7,"[0, 5, 7]","[0, 5, 7]",057,3,组六,False,False,12,2,7,7,0,2,1,2,1,2,1,1,1,1,021,EOO,SBB,NPP,0,0,1,119120044,11912.0044,True,https://www.cwl.gov.cn/c/2025/07/26/623374.shtml,https://www.cwl.gov.cn/c/2025/07/26/623377.shtml,2025196,734,14,4,组六,1,1,-6155774,0,1,30,"[7, 2, 0]","[5, 3, 9]",13.3333,4.9333,0,9,21,2026-04-12T18:30:37Z,1,11,0,9,0,13,0,4,0,9,1,3,0,10,1,14,0,9,0,8
2025198,2025-07-27,2025,7,27,日,7,208,3D,898,"8,9,8",8,9,8,"[8, 9, 8]","[8, 8, 9]",889,2,组三,True,False,25,5,1,9,8,1,2,3,0,0,3,1,0,2,202,EOE,BBB,NNN,2,0,0,117260702,11726.0702,False,https://www.cwl.gov.cn/c/2025/07/27/623480.shtml,,2025197,057,12,7,组六,1,1,-1859342,0,0,30,"[7, 2, 0]","[3, 5, 9]",13.4333,4.9333,0,9,21,2026-04-12T18:30:37Z,0,11,0,9,0,12,0,4,0,9,0,4,0,10,0,14,2,9,1,8
2025199,2025-07-28,2025,7,28,一,1,209,3D,943,"9,4,3",9,4,3,"[9, 4, 3]","[3, 4, 9]",349,3,组六,False,False,16,6,6,9,3,2,1,1,2,1,2,2,1,0,010,OEO,BSS,NNP,1,0,1,112183756,11218.3756,False,https://www.cwl.gov.cn/c/2025/07/28/623787.shtml,,2025198,898,25,1,组三,1,1,-5076946,0,1,30,"[7, 2, 0]","[5, 3, 1]",13.9333,4.8333,0,10,20,2026-04-12T18:30:37Z,0,11,0,8,0,12,1,4,1,8,0,3,0,10,0,14,0,11,1,9
2025200,2025-07-29,2025,7,29,二,2,210,3D,015,"0,1,5",0,1,5,"[0, 1, 5]","[0, 1, 5]",015,3,组六,False,False,6,6,5,5,0,2,1,1,2,1,2,1,1,1,012,EOO,SSB,NNP,1,0,1,116319342,11631.9342,False,https://www.cwl.gov.cn/c/2025/07/29/623894.shtml,,2025199,943,16,6,组六,1,1,4135586,0,0,30,"[7, 2, 0]","[5, 3, 1]",13.6667,4.9667,0,10,20,2026-04-12T18:30:37Z,1,11,1,8,0,12,0,5,0,9,1,3,0,10,0,13,0,10,0,9
2025201,2025-07-30,2025,7,30,三,3,211,3D,846,"8,4,6",8,4,6,"[8, 4, 6]","[4, 6, 8]",468,3,组六,False,False,18,8,4,8,4,0,3,2,1,0,3,1,1,1,210,EEE,BSB,NNN,0,0,0,118432042,11843.2042,False,https://www.cwl.gov.cn/c/2025/07/30/624001.shtml,,2025200,015,6,5,组六,1,1,2112700,0,0,30,"[0, 2, 7]","[5, 3, 4]",13.3333,5.0333,0,10,20,2026-04-12T18:30:37Z,0,12,0,9,0,12,0,5,1,8,0,3,1,10,0,12,1,10,0,9
2025202,2025-07-31,2025,7,31,四,4,212,3D,953,"9,5,3",9,5,3,"[9, 5, 3]","[3, 5, 9]",359,3,组六,False,False,17,7,6,9,3,3,0,2,1,2,1,2,0,1,020,OOO,BBS,NPP,0,0,1,120892074,12089.2074,False,https://www.cwl.gov.cn/c/2025/07/31/624108.shtml,,2025201,846,18,4,组六,1,1,2460032,0,0,30,"[0, 2, 7]","[5, 3, 1]",13.7667,5.1,0,9,21,2026-04-12T18:30:37Z,0,12,0,7,0,12,1,4,0,9,1,3,0,11,0,12,0,11,1,9
2025203,2025-08-01,2025,8,1,五,5,213,3D,013,"0,1,3",0,1,3,"[0, 1, 3]","[0, 1, 3]",013,3,组六,False,False,4,4,3,3,0,2,1,0,3,1,2,2,1,0,010,EOO,SSS,NNP,1,0,1,124945376,12494.5376,False,https://www.cwl.gov.cn/c/2025/08/01/624215.shtml,,2025202,953,17,6,组六,1,1,4053302,1,1,30,"[2, 7, 0]","[5, 3, 1]",14.0,5.1,0,9,21,2026-04-12T18:30:37Z,1,11,1,7,0,12,1,5,0,8,0,4,0,10,0,12,0,11,0,10
2025204,2025-08-02,2025,8,2,六,6,214,3D,007,"0,0,7",0,0,7,"[0, 0, 7]","[0, 0, 7]",007,2,组三,True,False,7,7,7,7,0,1,2,1,2,1,2,2,1,0,001,EEO,SSB,NNP,0,1,0,118260772,11826.0772,True,https://www.cwl.gov.cn/c/2025/08/02/624221.shtml,https://www.cwl.gov.cn/c/2025/08/02/624222.shtml,2025203,013,4,3,组六,1,1,-6684604,1,1,30,"[7, 0, 2]","[5, 3, 1]",13.7667,4.9,0,9,21,2026-04-12T18:30:37Z,2,11,0,8,0,11,0,6,0,8,0,4,0,10,1,12,0,11,0,9
2025205,2025-08-03,2025,8,3,日,7,215,3D,920,"9,2,0",9,2,0,"[9, 2, 0]","[0, 2, 9]",029,3,组六,False,False,11,1,9,9,0,1,2,1,2,1,2,2,0,1,020,OEE,BSS,NPN,0,0,1,111799694,11179.9694,False,https://www.cwl.gov.cn/c/2025/08/03/624227.shtml,,2025204,007,7,7,组三,1,1,-6461078,0,1,30,"[0, 7, 2]","[5, 3, 1]",13.6333,5.0667,0,9,21,2026-04-12T18:30:37Z,1,13,0,8,1,11,0,4,0,8,0,3,0,10,0,13,0,11,1,9
2025206,2025-08-04,2025,8,4,一,1,216,3D,444,"4,4,4",4,4,4,"[4, 4, 4]","[4, 4, 4]",444,1,豹子,True,True,12,2,0,4,4,0,3,0,3,0,3,0,3,0,111,EEE,SSS,NNN,0,2,-1,115020060,11502.006,False,https://www.cwl.gov.cn/c/2025/08/04/624334.shtml,,2025205,920,11,9,组六,1,1,3220366,0,0,30,"[0, 7, 2]","[5, 3, 1]",13.5667,5.2,0,8,22,2026-04-12T18:30:37Z,0,14,0,7,0,12,0,4,3,8,0,3,0,8,0,13,0,11,0,10
2025207,2025-08-05,2025,8,5,二,2,217,3D,255,"2,5,5",2,5,5,"[2, 5, 5]","[2, 5, 5]",255,2,组三,True,False,12,2,3,5,2,2,1,2,1,3,0,0,0,3,222,EOO,SBB,PPP,0,1,0,109934844,10993.4844,False,https://www.cwl.gov.cn/c/2025/08/05/624441.shtml,,2025206,444,12,0,豹子,1,1,-5085216,0,0,30,"[0, 7, 4]","[5, 3, 1]",13.8,5.1667,1,7,22,2026-04-12T18:30:37Z,0,14,0,6,1,10,0,4,0,11,2,3,0,8,0,13,0,11,0,10
2025208,2025-08-06,2025,8,6,三,3,218,3D,432,"4,3,2",4,3,2,"[4, 3, 2]","[2, 3, 4]",234,3,组六,False,False,9,9,2,4,2,1,2,0,3,2,1,1,1,1,102,EOE,SSS,NPP,2,0,0,111735524,11173.5524,False,https://www.cwl.gov.cn/c/2025/08/06/624548.shtml,,2025207,255,12,3,组三,1,1,1800680,0,1,30,"[0, 7, 2]","[3, 5, 1]",13.5333,5.1,1,8,21,2026-04-12T18:30:37Z,0,14,0,6,1,11,1,4,1,10,0,5,0,8,0,12,0,11,0,9
2025209,2025-08-07,2025,8,7,四,4,219,3D,387,"3,8,7",3,8,7,"[3, 8, 7]","[3, 7, 8]",378,3,组六,False,False,18,8,5,8,3,2,1,2,1,2,1,1,1,1,021,OEO,SBB,PNP,1,0,1,111400940,11140.094,False,https://www.cwl.gov.cn/c/2025/08/07/624655.shtml,,2025208,432,9,2,组六,1,1,-334584,0,1,30,"[0, 2, 4]","[3, 5, 1]",13.2667,4.9667,1,8,21,2026-04-12T18:30:37Z,0,14,0,6,0,11,1,5,0,11,0,5,0,8,1,11,1,10,0,9
2025210,2025-08-08,2025,8,8,五,5,220,3D,520,"5,2,0",5,2,0,"[5, 2, 0]","[0, 2, 5]",025,3,组六,False,False,7,7,5,5,0,1,2,1,2,2,1,1,0,2,220,OEE,BSS,PPN,0,0,1,116385984,11638.5984,False,https://www.cwl.gov.cn/c/2025/08/08/624762.shtml,,2025209,387,18,5,组六,1,1,4985044,0,0,30,"[0, 7, 4]","[5, 1, 3]",13.5333,4.8667,1,8,21,2026-04-12T18:30:37Z,1,13,0,6,1,10,0,6,0,11,1,5,0,8,0,12,0,10,0,9
2025211,2025-08-09,2025,8,9,六,6,221,3D,897,"8,9,7",8,9,7,"[8, 9, 7]","[7, 8, 9]",789,3,组六,False,False,24,4,2,9,7,2,1,3,0,1,2,1,1,1,201,EOO,BBB,NNP,1,0,0,117138972,11713.8972,True,https://www.cwl.gov.cn/c/2025/08/09/624768.shtml,https://www.cwl.gov.cn/c/2025/08/09/624769.shtml,2025210,520,7,5,组六,1,1,752988,0,0,30,"[0, 7, 4]","[1, 3, 5]",13.5,4.8333,1,8,21,2026-04-12T18:30:37Z,0,13,0,6,0,10,0,6,0,11,0,6,0,7,1,12,1,10,1,9
2025212,2025-08-10,2025,8,10,日,7,222,3D,456,"4,5,6",4,5,6,"[4, 5, 6]","[4, 5, 6]",456,3,组六,False,False,15,5,2,6,4,1,2,2,1,1,2,1,1,1,120,EOE,SBB,NPN,2,0,0,114453410,11445.341,False,https://www.cwl.gov.cn/c/2025/08/10/624774.shtml,,2025211,897,24,2,组六,1,1,-2685562,0,0,30,"[0, 7, 4]","[1, 3, 5]",13.5667,4.8333,1,7,22,2026-04-12T18:30:37Z,0,13,0,6,0,10,0,6,1,11,1,6,1,6,0,13,0,9,0,10
2025213,2025-08-11,2025,8,11,一,1,223,3D,381,"3,8,1",3,8,1,"[3, 8, 1]","[1, 3, 8]",138,3,组六,False,False,12,2,7,8,1,2,1,1,2,1,2,1,1,1,021,OEO,SBS,PNN,0,0,1,116510020,11651.002,False,https://www.cwl.gov.cn/c/2025/08/11/624881.shtml,,2025212,456,15,2,组六,1,1,2056610,0,0,30,"[0, 4, 7]","[1, 3, 5]",13.5667,4.6333,1,7,22,2026-04-12T18:30:37Z,0,12,1,6,0,10,1,6,0,12,0,7,0,7,0,12,1,8,0,10
2025214,2025-08-12,2025,8,12,二,2,224,3D,920,"9,2,0",9,2,0,"[9, 2, 0]","[0, 2, 9]",029,3,组六,False,False,11,1,9,9,0,1,2,1,2,1,2,2,0,1,020,OEE,BSS,NPN,0,0,1,119192130,11919.213,False,https://www.cwl.gov.cn/c/2025/08/12/624988.shtml,,2025213,381,12,7,组六,1,1,2682110,0,0,30,"[0, 7, 2]","[1, 3, 5]",13.4667,4.7667,1,6,23,2026-04-12T18:30:37Z,1,12,0,7,1,10,0,7,0,10,0,7,0,7,0,11,0,9,1,10
2025215,2025-08-13,2025,8,13,三,3,225,3D,853,"8,5,3",8,5,3,"[8, 5, 3]","[3, 5, 8]",358,3,组六,False,False,16,6,5,8,3,2,1,2,1,2,1,1,0,2,220,EOO,BBS,NPP,0,0,1,119393710,11939.371,False,https://www.cwl.gov.cn/c/2025/08/13/625095.shtml,,2025214,920,11,9,组六,1,1,201580,0,0,30,"[0, 2, 4]","[1, 3, 5]",13.0,5.0,1,5,24,2026-04-12T18:30:37Z,0,13,0,7,0,11,1,7,0,10,1,7,0,7,0,10,1,9,0,9
2025216,2025-08-14,2025,8,14,四,4,226,3D,625,"6,2,5",6,2,5,"[6, 2, 5]","[2, 5, 6]",256,3,组六,False,False,13,3,4,6,2,1,2,2,1,2,1,1,0,2,022,EEO,BSB,NPP,0,0,1,121100578,12110.0578,False,https://www.cwl.gov.cn/c/2025/08/14/625202.shtml,,2025215,853,16,5,组六,1,1,1706868,0,1,30,"[0, 2, 7]","[1, 6, 3]",13.1667,5.0,1,5,24,2026-04-12T18:30:37Z,0,13,0,6,1,11,0,8,0,9,1,8,1,6,0,10,0,10,0,9
2025217,2025-08-15,2025,8,15,五,5,227,3D,894,"8,9,4",8,9,4,"[8, 9, 4]","[4, 8, 9]",489,3,组六,False,False,21,1,5,9,4,1,2,2,1,0,3,1,1,1,201,EOE,BBS,NNN,1,0,1,125334838,12533.4838,False,https://www.cwl.gov.cn/c/2025/08/15/625309.shtml,,2025216,625,13,4,组六,1,1,4234260,0,0,30,"[0, 2, 8]","[1, 6, 3]",13.2333,4.9667,1,4,25,2026-04-12T18:30:37Z,0,13,0,6,0,10,0,8,1,9,0,9,0,7,0,9,1,10,1,9
2025218,2025-08-16,2025,8,16,六,6,228,3D,526,"5,2,6",5,2,6,"[5, 2, 6]","[2, 5, 6]",256,3,组六,False,False,13,3,4,6,2,1,2,2,1,2,1,1,0,2,220,OEE,BSB,PPN,0,0,1,121129986,12112.9986,True,https://www.cwl.gov.cn/c/2025/08/16/625315.shtml,https://www.cwl.gov.cn/c/2025/08/16/625316.shtml,2025217,894,21,5,组六,1,1,-4204852,0,0,30,"[0, 8, 2]","[1, 6, 3]",13.4667,4.9333,1,4,25,2026-04-12T18:30:37Z,0,13,0,5,1,10,0,8,0,10,1,9,1,6,0,8,0,11,0,10
2025219,2025-08-17,2025,8,17,日,7,229,3D,900,"9,0,0",9,0,0,"[9, 0, 0]","[0, 0, 9]",009,2,组三,True,False,9,9,9,9,0,1,2,1,2,0,3,3,0,0,000,OEE,BSS,NNN,0,1,0,122876626,12287.6626,False,https://www.cwl.gov.cn/c/2025/08/17/625321.shtml,,2025218,526,13,4,组六,1,1,1746640,0,0,30,"[0, 2, 4]","[1, 6, 3]",13.6,4.8,1,4,25,2026-04-12T18:30:37Z,2,12,0,4,0,11,0,8,0,10,0,10,0,7,0,8,0,10,1,10
2025220,2025-08-18,2025,8,18,一,1,230,3D,536,"5,3,6",5,3,6,"[5, 3, 6]","[3, 5, 6]",356,3,组六,False,False,14,4,3,6,3,2,1,2,1,2,1,2,0,1,200,OOE,BSB,PPN,0,0,1,117079518,11707.9518,False,https://www.cwl.gov.cn/c/2025/08/18/625428.shtml,,2025219,900,9,9,组三,1,1,-5797108,0,0,30,"[0, 2, 4]","[1, 6, 7]",13.3667,4.8,1,5,24,2026-04-12T18:30:37Z,0,13,0,4,0,11,1,8,0,10,1,10,1,7,0,7,0,10,0,10
2025221,2025-08-19,2025,8,19,二,2,231,3D,296,"2,9,6",2,9,6,"[2, 9, 6]","[2, 6, 9]",269,3,组六,False,False,17,7,7,9,2,1,2,2,1,1,2,2,0,1,200,EOE,SBB,PNN,0,0,1,120022140,12002.214,False,https://www.cwl.gov.cn/c/2025/08/19/625535.shtml,,2025220,536,14,3,组六,1,1,2942622,1,1,30,"[0, 5, 2]","[1, 7, 6]",13.6333,4.7667,1,5,24,2026-04-12T18:30:37Z,0,12,0,4,1,10,0,9,0,9,0,11,1,8,0,7,0,10,1,10
2025222,2025-08-20,2025,8,20,三,3,232,3D,010,"0,1,0",0,1,0,"[0, 1, 0]","[0, 0, 1]",001,2,组三,True,False,1,1,1,1,0,1,2,0,3,0,3,2,1,0,010,EOE,SSS,NNN,2,0,0,122958120,12295.812,False,https://www.cwl.gov.cn/c/2025/08/20/625742.shtml,,2025221,296,17,7,组六,1,1,2935980,0,0,30,"[0, 5, 9]","[1, 7, 2]",14.0667,4.9333,1,4,25,2026-04-12T18:30:37Z,2,11,1,4,0,9,0,9,0,9,0,11,0,9,0,7,0,10,0,11
2025223,2025-08-21,2025,8,21,四,4,233,3D,736,"7,3,6",7,3,6,"[7, 3, 6]","[3, 6, 7]",367,3,组六,False,False,16,6,4,7,3,2,1,2,1,2,1,2,1,0,100,OOE,BSB,PPN,0,0,1,112208644,11220.8644,False,https://www.cwl.gov.cn/c/2025/08/21/625849.shtml,,2025222,010,1,1,组三,1,1,-10749476,0,0,30,"[0, 5, 8]","[1, 7, 6]",13.5667,4.7,1,5,24,2026-04-12T18:30:37Z,0,13,0,4,0,9,1,9,0,9,0,11,1,8,1,7,0,10,0,10
2025224,2025-08-22,2025,8,22,五,5,234,3D,990,"9,9,0",9,9,0,"[9, 9, 0]","[0, 9, 9]",099,2,组三,True,False,18,8,9,9,0,2,1,2,1,0,3,3,0,0,000,OOE,BBS,NNN,0,1,0,118548566,11854.8566,False,https://www.cwl.gov.cn/c/2025/08/22/625956.shtml,,2025223,736,16,4,组六,1,1,6339922,0,0,30,"[0, 5, 3]","[1, 7, 6]",13.4,4.7667,1,5,24,2026-04-12T18:30:37Z,1,13,0,4,0,9,0,10,0,9,0,11,0,8,0,7,0,9,2,10
2025225,2025-08-23,2025,8,23,六,6,235,3D,806,"8,0,6",8,0,6,"[8, 0, 6]","[0, 6, 8]",068,3,组六,False,False,14,4,8,8,0,0,3,2,1,0,3,2,0,1,200,EEE,BSB,NNN,0,0,1,113507164,11350.7164,True,https://www.cwl.gov.cn/c/2025/08/23/625962.shtml,https://www.cwl.gov.cn/c/2025/08/23/625965.shtml,2025224,990,18,9,组三,1,1,-5041402,0,1,30,"[0, 9, 5]","[1, 7, 6]",13.5,4.9,1,6,23,2026-04-12T18:30:37Z,1,14,0,4,0,8,0,10,0,9,0,11,1,7,0,6,1,9,0,12
2025226,2025-08-24,2025,8,24,日,7,236,3D,180,"1,8,0",1,8,0,"[1, 8, 0]","[0, 1, 8]",018,3,组六,False,False,9,9,8,8,0,1,2,1,2,0,3,1,1,1,120,OEE,SBS,NNN,0,0,1,115290348,11529.0348,False,https://www.cwl.gov.cn/c/2025/08/24/625968.shtml,,2025225,806,14,8,组六,1,1,1783184,0,2,30,"[0, 5, 9]","[1, 7, 2]",13.4,4.8667,1,6,23,2026-04-12T18:30:37Z,1,14,1,4,0,8,0,10,0,9,0,11,0,8,0,6,1,9,0,11
2025227,2025-08-25,2025,8,25,一,1,237,3D,611,"6,1,1",6,1,1,"[6, 1, 1]","[1, 1, 6]",116,2,组三,True,False,8,8,5,6,1,2,1,1,2,0,3,1,2,0,011,EOO,BSS,NNN,0,1,0,113922722,11392.2722,False,https://www.cwl.gov.cn/c/2025/08/25/626075.shtml,,2025226,180,9,8,组六,1,1,-1367626,0,1,30,"[0, 5, 9]","[1, 7, 2]",13.2333,5.0,1,6,23,2026-04-12T18:30:37Z,0,15,2,5,0,8,0,9,0,8,0,11,1,8,0,5,0,10,0,11
2025228,2025-08-26,2025,8,26,二,2,238,3D,465,"4,6,5",4,6,5,"[4, 6, 5]","[4, 5, 6]",456,3,组六,False,False,15,5,2,6,4,1,2,2,1,1,2,1,1,1,102,EEO,SBB,NNP,1,0,0,112068178,11206.8178,False,https://www.cwl.gov.cn/c/2025/08/26/626182.shtml,,2025227,611,8,5,组三,1,1,-1854544,0,1,30,"[0, 9, 5]","[7, 1, 2]",13.1,4.9333,1,7,22,2026-04-12T18:30:37Z,0,14,0,7,0,8,0,9,1,8,1,10,1,9,0,4,0,10,0,11
2025229,2025-08-27,2025,8,27,三,3,239,3D,108,"1,0,8",1,0,8,"[1, 0, 8]","[0, 1, 8]",018,3,组六,False,False,9,9,8,8,0,1,2,1,2,0,3,1,1,1,102,OEE,SSB,NNN,1,0,1,113090572,11309.0572,False,https://www.cwl.gov.cn/c/2025/08/27/626289.shtml,,2025228,465,15,2,组六,1,1,1022394,0,0,30,"[0, 5, 6]","[7, 1, 2]",12.7667,4.9667,1,6,23,2026-04-12T18:30:37Z,1,14,1,7,0,8,0,9,0,9,0,11,0,10,0,4,1,8,0,10
2025230,2025-08-28,2025,8,28,四,4,240,3D,439,"4,3,9",4,3,9,"[4, 3, 9]","[3, 4, 9]",349,3,组六,False,False,16,6,6,9,3,2,1,1,2,1,2,2,1,0,100,EOO,SSB,NPN,1,0,1,113376294,11337.6294,False,https://www.cwl.gov.cn/c/2025/08/28/626396.shtml,,2025229,108,9,8,组六,1,1,285722,0,0,30,"[0, 5, 6]","[7, 1, 2]",12.5333,5.0333,1,6,23,2026-04-12T18:30:37Z,0,15,0,8,0,8,1,8,1,8,0,11,0,10,0,4,0,9,1,9
2025231,2025-08-29,2025,8,29,五,5,241,3D,732,"7,3,2",7,3,2,"[7, 3, 2]","[2, 3, 7]",237,3,组六,False,False,12,2,5,7,2,2,1,1,2,3,0,1,1,1,102,OOE,BSS,PPP,1,0,1,116655258,11665.5258,False,https://www.cwl.gov.cn/c/2025/08/29/626603.shtml,,2025230,439,16,6,组六,1,1,3278964,1,1,30,"[0, 5, 6]","[7, 1, 2]",12.8667,5.0667,1,6,23,2026-04-12T18:30:37Z,0,14,0,7,1,8,1,9,0,9,0,10,0,10,1,4,0,9,0,10
2025232,2025-08-30,2025,8,30,六,6,242,3D,044,"0,4,4",0,4,4,"[0, 4, 4]","[0, 4, 4]",044,2,组三,True,False,8,8,4,4,0,0,3,0,3,0,3,1,2,0,011,EEE,SSS,NNN,0,1,0,114083576,11408.3576,True,https://www.cwl.gov.cn/c/2025/08/30/626609.shtml,https://www.cwl.gov.cn/c/2025/08/30/626610.shtml,2025231,732,12,5,组六,1,1,-2571682,0,0,30,"[0, 3, 5]","[7, 1, 4]",12.6667,5.1,1,6,23,2026-04-12T18:30:37Z,1,14,0,7,0,9,0,10,2,8,0,10,0,9,0,5,0,8,0,10
2025233,2025-08-31,2025,8,31,日,7,243,3D,259,"2,5,9",2,5,9,"[2, 5, 9]","[2, 5, 9]",259,3,组六,False,False,16,6,7,9,2,2,1,2,1,2,1,1,0,2,220,EOO,SBB,PPN,0,0,1,111550102,11155.0102,False,https://www.cwl.gov.cn/c/2025/08/31/626615.shtml,,2025232,044,8,4,组三,1,1,-2533474,0,0,30,"[0, 4, 2]","[7, 1, 8]",12.3667,5.0333,1,7,22,2026-04-12T18:30:37Z,0,15,0,7,1,9,0,9,0,10,1,9,0,9,0,5,0,8,1,9
2025234,2025-09-01,2025,9,1,一,1,244,3D,620,"6,2,0",6,2,0,"[6, 2, 0]","[0, 2, 6]",026,3,组六,False,False,8,8,6,6,0,0,3,1,2,1,2,2,0,1,020,EEE,BSS,NPN,0,0,1,117033978,11703.3978,False,https://www.cwl.gov.cn/c/2025/09/01/626722.shtml,,2025233,259,16,7,组六,1,1,5483876,0,1,30,"[0, 2, 4]","[7, 1, 3]",12.7667,5.1667,1,7,22,2026-04-12T18:30:37Z,1,14,0,6,1,10,0,8,0,10,0,10,1,9,0,5,0,8,0,10
2025235,2025-09-02,2025,9,2,二,2,245,3D,969,"9,6,9",9,6,9,"[9, 6, 9]","[6, 9, 9]",699,2,组三,True,False,24,4,3,9,6,2,1,3,0,0,3,3,0,0,000,OEO,BBB,NNN,0,0,0,119105132,11910.5132,False,https://www.cwl.gov.cn/c/2025/09/02/626829.shtml,,2025234,620,8,6,组六,1,1,2071154,0,1,30,"[0, 2, 4]","[7, 1, 3]",12.8,5.1333,1,6,23,2026-04-12T18:30:37Z,0,13,0,6,0,11,0,8,0,10,0,10,1,10,0,4,0,8,2,10
2025236,2025-09-03,2025,9,3,三,3,246,3D,355,"3,5,5",3,5,5,"[3, 5, 5]","[3, 5, 5]",355,2,组三,True,False,13,3,2,5,3,3,0,2,1,3,0,1,0,2,022,OOO,SBB,PPP,0,1,0,114781734,11478.1734,False,https://www.cwl.gov.cn/c/2025/09/03/626936.shtml,,2025235,969,24,3,组三,1,1,-4323398,0,0,30,"[0, 6, 9]","[7, 1, 3]",13.2333,4.9333,1,7,22,2026-04-12T18:30:37Z,0,12,0,6,0,10,1,8,0,10,2,10,0,11,0,4,0,8,0,11
2025237,2025-09-04,2025,9,4,四,4,247,3D,590,"5,9,0",5,9,0,"[5, 9, 0]","[0, 5, 9]",059,3,组六,False,False,14,4,9,9,0,2,1,2,1,1,2,2,0,1,200,OOE,BBS,PNN,0,0,1,113685986,11368.5986,False,https://www.cwl.gov.cn/c/2025/09/04/627143.shtml,,2025236,355,13,2,组三,1,1,-1095748,0,1,30,"[0, 5, 6]","[7, 1, 4]",13.2667,5.0,0,8,22,2026-04-12T18:30:37Z,1,12,0,6,0,10,0,9,0,7,1,12,0,11,0,4,0,8,1,11
2025238,2025-09-05,2025,9,5,五,5,248,3D,860,"8,6,0",8,6,0,"[8, 6, 0]","[0, 6, 8]",068,3,组六,False,False,14,4,8,8,0,0,3,2,1,0,3,2,0,1,200,EEE,BBS,NNN,0,0,1,115181646,11518.1646,False,https://www.cwl.gov.cn/c/2025/09/05/627250.shtml,,2025237,590,14,9,组六,1,1,1495660,1,1,30,"[0, 9, 5]","[7, 1, 4]",13.3333,5.2,0,7,23,2026-04-12T18:30:37Z,1,13,0,6,0,9,0,9,0,7,0,11,1,11,0,4,1,8,0,12
2025239,2025-09-06,2025,9,6,六,6,249,3D,125,"1,2,5",1,2,5,"[1, 2, 5]","[1, 2, 5]",125,3,组六,False,False,8,8,4,5,1,2,1,1,2,2,1,0,1,2,122,OEO,SSB,NPP,1,0,1,114463982,11446.3982,True,https://www.cwl.gov.cn/c/2025/09/06/627257.shtml,https://www.cwl.gov.cn/c/2025/09/06/627258.shtml,2025238,860,14,8,组六,1,1,-717664,0,0,30,"[0, 6, 9]","[7, 1, 4]",13.5,5.4,0,7,23,2026-04-12T18:30:37Z,0,14,1,6,1,8,0,8,0,6,1,11,0,12,0,4,0,9,0,12
2025240,2025-09-07,2025,9,7,日,7,250,3D,419,"4,1,9",4,1,9,"[4, 1, 9]","[1, 4, 9]",149,3,组六,False,False,14,4,8,9,1,2,1,1,2,0,3,1,2,0,110,EOO,SSB,NNN,0,0,1,113345572,11334.5572,False,https://www.cwl.gov.cn/c/2025/09/07/627262.shtml,,2025239,125,8,4,组六,1,1,-1118410,0,1,30,"[0, 5, 6]","[7, 4, 1]",13.1667,5.3667,0,7,23,2026-04-12T18:30:37Z,0,14,1,7,0,9,0,7,1,6,0,12,0,12,0,3,0,8,1,12
2025241,2025-09-08,2025,9,8,一,1,251,3D,160,"1,6,0",1,6,0,"[1, 6, 0]","[0, 1, 6]",016,3,组六,False,False,7,7,6,6,0,1,2,1,2,0,3,2,1,0,100,OEE,SBS,NNN,0,0,1,119005314,11900.5314,False,https://www.cwl.gov.cn/c/2025/09/08/627469.shtml,,2025240,419,14,8,组六,1,1,5659742,0,1,30,"[0, 9, 6]","[7, 3, 4]",13.4,5.4667,0,7,23,2026-04-12T18:30:37Z,1,13,1,8,0,8,0,7,0,7,0,11,1,12,0,3,0,8,0,13
2025242,2025-09-09,2025,9,9,二,2,252,3D,990,"9,9,0",9,9,0,"[9, 9, 0]","[0, 9, 9]",099,2,组三,True,False,18,8,9,9,0,2,1,2,1,0,3,3,0,0,000,OOE,BBS,NNN,0,1,0,117292428,11729.2428,False,https://www.cwl.gov.cn/c/2025/09/09/627576.shtml,,2025241,160,7,6,组六,1,1,-1712886,1,1,30,"[0, 6, 9]","[7, 3, 4]",12.8333,5.6,0,7,23,2026-04-12T18:30:37Z,1,14,0,9,0,8,0,7,0,7,0,11,0,13,0,2,0,7,2,12
2025243,2025-09-10,2025,9,10,三,3,253,3D,176,"1,7,6",1,7,6,"[1, 7, 6]","[1, 6, 7]",167,3,组六,False,False,14,4,6,7,1,2,1,2,1,1,2,1,2,0,110,OOE,SBB,NPN,1,0,1,116500912,11650.0912,False,https://www.cwl.gov.cn/c/2025/09/10/627783.shtml,,2025242,990,18,9,组三,1,1,-791516,0,0,30,"[0, 9, 6]","[7, 4, 3]",12.9333,5.8333,0,8,22,2026-04-12T18:30:37Z,0,15,1,9,0,8,0,7,0,6,0,10,1,12,1,2,0,7,0,14
2025244,2025-09-11,2025,9,11,四,4,254,3D,673,"6,7,3",6,7,3,"[6, 7, 3]","[3, 6, 7]",367,3,组六,False,False,16,6,4,7,3,2,1,2,1,2,1,2,1,0,010,EOO,BBS,NPP,1,0,1,117779292,11777.9292,False,https://www.cwl.gov.cn/c/2025/09/11/627990.shtml,,2025243,176,14,6,组六,1,1,1278380,1,2,30,"[0, 9, 6]","[7, 3, 4]",13.0,5.8,0,8,22,2026-04-12T18:30:37Z,0,15,0,9,0,8,1,6,0,6,0,10,1,13,1,3,0,6,0,14
2025245,2025-09-12,2025,9,12,五,5,255,3D,848,"8,4,8",8,4,8,"[8, 4, 8]","[4, 8, 8]",488,2,组三,True,False,20,0,4,8,4,0,3,2,1,0,3,0,1,2,212,EEE,BSB,NNN,0,0,0,117326756,11732.6756,False,https://www.cwl.gov.cn/c/2025/09/12/628097.shtml,,2025244,673,16,4,组六,1,1,-452536,0,0,30,"[0, 6, 9]","[7, 4, 8]",13.1667,5.6333,0,8,22,2026-04-12T18:30:37Z,0,14,0,9,0,7,0,7,1,6,0,10,0,14,0,4,2,6,0,13
2025246,2025-09-13,2025,9,13,六,6,256,3D,997,"9,9,7",9,9,7,"[9, 9, 7]","[7, 9, 9]",799,2,组三,True,False,25,5,2,9,7,3,0,3,0,1,2,2,1,0,001,OOO,BBB,NNP,0,1,0,110965086,11096.5086,True,https://www.cwl.gov.cn/c/2025/09/13/628105.shtml,https://www.cwl.gov.cn/c/2025/09/13/628103.shtml,2025245,848,20,4,组三,1,1,-6361670,0,0,30,"[0, 6, 9]","[7, 3, 2]",13.3,5.6,0,9,21,2026-04-12T18:30:37Z,0,14,0,9,0,7,0,6,0,7,0,9,0,14,1,4,0,7,2,13
2025247,2025-09-14,2025,9,14,日,7,257,3D,262,"2,6,2",2,6,2,"[2, 6, 2]","[2, 2, 6]",226,2,组三,True,False,10,0,4,6,2,0,3,1,2,2,1,1,0,2,202,EEE,SBS,PNP,0,0,0,108624694,10862.4694,False,https://www.cwl.gov.cn/c/2025/09/14/628109.shtml,,2025246,997,25,2,组三,1,1,-2340392,0,0,30,"[9, 0, 6]","[7, 2, 3]",13.7,5.5333,0,10,20,2026-04-12T18:30:37Z,0,14,0,9,2,6,0,6,0,7,0,8,1,13,0,5,0,7,0,15
2025248,2025-09-15,2025,9,15,一,1,258,3D,526,"5,2,6",5,2,6,"[5, 2, 6]","[2, 5, 6]",256,3,组六,False,False,13,3,4,6,2,1,2,2,1,2,1,1,0,2,220,OEE,BSB,PPN,0,0,1,111706524,11170.6524,False,https://www.cwl.gov.cn/c/2025/09/15/628216.shtml,,2025247,262,10,4,组三,1,1,3081830,0,2,30,"[0, 6, 9]","[7, 3, 4]",13.3333,5.5,0,11,19,2026-04-12T18:30:37Z,0,14,0,9,1,8,0,6,0,6,1,8,1,14,0,5,0,6,0,14
2025249,2025-09-16,2025,9,16,二,2,259,3D,952,"9,5,2",9,5,2,"[9, 5, 2]","[2, 5, 9]",259,3,组六,False,False,16,6,7,9,2,2,1,2,1,2,1,1,0,2,022,OOE,BBS,NPP,0,0,1,114194504,11419.4504,False,https://www.cwl.gov.cn/c/2025/09/16/628323.shtml,,2025248,526,13,4,组六,1,1,2487980,0,2,30,"[0, 6, 9]","[7, 3, 4]",13.3333,5.5,0,11,19,2026-04-12T18:30:37Z,0,14,0,9,1,8,0,6,0,6,1,8,0,14,0,5,0,6,1,14
2025250,2025-09-17,2025,9,17,三,3,260,3D,902,"9,0,2",9,0,2,"[9, 0, 2]","[0, 2, 9]",029,3,组六,False,False,11,1,9,9,0,1,2,1,2,1,2,2,0,1,002,OEE,BSS,NNP,0,0,1,115400958,11540.0958,False,https://www.cwl.gov.cn/c/2025/09/17/628530.shtml,,2025249,952,16,7,组六,1,1,1206454,2,2,30,"[6, 9, 0]","[7, 3, 4]",13.5667,5.4333,0,10,20,2026-04-12T18:30:37Z,1,12,0,9,1,9,0,6,0,6,0,9,0,14,0,5,0,6,1,14
2025251,2025-09-18,2025,9,18,四,4,261,3D,868,"8,6,8",8,6,8,"[8, 6, 8]","[6, 8, 8]",688,2,组三,True,False,22,2,2,8,6,0,3,3,0,0,3,1,0,2,202,EEE,BBB,NNN,0,0,0,112642714,11264.2714,False,https://www.cwl.gov.cn/c/2025/09/18/628637.shtml,,2025250,902,11,9,组六,1,1,-2758244,0,0,30,"[9, 0, 6]","[3, 7, 4]",13.4667,5.6333,0,10,20,2026-04-12T18:30:37Z,0,13,0,9,0,10,0,5,0,6,0,8,1,13,0,5,2,6,0,15
2025252,2025-09-19,2025,9,19,五,5,262,3D,792,"7,9,2",7,9,2,"[7, 9, 2]","[2, 7, 9]",279,3,组六,False,False,18,8,7,9,2,2,1,2,1,2,1,1,1,1,102,OOE,BBS,PNP,0,0,1,112464550,11246.455,False,https://www.cwl.gov.cn/c/2025/09/19/628744.shtml,,2025251,868,22,2,组三,1,1,-178164,0,0,30,"[9, 0, 6]","[3, 7, 4]",13.6333,5.4667,0,11,19,2026-04-12T18:30:37Z,0,13,0,9,1,9,0,5,0,6,0,8,0,13,1,5,0,8,1,14
2025253,2025-09-20,2025,9,20,六,6,263,3D,457,"4,5,7",4,5,7,"[4, 5, 7]","[4, 5, 7]",457,3,组六,False,False,16,6,3,7,4,2,1,2,1,2,1,0,2,1,121,EOO,SBB,NPP,1,0,1,110458518,11045.8518,True,https://www.cwl.gov.cn/c/2025/09/20/628750.shtml,https://www.cwl.gov.cn/c/2025/09/20/628751.shtml,2025252,792,18,7,组六,1,1,-2006032,0,1,30,"[9, 6, 0]","[3, 4, 7]",14.2,5.6667,0,10,20,2026-04-12T18:30:37Z,0,11,0,8,0,10,0,5,1,6,1,8,0,13,1,6,0,8,0,15
2025254,2025-09-21,2025,9,21,日,7,264,3D,072,"0,7,2",0,7,2,"[0, 7, 2]","[0, 2, 7]",027,3,组六,False,False,9,9,7,7,0,1,2,1,2,2,1,1,1,1,012,EOE,SBS,NPP,0,0,1,113972680,11397.268,False,https://www.cwl.gov.cn/c/2025/09/21/628756.shtml,,2025253,457,16,3,组六,1,1,3514162,0,1,30,"[9, 6, 0]","[3, 7, 4]",14.2,5.6333,0,10,20,2026-04-12T18:30:37Z,1,11,0,8,1,10,0,4,0,7,0,9,0,12,1,6,0,8,0,15
2025255,2025-09-22,2025,9,22,一,1,265,3D,264,"2,6,4",2,6,4,"[2, 6, 4]","[2, 4, 6]",246,3,组六,False,False,12,2,4,6,2,0,3,1,2,1,2,1,1,1,201,EEE,SBS,PNN,0,0,0,112796100,11279.61,False,https://www.cwl.gov.cn/c/2025/09/22/628863.shtml,,2025254,072,9,7,组六,1,1,-1176580,0,1,30,"[9, 6, 0]","[3, 4, 7]",13.9,5.5667,0,9,21,2026-04-12T18:30:37Z,0,11,0,8,1,11,0,4,1,7,0,9,1,12,0,7,0,8,0,13
2025256,2025-09-23,2025,9,23,二,2,266,3D,406,"4,0,6",4,0,6,"[4, 0, 6]","[0, 4, 6]",046,3,组六,False,False,10,0,6,6,0,0,3,1,2,0,3,2,1,0,100,EEE,SSB,NNN,0,0,1,113739532,11373.9532,False,https://www.cwl.gov.cn/c/2025/09/23/629070.shtml,,2025255,264,12,4,组六,1,1,943432,0,2,30,"[9, 2, 6]","[3, 7, 8]",13.8333,5.4333,0,9,21,2026-04-12T18:30:37Z,1,10,0,8,0,12,0,4,1,8,0,9,1,12,0,7,0,7,0,13
2025257,2025-09-24,2025,9,24,三,3,267,3D,860,"8,6,0",8,6,0,"[8, 6, 0]","[0, 6, 8]",068,3,组六,False,False,14,4,8,8,0,0,3,2,1,0,3,2,0,1,200,EEE,BBS,NNN,0,0,1,113801966,11380.1966,False,https://www.cwl.gov.cn/c/2025/09/24/629277.shtml,,2025256,406,10,6,组六,1,1,62434,0,2,30,"[6, 9, 2]","[3, 8, 1]",13.8667,5.3667,0,9,21,2026-04-12T18:30:37Z,1,10,0,7,0,12,0,4,0,9,0,9,1,13,0,7,1,6,0,13
2025258,2025-09-25,2025,9,25,四,4,268,3D,626,"6,2,6",6,2,6,"[6, 2, 6]","[2, 6, 6]",266,2,组三,True,False,14,4,4,6,2,0,3,2,1,1,2,2,0,1,020,EEE,BSB,NPN,0,0,0,117101198,11710.1198,False,https://www.cwl.gov.cn/c/2025/09/25/629384.shtml,,2025257,860,14,8,组六,1,1,3299232,0,1,30,"[6, 9, 2]","[3, 1, 7]",14.0667,5.4667,0,8,22,2026-04-12T18:30:37Z,0,11,0,5,1,12,0,4,0,9,0,9,2,13,0,7,0,7,0,13
2025259,2025-09-26,2025,9,26,五,5,269,3D,625,"6,2,5",6,2,5,"[6, 2, 5]","[2, 5, 6]",256,3,组六,False,False,13,3,4,6,2,1,2,2,1,2,1,1,0,2,022,EEO,BSB,NPP,0,0,1,116119178,11611.9178,False,https://www.cwl.gov.cn/c/2025/09/26/629591.shtml,,2025258,626,14,4,组三,1,1,-982020,2,2,30,"[6, 2, 9]","[3, 1, 7]",14.0333,5.5333,0,9,21,2026-04-12T18:30:37Z,0,11,0,5,1,13,0,4,0,8,1,8,1,14,0,7,0,7,0,13
2025260,2025-09-27,2025,9,27,六,6,270,3D,199,"1,9,9",1,9,9,"[1, 9, 9]","[1, 9, 9]",199,2,组三,True,False,19,9,8,9,1,3,0,2,1,0,3,2,1,0,100,OOO,SBB,NNN,0,1,0,111561748,11156.1748,True,https://www.cwl.gov.cn/c/2025/09/27/629597.shtml,https://www.cwl.gov.cn/c/2025/09/27/629598.shtml,2025259,625,13,4,组六,1,1,-4557430,0,0,30,"[6, 2, 9]","[1, 3, 8]",14.1667,5.4,0,9,21,2026-04-12T18:30:37Z,0,10,1,4,0,14,0,4,0,8,0,9,0,15,0,7,0,6,2,13
2025261,2025-09-28,2025,9,28,日,7,271,3D,751,"7,5,1",7,5,1,"[7, 5, 1]","[1, 5, 7]",157,3,组六,False,False,13,3,6,7,1,3,0,2,1,2,1,0,2,1,121,OOO,BBS,PPN,0,0,1,107744480,10774.448,False,https://www.cwl.gov.cn/c/2025/09/28/629803.shtml,,2025260,199,19,8,组三,1,1,-3817268,0,1,30,"[6, 2, 9]","[3, 1, 8]",14.2667,5.4667,0,10,20,2026-04-12T18:30:37Z,0,10,1,5,0,14,0,3,0,7,1,9,0,15,1,7,0,6,0,14
2025262,2025-09-29,2025,9,29,一,1,272,3D,914,"9,1,4",9,1,4,"[9, 1, 4]","[1, 4, 9]",149,3,组六,False,False,14,4,8,9,1,2,1,1,2,0,3,1,2,0,011,OOE,BSS,NNN,0,0,1,114006376,11400.6376,False,https://www.cwl.gov.cn/c/2025/09/29/630310.shtml,,2025261,751,13,6,组六,1,1,6261896,0,1,30,"[6, 9, 2]","[3, 1, 8]",14.3,5.5,0,10,20,2026-04-12T18:30:37Z,0,10,1,6,0,13,0,2,1,7,0,10,0,15,0,7,0,6,1,14
2025263,2025-09-30,2025,9,30,二,2,273,3D,399,"3,9,9",3,9,9,"[3, 9, 9]","[3, 9, 9]",399,2,组三,True,False,21,1,6,9,3,3,0,2,1,1,2,3,0,0,000,OOO,SBB,PNN,0,1,0,117434428,11743.4428,False,https://www.cwl.gov.cn/c/2025/09/30/630517.shtml,,2025262,914,14,8,组六,1,1,3428052,0,1,30,"[6, 9, 2]","[3, 4, 8]",14.5,5.6333,0,9,21,2026-04-12T18:30:37Z,0,9,0,7,0,13,1,2,0,6,0,10,0,15,0,7,0,6,2,15
2025264,2025-10-05,2025,10,5,日,7,278,3D,734,"7,3,4",7,3,4,"[7, 3, 4]","[3, 4, 7]",347,3,组六,False,False,14,4,4,7,3,2,1,1,2,2,1,1,2,0,101,OOE,BSS,PPN,1,0,1,94146184,9414.6184,False,https://www.cwl.gov.cn/c/2025/10/05/630524.shtml,,2025263,399,21,6,组三,1,5,-23288244,0,1,30,"[9, 6, 2]","[3, 4, 8]",14.6667,5.6,0,10,20,2026-04-12T18:30:37Z,0,9,0,7,0,12,1,3,1,6,0,9,0,15,1,7,0,6,0,16
2025265,2025-10-06,2025,10,6,一,1,279,3D,546,"5,4,6",5,4,6,"[5, 4, 6]","[4, 5, 6]",456,3,组六,False,False,15,5,2,6,4,1,2,2,1,1,2,1,1,1,210,OEE,BSB,PNN,1,0,0,96113578,9611.3578,False,https://www.cwl.gov.cn/c/2025/10/06/630531.shtml,,2025264,734,14,4,组六,1,1,1967394,0,1,30,"[9, 6, 2]","[3, 8, 1]",14.8667,5.5333,0,10,20,2026-04-12T18:30:37Z,0,8,0,7,0,11,0,4,1,7,1,9,1,14,0,8,0,6,0,16
2025266,2025-10-07,2025,10,7,二,2,280,3D,723,"7,2,3",7,2,3,"[7, 2, 3]","[2, 3, 7]",237,3,组六,False,False,12,2,5,7,2,2,1,1,2,3,0,1,1,1,120,OEO,BSS,PPP,1,0,1,101967800,10196.78,False,https://www.cwl.gov.cn/c/2025/10/07/630538.shtml,,2025265,546,15,2,组六,1,1,5854222,0,0,30,"[6, 9, 2]","[3, 8, 1]",14.5667,5.5,0,9,21,2026-04-12T18:30:37Z,0,8,0,7,1,11,1,4,0,8,0,10,0,14,1,8,0,6,0,14
2025267,2025-10-08,2025,10,8,三,3,281,3D,391,"3,9,1",3,9,1,"[3, 9, 1]","[1, 3, 9]",139,3,组六,False,False,13,3,8,9,1,3,0,1,2,1,2,2,1,0,001,OOO,SBS,PNN,0,0,1,106096558,10609.6558,False,https://www.cwl.gov.cn/c/2025/10/08/630545.shtml,,2025266,723,12,5,组六,1,1,4128758,0,1,30,"[6, 9, 2]","[3, 8, 1]",14.5333,5.6,0,8,22,2026-04-12T18:30:37Z,0,8,1,7,0,12,1,4,0,8,0,8,0,14,0,9,0,6,1,14
2025268,2025-10-09,2025,10,9,四,4,282,3D,674,"6,7,4",6,7,4,"[6, 7, 4]","[4, 6, 7]",467,3,组六,False,False,17,7,3,7,4,1,2,2,1,1,2,1,2,0,011,EOE,BBS,NPN,1,0,1,107188660,10718.866,False,https://www.cwl.gov.cn/c/2025/10/09/630752.shtml,,2025267,391,13,8,组六,1,1,1092102,0,0,30,"[6, 9, 2]","[3, 8, 0]",14.5,5.5667,0,8,22,2026-04-12T18:30:37Z,0,7,0,8,0,12,0,5,1,8,0,7,1,14,1,9,0,6,0,14
2025269,2025-10-10,2025,10,10,五,5,283,3D,055,"0,5,5",0,5,5,"[0, 5, 5]","[0, 5, 5]",055,2,组三,True,False,10,0,5,5,0,2,1,2,1,2,1,1,0,2,022,EOO,SBB,NPP,0,1,0,112742862,11274.2862,False,https://www.cwl.gov.cn/c/2025/10/10/631059.shtml,,2025268,674,17,3,组六,1,1,5554202,0,0,30,"[6, 9, 2]","[3, 8, 0]",14.6,5.4,0,8,22,2026-04-12T18:30:37Z,1,6,0,8,0,12,0,5,0,9,2,7,0,14,0,10,0,5,0,14
2025270,2025-10-11,2025,10,11,六,6,284,3D,408,"4,0,8",4,0,8,"[4, 0, 8]","[0, 4, 8]",048,3,组六,False,False,12,2,8,8,0,0,3,1,2,0,3,1,1,1,102,EEE,SSB,NNN,0,0,0,106723120,10672.312,True,https://www.cwl.gov.cn/c/2025/10/11/631165.shtml,https://www.cwl.gov.cn/c/2025/10/11/631168.shtml,2025269,055,10,5,组三,1,1,-6019742,0,1,30,"[6, 9, 2]","[3, 8, 0]",14.6667,5.4333,0,9,21,2026-04-12T18:30:37Z,1,7,0,7,0,11,0,5,1,9,0,8,0,14,0,10,1,5,0,14
2025271,2025-10-12,2025,10,12,日,7,285,3D,727,"7,2,7",7,2,7,"[7, 2, 7]","[2, 7, 7]",277,2,组三,True,False,16,6,5,7,2,2,1,2,1,3,0,0,2,1,121,OEO,BSB,PPP,0,0,0,107103776,10710.3776,False,https://www.cwl.gov.cn/c/2025/10/12/631171.shtml,,2025270,408,12,8,组六,1,1,380656,0,0,30,"[6, 9, 2]","[3, 1, 8]",14.6,5.4333,0,9,21,2026-04-12T18:30:37Z,0,8,0,6,1,11,0,5,0,9,0,8,0,14,2,10,0,6,0,13
2025272,2025-10-13,2025,10,13,一,1,286,3D,967,"9,6,7",9,6,7,"[9, 6, 7]","[6, 7, 9]",679,3,组六,False,False,22,2,3,9,6,2,1,3,0,1,2,2,1,0,001,OEO,BBB,NNP,1,0,1,107196526,10719.6526,False,https://www.cwl.gov.cn/c/2025/10/13/631378.shtml,,2025271,727,16,5,组三,1,1,92750,1,1,30,"[6, 9, 2]","[1, 3, 8]",14.9,5.4,0,10,20,2026-04-12T18:30:37Z,0,7,0,5,0,12,0,5,0,9,0,8,1,13,1,12,0,6,1,13
2025273,2025-10-14,2025,10,14,二,2,287,3D,045,"0,4,5",0,4,5,"[0, 4, 5]","[0, 4, 5]",045,3,组六,False,False,9,9,5,5,0,1,2,1,2,1,2,1,1,1,012,EEO,SSB,NNP,1,0,1,106801026,10680.1026,False,https://www.cwl.gov.cn/c/2025/10/14/631585.shtml,,2025272,967,22,3,组六,1,1,-395500,0,0,30,"[6, 7, 2]","[1, 3, 0]",15.0333,5.2,0,9,21,2026-04-12T18:30:37Z,1,6,0,5,0,12,0,5,1,9,1,8,0,14,0,13,0,6,0,12
2025274,2025-10-15,2025,10,15,三,3,288,3D,596,"5,9,6",5,9,6,"[5, 9, 6]","[5, 6, 9]",569,3,组六,False,False,20,0,4,9,5,2,1,3,0,1,2,2,0,1,200,OOE,BBB,PNN,0,0,1,108407212,10840.7212,False,https://www.cwl.gov.cn/c/2025/10/15/631792.shtml,,2025273,045,9,5,组六,1,1,1606186,0,1,30,"[6, 2, 7]","[1, 3, 8]",14.8667,5.1667,0,9,21,2026-04-12T18:30:37Z,0,7,0,4,0,12,0,5,0,10,1,9,1,13,0,12,0,6,1,12
2025275,2025-10-16,2025,10,16,四,4,289,3D,203,"2,0,3",2,0,3,"[2, 0, 3]","[0, 2, 3]",023,3,组六,False,False,5,5,3,3,0,1,2,0,3,2,1,2,0,1,200,EEO,SSS,PNP,0,0,1,109318072,10931.8072,False,https://www.cwl.gov.cn/c/2025/10/16/631899.shtml,,2025274,596,20,4,组六,1,1,910860,0,0,30,"[6, 9, 2]","[1, 3, 8]",15.0,5.1667,0,9,21,2026-04-12T18:30:37Z,1,7,0,4,1,12,1,4,0,10,0,10,0,13,0,11,0,6,0,13
2025276,2025-10-17,2025,10,17,五,5,290,3D,714,"7,1,4",7,1,4,"[7, 1, 4]","[1, 4, 7]",147,3,组六,False,False,12,2,6,7,1,2,1,1,2,1,2,0,3,0,111,OOE,BSS,PNN,0,0,0,109112516,10911.2516,False,https://www.cwl.gov.cn/c/2025/10/17/632106.shtml,,2025275,203,5,3,组六,1,1,-205556,0,0,30,"[2, 6, 9]","[1, 8, 3]",14.5,5.1333,0,8,22,2026-04-12T18:30:37Z,0,8,1,4,0,13,0,5,1,9,0,10,0,13,1,11,0,4,0,13
2025277,2025-10-18,2025,10,18,六,6,291,3D,061,"0,6,1",0,6,1,"[0, 6, 1]","[0, 1, 6]",016,3,组六,False,False,7,7,6,6,0,1,2,1,2,0,3,2,1,0,001,EEO,SBS,NNN,0,0,1,107995924,10799.5924,True,https://www.cwl.gov.cn/c/2025/10/18/632112.shtml,https://www.cwl.gov.cn/c/2025/10/18/632113.shtml,2025276,714,12,6,组六,1,1,-1116592,0,1,30,"[2, 6, 7]","[8, 1, 3]",14.0667,5.2667,0,7,23,2026-04-12T18:30:37Z,1,8,1,5,0,13,0,5,0,10,0,10,1,13,0,11,0,4,0,11
2025278,2025-10-19,2025,10,19,日,7,292,3D,629,"6,2,9",6,2,9,"[6, 2, 9]","[2, 6, 9]",269,3,组六,False,False,17,7,7,9,2,1,2,2,1,1,2,2,0,1,020,EEO,BSB,NPN,0,0,1,109594694,10959.4694,False,https://www.cwl.gov.cn/c/2025/10/19/632118.shtml,,2025277,061,7,6,组六,1,1,1598770,0,1,30,"[6, 2, 7]","[8, 3, 1]",13.9667,5.3333,0,6,24,2026-04-12T18:30:37Z,0,9,0,6,1,11,0,5,0,10,0,10,1,13,0,11,0,4,1,11
2025279,2025-10-20,2025,10,20,一,1,293,3D,752,"7,5,2",7,5,2,"[7, 5, 2]","[2, 5, 7]",257,3,组六,False,False,14,4,5,7,2,2,1,2,1,3,0,0,1,2,122,OOE,BBS,PPP,0,0,1,110211750,11021.175,False,https://www.cwl.gov.cn/c/2025/10/20/632225.shtml,,2025278,629,17,7,组六,1,1,617056,0,1,30,"[6, 9, 2]","[8, 3, 1]",14.1,5.4333,0,6,24,2026-04-12T18:30:37Z,0,9,0,6,1,11,0,5,0,10,1,9,0,13,1,11,0,4,0,12
2025280,2025-10-21,2025,10,21,二,2,294,3D,411,"4,1,1",4,1,1,"[4, 1, 1]","[1, 1, 4]",114,2,组三,True,False,6,6,3,4,1,2,1,0,3,0,3,0,3,0,111,EOO,SSS,NNN,0,1,0,113989386,11398.9386,False,https://www.cwl.gov.cn/c/2025/10/21/632332.shtml,,2025279,752,14,5,组六,1,1,3777636,0,0,30,"[6, 7, 2]","[8, 3, 1]",14.0333,5.3667,0,6,24,2026-04-12T18:30:37Z,0,9,2,6,0,11,0,5,1,10,0,9,0,13,0,12,0,4,0,11
2025281,2025-10-22,2025,10,22,三,3,295,3D,897,"8,9,7",8,9,7,"[8, 9, 7]","[7, 8, 9]",789,3,组六,False,False,24,4,2,9,7,2,1,3,0,1,2,1,1,1,201,EOO,BBB,NNP,1,0,0,109406782,10940.6782,False,https://www.cwl.gov.cn/c/2025/10/22/632439.shtml,,2025280,411,6,3,组三,1,1,-4582604,0,0,30,"[6, 7, 4]","[8, 3, 0]",13.8667,5.1667,0,7,23,2026-04-12T18:30:37Z,0,8,0,8,0,10,0,5,0,11,0,9,0,13,1,12,1,4,1,10
2025282,2025-10-23,2025,10,23,四,4,296,3D,416,"4,1,6",4,1,6,"[4, 1, 6]","[1, 4, 6]",146,3,组六,False,False,11,1,5,6,1,1,2,1,2,0,3,1,2,0,110,EOE,SSB,NNN,0,0,1,108399176,10839.9176,False,https://www.cwl.gov.cn/c/2025/10/23/632646.shtml,,2025281,897,24,2,组六,1,1,-1007606,0,0,30,"[7, 6, 4]","[8, 3, 0]",13.9333,5.1667,0,6,24,2026-04-12T18:30:37Z,0,8,1,8,0,10,0,5,1,11,0,9,1,12,0,13,0,3,0,11
2025283,2025-10-24,2025,10,24,五,5,297,3D,664,"6,6,4",6,6,4,"[6, 6, 4]","[4, 6, 6]",466,2,组三,True,False,16,6,2,6,4,0,3,2,1,0,3,2,1,0,001,EEE,BBS,NNN,0,1,0,113793824,11379.3824,False,https://www.cwl.gov.cn/c/2025/10/24/632853.shtml,,2025282,416,11,5,组六,1,1,5394648,0,2,30,"[6, 4, 7]","[8, 3, 0]",13.7,5.1,0,6,24,2026-04-12T18:30:37Z,0,8,0,9,0,9,0,5,1,12,0,9,2,13,0,12,0,3,0,10
2025284,2025-10-25,2025,10,25,六,6,298,3D,844,"8,4,4",8,4,4,"[8, 4, 4]","[4, 4, 8]",448,2,组三,True,False,16,6,4,8,4,0,3,1,2,0,3,0,2,1,211,EEE,BSS,NNN,0,1,0,104764508,10476.4508,True,https://www.cwl.gov.cn/c/2025/10/25/632959.shtml,https://www.cwl.gov.cn/c/2025/10/25/632960.shtml,2025283,664,16,2,组三,1,1,-9029316,1,1,30,"[6, 4, 7]","[8, 3, 0]",13.7,5.0667,0,7,23,2026-04-12T18:30:37Z,0,8,0,9,0,9,0,5,2,12,0,8,0,15,0,11,1,3,0,10
2025285,2025-10-26,2025,10,26,日,7,299,3D,172,"1,7,2",1,7,2,"[1, 7, 2]","[1, 2, 7]",127,3,组六,False,False,10,0,6,7,1,2,1,1,2,2,1,0,2,1,112,OOE,SBS,NPP,0,0,1,104270086,10427.0086,False,https://www.cwl.gov.cn/c/2025/10/26/632965.shtml,,2025284,844,16,4,组三,1,1,-494422,0,0,30,"[6, 4, 7]","[8, 3, 0]",13.9333,4.9667,0,8,22,2026-04-12T18:30:37Z,0,7,1,9,1,8,0,5,0,14,0,8,0,15,1,10,0,4,0,10
2025286,2025-10-27,2025,10,27,一,1,300,3D,827,"8,2,7",8,2,7,"[8, 2, 7]","[2, 7, 8]",278,3,组六,False,False,17,7,6,8,2,1,2,2,1,2,1,0,1,2,221,EEO,BSB,NPP,0,0,1,107737716,10773.7716,False,https://www.cwl.gov.cn/c/2025/10/27/633272.shtml,,2025285,172,10,6,组六,1,1,3467630,0,2,30,"[6, 4, 7]","[8, 3, 0]",13.8667,5.0333,0,8,22,2026-04-12T18:30:37Z,0,7,0,10,1,8,0,5,0,13,0,8,0,14,1,11,1,4,0,10
2025287,2025-10-28,2025,10,28,二,2,301,3D,805,"8,0,5",8,0,5,"[8, 0, 5]","[0, 5, 8]",058,3,组六,False,False,13,3,8,8,0,1,2,2,1,1,2,1,0,2,202,EEO,BSB,NNP,0,0,1,110919156,11091.9156,False,https://www.cwl.gov.cn/c/2025/10/28/633379.shtml,,2025286,827,17,6,组六,1,1,3181440,1,1,30,"[6, 4, 7]","[3, 8, 0]",14.1,5.0333,0,8,22,2026-04-12T18:30:37Z,1,6,0,10,0,9,0,5,0,12,1,8,0,13,0,12,1,5,0,10
2025288,2025-10-29,2025,10,29,三,3,302,3D,767,"7,6,7",7,6,7,"[7, 6, 7]","[6, 7, 7]",677,2,组三,True,False,20,0,1,7,6,2,1,3,0,2,1,1,2,0,101,OEO,BBB,PNP,2,0,0,112196866,11219.6866,False,https://www.cwl.gov.cn/c/2025/10/29/633586.shtml,,2025287,805,13,8,组六,1,1,1277710,0,0,30,"[4, 6, 7]","[3, 8, 0]",14.0667,5.0333,0,8,22,2026-04-12T18:30:37Z,0,6,0,10,0,9,0,5,0,12,0,9,1,12,2,12,0,5,0,10
2025289,2025-10-30,2025,10,30,四,4,303,3D,473,"4,7,3",4,7,3,"[4, 7, 3]","[3, 4, 7]",347,3,组六,False,False,14,4,4,7,3,2,1,1,2,2,1,1,2,0,110,EOO,SBS,NPP,0,0,1,108720076,10872.0076,False,https://www.cwl.gov.cn/c/2025/10/30/633693.shtml,,2025288,767,20,1,组三,1,1,-3476790,0,1,30,"[7, 4, 6]","[3, 8, 0]",14.2667,4.9333,0,8,22,2026-04-12T18:30:37Z,0,6,0,10,0,8,1,5,1,12,0,9,0,11,1,14,0,5,0,10
2025290,2025-10-31,2025,10,31,五,5,304,3D,332,"3,3,2",3,3,2,"[3, 3, 2]","[2, 3, 3]",233,2,组三,True,False,8,8,1,3,2,2,1,0,3,3,0,2,0,1,002,OOE,SSS,PPP,1,1,0,114065918,11406.5918,False,https://www.cwl.gov.cn/c/2025/10/31/633800.shtml,,2025289,473,14,4,组六,1,1,5345842,0,1,30,"[7, 4, 1]","[8, 0, 3]",14.3,4.9333,0,8,22,2026-04-12T18:30:37Z,0,6,0,10,1,7,2,6,0,13,0,8,0,10,0,15,0,5,0,10
2025291,2025-11-01,2025,11,1,六,6,305,3D,794,"7,9,4",7,9,4,"[7, 9, 4]","[4, 7, 9]",479,3,组六,False,False,20,0,5,9,4,2,1,2,1,1,2,1,2,0,101,OOE,BBS,PNN,0,0,1,104529880,10452.988,True,https://www.cwl.gov.cn/c/2025/11/01/633906.shtml,https://www.cwl.gov.cn/c/2025/11/01/633908.shtml,2025290,332,8,1,组三,1,1,-9536038,0,0,30,"[7, 4, 6]","[8, 0, 2]",13.9333,4.7,0,8,22,2026-04-12T18:30:37Z,0,6,0,9,0,8,0,8,1,13,0,8,0,10,1,15,0,5,1,8
2025292,2025-11-02,2025,11,2,日,7,306,3D,117,"1,1,7",1,1,7,"[1, 1, 7]","[1, 1, 7]",117,2,组三,True,False,9,9,6,7,1,3,0,1,2,1,2,0,3,0,111,OOO,SSB,NNP,0,1,0,107204116,10720.4116,False,https://www.cwl.gov.cn/c/2025/11/02/633912.shtml,,2025291,794,20,5,组六,1,1,2674236,0,1,30,"[7, 4, 6]","[8, 0, 5]",14.1667,4.6667,0,8,22,2026-04-12T18:30:37Z,0,6,2,8,0,8,0,8,0,14,0,7,0,10,1,15,0,5,0,9
2025293,2025-11-03,2025,11,3,一,1,307,3D,154,"1,5,4",1,5,4,"[1, 5, 4]","[1, 4, 5]",145,3,组六,False,False,10,0,4,5,1,2,1,1,2,1,2,0,2,1,121,OOE,SBS,NPN,1,0,1,106988620,10698.862,False,https://www.cwl.gov.cn/c/2025/11/03/634019.shtml,,2025292,117,9,6,组三,1,1,-215496,1,1,30,"[7, 4, 6]","[8, 0, 5]",14.0,4.6,0,9,21,2026-04-12T18:30:37Z,0,6,1,9,0,8,0,8,1,13,1,7,0,10,0,16,0,5,0,8
2025294,2025-11-04,2025,11,4,二,2,308,3D,513,"5,1,3",5,1,3,"[5, 1, 3]","[1, 3, 5]",135,3,组六,False,False,9,9,4,5,1,3,0,1,2,2,1,1,1,1,210,OOO,BSS,PNP,0,0,0,108380192,10838.0192,False,https://www.cwl.gov.cn/c/2025/11/04/634126.shtml,,2025293,154,10,4,组六,1,1,1391572,0,2,30,"[7, 4, 1]","[8, 0, 9]",13.6333,4.5333,0,8,22,2026-04-12T18:30:37Z,0,6,1,10,0,8,1,7,0,14,1,8,0,10,0,16,0,5,0,6
2025295,2025-11-05,2025,11,5,三,3,309,3D,273,"2,7,3",2,7,3,"[2, 7, 3]","[2, 3, 7]",237,3,组六,False,False,12,2,5,7,2,2,1,1,2,3,0,1,1,1,210,EOO,SBS,PPP,0,0,1,108557984,10855.7984,False,https://www.cwl.gov.cn/c/2025/11/05/634233.shtml,,2025294,513,9,4,组六,1,1,177792,1,1,30,"[7, 4, 1]","[8, 0, 9]",13.4667,4.5333,0,8,22,2026-04-12T18:30:37Z,0,6,0,11,1,8,1,7,0,13,0,9,0,10,1,15,0,5,0,6
2025296,2025-11-06,2025,11,6,四,4,310,3D,537,"5,3,7",5,3,7,"[5, 3, 7]","[3, 5, 7]",357,3,组六,False,False,15,5,4,7,3,3,0,2,1,3,0,1,1,1,201,OOO,BSB,PPP,0,0,0,110371162,11037.1162,False,https://www.cwl.gov.cn/c/2025/11/06/634440.shtml,,2025295,273,12,5,组六,1,1,1813178,0,2,30,"[7, 4, 1]","[8, 0, 9]",13.3667,4.6333,0,8,22,2026-04-12T18:30:37Z,0,6,0,11,0,9,1,8,0,12,1,8,0,9,1,16,0,5,0,6
2025297,2025-11-07,2025,11,7,五,5,311,3D,051,"0,5,1",0,5,1,"[0, 5, 1]","[0, 1, 5]",015,3,组六,False,False,6,6,5,5,0,2,1,1,2,1,2,1,1,1,021,EOO,SBS,NPN,0,0,1,114560606,11456.0606,False,https://www.cwl.gov.cn/c/2025/11/07/634547.shtml,,2025296,537,15,4,组六,1,1,4189444,0,1,30,"[7, 4, 1]","[8, 0, 9]",13.4667,4.6,0,8,22,2026-04-12T18:30:37Z,1,6,1,11,0,8,0,8,0,12,1,9,0,9,0,16,0,5,0,6
2025298,2025-11-08,2025,11,8,六,6,312,3D,544,"5,4,4",5,4,4,"[5, 4, 4]","[4, 4, 5]",445,2,组三,True,False,13,3,1,5,4,1,2,1,2,1,2,0,2,1,211,OEE,BSS,PNN,1,1,0,109897554,10989.7554,True,https://www.cwl.gov.cn/c/2025/11/08/634553.shtml,https://www.cwl.gov.cn/c/2025/11/08/634554.shtml,2025297,051,6,5,组六,1,1,-4663052,0,1,30,"[7, 4, 1]","[8, 9, 0]",13.2333,4.5,0,8,22,2026-04-12T18:30:37Z,0,7,0,11,0,8,0,7,2,12,1,10,0,9,0,16,0,5,0,5
2025299,2025-11-09,2025,11,9,日,7,313,3D,385,"3,8,5",3,8,5,"[3, 8, 5]","[3, 5, 8]",358,3,组六,False,False,16,6,5,8,3,2,1,2,1,2,1,1,0,2,022,OEO,SBB,PNP,0,0,1,106755310,10675.531,False,https://www.cwl.gov.cn/c/2025/11/09/634559.shtml,,2025298,544,13,1,组三,1,1,-3142244,0,1,30,"[7, 4, 1]","[8, 9, 0]",13.1,4.4333,0,9,21,2026-04-12T18:30:37Z,0,7,0,11,0,8,1,7,0,13,1,11,0,8,0,15,1,5,0,5
2025300,2025-11-10,2025,11,10,一,1,314,3D,867,"8,6,7",8,6,7,"[8, 6, 7]","[6, 7, 8]",678,3,组六,False,False,21,1,2,8,6,1,2,3,0,1,2,1,1,1,201,EEO,BBB,NNP,1,0,0,110116342,11011.6342,False,https://www.cwl.gov.cn/c/2025/11/10/634666.shtml,,2025299,385,16,5,组六,1,1,3361032,0,1,30,"[7, 4, 1]","[9, 0, 8]",13.3,4.4333,0,8,22,2026-04-12T18:30:37Z,0,6,0,11,0,8,0,8,0,13,0,10,1,8,1,15,1,6,0,5
2025301,2025-11-11,2025,11,11,二,2,315,3D,755,"7,5,5",7,5,5,"[7, 5, 5]","[5, 5, 7]",557,2,组三,True,False,17,7,2,7,5,3,0,3,0,3,0,0,1,2,122,OOO,BBB,PPP,0,1,0,110910820,11091.082,False,https://www.cwl.gov.cn/c/2025/11/11/634873.shtml,,2025300,867,21,2,组六,1,1,794478,0,1,30,"[7, 4, 1]","[0, 9, 8]",13.6,4.2333,0,8,22,2026-04-12T18:30:37Z,0,5,0,11,0,8,0,8,0,12,2,10,0,9,1,16,0,6,0,5
2025302,2025-11-12,2025,11,12,三,3,316,3D,715,"7,1,5",7,1,5,"[7, 1, 5]","[1, 5, 7]",157,3,组六,False,False,13,3,6,7,1,3,0,2,1,2,1,0,2,1,112,OOO,BSB,PNP,0,0,1,109327156,10932.7156,False,https://www.cwl.gov.cn/c/2025/11/12/635280.shtml,,2025301,755,17,2,组三,1,1,-1583664,2,2,30,"[7, 4, 5]","[0, 9, 8]",13.6333,4.1333,0,8,22,2026-04-12T18:30:37Z,0,5,1,11,0,7,0,8,0,12,1,12,0,9,1,15,0,6,0,5
2025303,2025-11-13,2025,11,13,四,4,317,3D,933,"9,3,3",9,3,3,"[9, 3, 3]","[3, 3, 9]",339,2,组三,True,False,15,5,6,9,3,3,0,1,2,2,1,3,0,0,000,OOO,BSS,NPP,0,1,0,109978398,10997.8398,False,https://www.cwl.gov.cn/c/2025/11/13/635387.shtml,,2025302,715,13,6,组六,1,1,651242,0,0,30,"[7, 5, 1]","[9, 0, 8]",13.3333,4.2333,0,8,22,2026-04-12T18:30:37Z,0,5,0,12,0,7,2,8,0,12,0,13,0,8,0,15,0,6,1,4
2025304,2025-11-14,2025,11,14,五,5,318,3D,471,"4,7,1",4,7,1,"[4, 7, 1]","[1, 4, 7]",147,3,组六,False,False,12,2,6,7,1,2,1,1,2,1,2,0,3,0,111,EOO,SBS,NPN,0,0,0,110928304,11092.8304,False,https://www.cwl.gov.cn/c/2025/11/14/635594.shtml,,2025303,933,15,6,组三,1,1,949906,0,0,30,"[7, 1, 5]","[0, 9, 8]",13.5333,4.2667,0,9,21,2026-04-12T18:30:37Z,0,4,1,12,0,7,0,10,1,11,0,12,0,8,1,15,0,6,0,5
2025305,2025-11-15,2025,11,15,六,6,319,3D,310,"3,1,0",3,1,0,"[3, 1, 0]","[0, 1, 3]",013,3,组六,False,False,4,4,3,3,0,2,1,0,3,1,2,2,1,0,010,OOE,SSS,PNN,1,0,1,109836530,10983.653,True,https://www.cwl.gov.cn/c/2025/11/15/635600.shtml,https://www.cwl.gov.cn/c/2025/11/15/635601.shtml,2025304,471,12,6,组六,1,1,-1091774,0,1,30,"[7, 1, 4]","[0, 9, 8]",13.2667,4.3333,0,9,21,2026-04-12T18:30:37Z,1,4,1,13,0,7,1,10,0,12,0,11,0,7,0,16,0,6,0,4
2025306,2025-11-16,2025,11,16,日,7,320,3D,697,"6,9,7",6,9,7,"[6, 9, 7]","[6, 7, 9]",679,3,组六,False,False,22,2,3,9,6,2,1,3,0,1,2,2,1,0,001,EOO,BBB,NNP,0,0,1,105880062,10588.0062,False,https://www.cwl.gov.cn/c/2025/11/16/635606.shtml,,2025305,310,4,3,组六,1,1,-3956468,0,0,30,"[7, 1, 4]","[0, 9, 2]",13.2333,4.3333,0,9,21,2026-04-12T18:30:37Z,0,4,0,14,0,6,0,10,0,12,0,11,1,7,1,16,0,6,1,4
2025307,2025-11-17,2025,11,17,一,1,321,3D,164,"1,6,4",1,6,4,"[1, 6, 4]","[1, 4, 6]",146,3,组六,False,False,11,1,5,6,1,1,2,1,2,0,3,1,2,0,101,OEE,SBS,NNN,0,0,1,104802174,10480.2174,False,https://www.cwl.gov.cn/c/2025/11/17/636013.shtml,,2025306,697,22,3,组六,1,1,-1077888,0,1,30,"[7, 1, 4]","[0, 9, 2]",13.5667,4.2333,0,9,21,2026-04-12T18:30:37Z,0,4,1,13,0,6,0,10,1,11,0,11,1,8,0,16,0,6,0,5
2025308,2025-11-18,2025,11,18,二,2,322,3D,448,"4,4,8",4,4,8,"[4, 4, 8]","[4, 4, 8]",448,2,组三,True,False,16,6,4,8,4,0,3,1,2,0,3,0,2,1,112,EEE,SSB,NNN,0,1,0,108190084,10819.0084,False,https://www.cwl.gov.cn/c/2025/11/18/636220.shtml,,2025307,164,11,5,组六,1,1,3387910,0,1,30,"[7, 1, 4]","[0, 9, 2]",13.7,4.2,0,9,21,2026-04-12T18:30:37Z,0,3,0,13,0,6,0,10,2,12,0,11,0,8,0,16,1,6,0,5
2025309,2025-11-19,2025,11,19,三,3,323,3D,190,"1,9,0",1,9,0,"[1, 9, 0]","[0, 1, 9]",019,3,组六,False,False,10,0,9,9,0,2,1,1,2,0,3,2,1,0,100,OOE,SBS,NNN,0,0,1,108396100,10839.61,False,https://www.cwl.gov.cn/c/2025/11/19/636527.shtml,,2025308,448,16,4,组三,1,1,206016,0,0,30,"[7, 4, 1]","[0, 9, 2]",13.6667,4.1,0,10,20,2026-04-12T18:30:37Z,1,3,1,13,0,5,0,10,0,14,0,11,0,7,0,16,0,7,1,4
2025310,2025-11-20,2025,11,20,四,4,324,3D,169,"1,6,9",1,6,9,"[1, 6, 9]","[1, 6, 9]",169,3,组六,False,False,16,6,8,9,1,2,1,2,1,0,3,2,1,0,100,OEO,SBB,NNN,0,0,1,109527282,10952.7282,False,https://www.cwl.gov.cn/c/2025/11/20/636734.shtml,,2025309,190,10,9,组六,1,1,1131182,1,2,30,"[7, 1, 4]","[0, 2, 9]",13.5333,4.2333,0,10,20,2026-04-12T18:30:37Z,0,4,1,14,0,4,0,10,0,14,0,10,1,7,0,15,0,7,1,5
2025311,2025-11-21,2025,11,21,五,5,325,3D,640,"6,4,0",6,4,0,"[6, 4, 0]","[0, 4, 6]",046,3,组六,False,False,10,0,6,6,0,0,3,1,2,0,3,2,1,0,010,EEE,BSS,NNN,0,0,1,111731272,11173.1272,False,https://www.cwl.gov.cn/c/2025/11/21/636941.shtml,,2025310,169,16,8,组六,1,1,2203990,0,1,30,"[7, 1, 4]","[0, 2, 9]",13.8667,4.4,0,9,21,2026-04-12T18:30:37Z,1,4,0,13,0,4,0,10,1,13,0,10,1,8,0,15,0,7,0,6
2025312,2025-11-22,2025,11,22,六,6,326,3D,689,"6,8,9",6,8,9,"[6, 8, 9]","[6, 8, 9]",689,3,组六,False,False,23,3,3,9,6,1,2,3,0,0,3,2,0,1,020,EEO,BBB,NNN,1,0,1,108561666,10856.1666,True,https://www.cwl.gov.cn/c/2025/11/22/636947.shtml,https://www.cwl.gov.cn/c/2025/11/22/636948.shtml,2025311,640,10,6,组六,1,1,-3169606,1,1,30,"[4, 7, 1]","[2, 0, 9]",13.4,4.5333,0,9,21,2026-04-12T18:30:37Z,0,5,0,13,0,4,0,10,0,14,0,10,1,9,0,14,1,6,1,5
2025313,2025-11-23,2025,11,23,日,7,327,3D,664,"6,6,4",6,6,4,"[6, 6, 4]","[4, 6, 6]",466,2,组三,True,False,16,6,2,6,4,0,3,2,1,0,3,2,1,0,001,EEE,BBS,NNN,0,1,0,106027928,10602.7928,False,https://www.cwl.gov.cn/c/2025/11/23/636953.shtml,,2025312,689,23,3,组六,1,1,-2533738,1,1,30,"[7, 4, 1]","[2, 0, 9]",13.8,4.4667,0,9,21,2026-04-12T18:30:37Z,0,5,0,12,0,4,0,10,1,13,0,10,2,9,0,14,0,7,0,6
2025314,2025-11-24,2025,11,24,一,1,328,3D,917,"9,1,7",9,1,7,"[9, 1, 7]","[1, 7, 9]",179,3,组六,False,False,17,7,8,9,1,3,0,2,1,1,2,1,2,0,011,OOO,BSB,NNP,0,0,1,105377676,10537.7676,False,https://www.cwl.gov.cn/c/2025/11/24/637160.shtml,,2025313,664,16,2,组三,1,1,-650252,0,0,30,"[7, 4, 1]","[2, 0, 9]",13.8,4.4667,0,9,21,2026-04-12T18:30:37Z,0,5,1,12,0,4,0,10,0,13,0,10,0,9,1,14,0,7,1,6
2025315,2025-11-25,2025,11,25,二,2,329,3D,729,"7,2,9",7,2,9,"[7, 2, 9]","[2, 7, 9]",279,3,组六,False,False,18,8,7,9,2,2,1,2,1,2,1,1,1,1,120,OEO,BSB,PPN,0,0,1,108949450,10894.945,False,https://www.cwl.gov.cn/c/2025/11/25/637267.shtml,,2025314,917,17,8,组六,1,1,3571774,0,2,30,"[7, 1, 4]","[2, 0, 8]",13.8333,4.6,0,8,22,2026-04-12T18:30:37Z,0,5,0,13,1,4,0,10,0,11,0,10,0,9,1,15,0,6,1,7
2025316,2025-11-26,2025,11,26,三,3,330,3D,775,"7,7,5",7,7,5,"[7, 7, 5]","[5, 7, 7]",577,2,组三,True,False,19,9,2,7,5,3,0,3,0,3,0,0,2,1,112,OOO,BBB,PPP,0,1,0,107080164,10708.0164,False,https://www.cwl.gov.cn/c/2025/11/26/637474.shtml,,2025315,729,18,7,组六,1,1,-1869286,1,1,30,"[7, 1, 4]","[2, 0, 8]",14.1,4.6333,0,8,22,2026-04-12T18:30:37Z,0,5,0,12,0,4,0,10,0,11,1,10,0,9,2,15,0,6,0,8
2025317,2025-11-27,2025,11,27,四,4,331,3D,301,"3,0,1",3,0,1,"[3, 0, 1]","[0, 1, 3]",013,3,组六,False,False,4,4,3,3,0,2,1,0,3,1,2,2,1,0,001,OEO,SSS,PNN,1,0,1,106663624,10666.3624,False,https://www.cwl.gov.cn/c/2025/11/27/637581.shtml,,2025316,775,19,2,组三,1,1,-416540,0,0,30,"[7, 1, 4]","[2, 0, 8]",14.1667,4.5,0,9,21,2026-04-12T18:30:37Z,1,5,1,12,0,3,1,10,0,11,0,11,0,9,0,16,0,5,0,8
2025318,2025-11-28,2025,11,28,五,5,332,3D,430,"4,3,0",4,3,0,"[4, 3, 0]","[0, 3, 4]",034,3,组六,False,False,7,7,4,4,0,1,2,0,3,1,2,2,1,0,100,EOE,SSS,NPN,1,0,1,108266126,10826.6126,False,https://www.cwl.gov.cn/c/2025/11/28/637688.shtml,,2025317,301,4,3,组六,1,1,1602502,0,2,30,"[7, 1, 3]","[2, 8, 0]",13.8667,4.3333,0,9,21,2026-04-12T18:30:37Z,1,5,0,13,0,3,1,11,1,11,0,10,0,9,0,16,0,4,0,8
2025319,2025-11-29,2025,11,29,六,6,333,3D,294,"2,9,4",2,9,4,"[2, 9, 4]","[2, 4, 9]",249,3,组六,False,False,15,5,7,9,2,1,2,1,2,1,2,1,1,1,201,EOE,SBS,PNN,0,0,1,105586958,10558.6958,True,https://www.cwl.gov.cn/c/2025/11/29/637694.shtml,https://www.cwl.gov.cn/c/2025/11/29/637695.shtml,2025318,430,7,4,组六,1,1,-2679168,0,1,30,"[7, 1, 3]","[2, 8, 0]",13.4333,4.4333,0,8,22,2026-04-12T18:30:37Z,0,6,0,13,1,3,0,12,1,12,0,10,0,8,0,14,0,4,1,8
2025320,2025-11-30,2025,11,30,日,7,334,3D,121,"1,2,1",1,2,1,"[1, 2, 1]","[1, 1, 2]",112,2,组三,True,False,4,4,1,2,1,2,1,0,3,1,2,0,2,1,121,OEO,SSS,NPN,2,0,0,106723810,10672.381,False,https://www.cwl.gov.cn/c/2025/11/30/637700.shtml,,2025319,294,15,7,组六,1,1,1136852,0,1,30,"[1, 7, 4]","[2, 8, 0]",13.4667,4.5333,0,8,22,2026-04-12T18:30:37Z,0,6,2,13,1,4,0,11,0,12,0,10,0,8,0,13,0,4,0,9
2025321,2025-12-01,2025,12,1,一,1,335,3D,847,"8,4,7",8,4,7,"[8, 4, 7]","[4, 7, 8]",478,3,组六,False,False,19,9,4,8,4,1,2,2,1,1,2,0,2,1,211,EEO,BSB,NNP,0,0,1,104606674,10460.6674,False,https://www.cwl.gov.cn/c/2025/12/01/637807.shtml,,2025320,121,4,1,组三,1,1,-2117136,0,0,30,"[1, 7, 4]","[2, 8, 0]",13.3333,4.5333,0,8,22,2026-04-12T18:30:37Z,0,6,0,15,0,4,0,9,1,12,0,10,0,8,1,13,1,4,0,9
2025322,2025-12-02,2025,12,2,二,2,336,3D,226,"2,2,6",2,2,6,"[2, 2, 6]","[2, 2, 6]",226,2,组三,True,False,10,0,4,6,2,0,3,1,2,2,1,1,0,2,220,EEE,SSB,PPN,0,1,0,109547622,10954.7622,False,https://www.cwl.gov.cn/c/2025/12/02/637914.shtml,,2025321,847,19,4,组六,1,1,4940948,0,0,30,"[1, 7, 4]","[2, 8, 0]",13.3,4.5,0,8,22,2026-04-12T18:30:37Z,0,6,0,15,2,4,0,9,0,12,0,10,1,8,0,13,0,5,0,8
2025323,2025-12-03,2025,12,3,三,3,337,3D,551,"5,5,1",5,5,1,"[5, 5, 1]","[1, 5, 5]",155,2,组三,True,False,11,1,4,5,1,3,0,2,1,2,1,0,1,2,221,OOO,BBS,PPN,0,1,0,106504212,10650.4212,False,https://www.cwl.gov.cn/c/2025/12/03/638121.shtml,,2025322,226,10,4,组三,1,1,-3043410,0,0,30,"[1, 4, 7]","[8, 0, 2]",13.3333,4.4333,0,8,22,2026-04-12T18:30:37Z,0,6,1,13,0,6,0,9,0,12,2,10,0,9,0,12,0,5,0,8
2025324,2025-12-04,2025,12,4,四,4,338,3D,661,"6,6,1",6,6,1,"[6, 6, 1]","[1, 6, 6]",166,2,组三,True,False,13,3,5,6,1,1,2,2,1,0,3,2,1,0,001,EEO,BBS,NNN,0,1,0,106347020,10634.702,False,https://www.cwl.gov.cn/c/2025/12/04/638228.shtml,,2025323,551,11,4,组三,1,1,-157192,1,1,30,"[1, 7, 4]","[8, 0, 2]",13.3667,4.4333,0,9,21,2026-04-12T18:30:37Z,0,6,1,13,0,6,0,9,0,11,0,11,2,9,0,12,0,5,0,8
2025325,2025-12-05,2025,12,5,五,5,339,3D,165,"1,6,5",1,6,5,"[1, 6, 5]","[1, 5, 6]",156,3,组六,False,False,12,2,5,6,1,2,1,2,1,1,2,1,1,1,102,OEO,SBB,NNP,1,0,1,106648552,10664.8552,False,https://www.cwl.gov.cn/c/2025/12/05/638335.shtml,,2025324,661,13,5,组三,1,1,301532,1,2,30,"[1, 7, 4]","[8, 0, 2]",13.5,4.4667,0,10,20,2026-04-12T18:30:37Z,0,6,1,13,0,6,0,8,0,11,1,10,1,11,0,12,0,5,0,8
2025326,2025-12-06,2025,12,6,六,6,340,3D,185,"1,8,5",1,8,5,"[1, 8, 5]","[1, 5, 8]",158,3,组六,False,False,14,4,7,8,1,2,1,2,1,1,2,0,1,2,122,OEO,SBB,NNP,0,0,1,104302856,10430.2856,True,https://www.cwl.gov.cn/c/2025/12/06/638341.shtml,https://www.cwl.gov.cn/c/2025/12/06/638342.shtml,2025325,165,12,5,组六,1,1,-2345696,2,2,30,"[1, 6, 4]","[2, 8, 0]",13.5,4.4667,0,10,20,2026-04-12T18:30:37Z,0,6,1,14,0,5,0,7,0,11,1,11,0,12,0,11,1,5,0,8
2025327,2025-12-07,2025,12,7,日,7,341,3D,789,"7,8,9",7,8,9,"[7, 8, 9]","[7, 8, 9]",789,3,组六,False,False,24,4,2,9,7,2,1,3,0,1,2,1,1,1,120,OEO,BBB,PNN,2,0,0,105317892,10531.7892,False,https://www.cwl.gov.cn/c/2025/12/07/638347.shtml,,2025326,185,14,7,组六,1,1,1015036,1,1,30,"[1, 6, 4]","[2, 0, 3]",13.4667,4.5667,0,10,20,2026-04-12T18:30:37Z,0,6,0,15,0,5,0,6,0,11,0,11,0,12,1,10,1,6,1,8
2025328,2025-12-08,2025,12,8,一,1,342,3D,040,"0,4,0",0,4,0,"[0, 4, 0]","[0, 0, 4]",004,2,组三,True,False,4,4,4,4,0,0,3,0,3,0,3,2,1,0,010,EEE,SSS,NNN,0,0,0,107092066,10709.2066,False,https://www.cwl.gov.cn/c/2025/12/08/638454.shtml,,2025327,789,24,2,组六,1,1,1774174,0,0,30,"[1, 6, 4]","[0, 2, 3]",14.0667,4.4667,0,10,20,2026-04-12T18:30:37Z,2,5,0,14,0,5,0,6,1,11,0,10,0,12,0,11,0,7,0,9
2025329,2025-12-09,2025,12,9,二,2,343,3D,564,"5,6,4",5,6,4,"[5, 6, 4]","[4, 5, 6]",456,3,组六,False,False,15,5,2,6,4,1,2,2,1,1,2,1,1,1,201,OEE,BBS,PNN,1,0,0,103467084,10346.7084,False,https://www.cwl.gov.cn/c/2025/12/09/638561.shtml,,2025328,040,4,4,组三,1,1,-3624982,0,1,30,"[1, 6, 7]","[2, 3, 0]",13.7667,4.5667,0,10,20,2026-04-12T18:30:37Z,0,7,0,14,0,5,0,6,1,10,1,9,1,12,0,11,0,7,0,9
2025330,2025-12-10,2025,12,10,三,3,344,3D,062,"0,6,2",0,6,2,"[0, 6, 2]","[0, 2, 6]",026,3,组六,False,False,8,8,6,6,0,0,3,1,2,1,2,2,0,1,002,EEE,SBS,NNP,0,0,1,107764466,10776.4466,False,https://www.cwl.gov.cn/c/2025/12/10/638668.shtml,,2025329,564,15,2,组六,1,1,4297382,1,1,30,"[1, 6, 4]","[2, 3, 8]",13.7333,4.4667,0,10,20,2026-04-12T18:30:37Z,1,7,0,14,1,5,0,5,0,11,0,9,1,13,0,11,0,6,0,9
2025331,2025-12-11,2025,12,11,四,4,345,3D,050,"0,5,0",0,5,0,"[0, 5, 0]","[0, 0, 5]",005,2,组三,True,False,5,5,5,5,0,1,2,1,2,1,2,2,0,1,020,EOE,SBS,NPN,0,0,0,105275398,10527.5398,False,https://www.cwl.gov.cn/c/2025/12/11/638775.shtml,,2025330,062,8,6,组六,1,1,-2489068,1,1,30,"[1, 6, 4]","[3, 8, 2]",13.3,4.6,0,10,20,2026-04-12T18:30:37Z,2,8,0,14,0,6,0,5,0,11,1,9,0,13,0,10,0,5,0,9
2025332,2025-12-12,2025,12,12,五,5,346,3D,885,"8,8,5",8,8,5,"[8, 8, 5]","[5, 8, 8]",588,2,组三,True,False,21,1,3,8,5,1,2,3,0,1,2,0,0,3,222,EEO,BBB,NNP,0,1,0,101673278,10167.3278,False,https://www.cwl.gov.cn/c/2025/12/12/638882.shtml,,2025331,050,5,5,组三,1,1,-3602120,0,1,30,"[1, 6, 4]","[3, 8, 2]",12.9,4.7,0,10,20,2026-04-12T18:30:37Z,0,10,0,14,0,6,0,5,0,11,1,8,0,13,0,9,2,5,0,9
2025333,2025-12-13,2025,12,13,六,6,347,3D,273,"2,7,3",2,7,3,"[2, 7, 3]","[2, 3, 7]",237,3,组六,False,False,12,2,5,7,2,2,1,1,2,3,0,1,1,1,210,EOO,SBS,PPP,0,0,1,98150324,9815.0324,True,https://www.cwl.gov.cn/c/2025/12/13/638888.shtml,https://www.cwl.gov.cn/c/2025/12/13/638891.shtml,2025332,885,21,3,组三,1,1,-3522954,0,0,30,"[1, 6, 4]","[3, 2, 8]",13.1667,4.6,0,11,19,2026-04-12T18:30:37Z,0,10,0,13,1,6,1,5,0,11,0,8,0,13,1,8,0,7,0,9
2025334,2025-12-14,2025,12,14,日,7,348,3D,198,"1,9,8",1,9,8,"[1, 9, 8]","[1, 8, 9]",189,3,组六,False,False,18,8,8,9,1,2,1,2,1,0,3,1,1,1,102,OOE,SBB,NNN,1,0,1,103639594,10363.9594,False,https://www.cwl.gov.cn/c/2025/12/14/638898.shtml,,2025333,273,12,5,组六,1,1,5489270,0,0,30,"[1, 6, 4]","[3, 2, 8]",13.0667,4.5667,0,10,20,2026-04-12T18:30:37Z,0,10,1,13,0,7,0,4,0,11,0,8,0,13,0,9,1,7,1,8
2025335,2025-12-15,2025,12,15,一,1,349,3D,051,"0,5,1",0,5,1,"[0, 5, 1]","[0, 1, 5]",015,3,组六,False,False,6,6,5,5,0,2,1,1,2,1,2,1,1,1,021,EOO,SBS,NPN,0,0,1,104788620,10478.862,False,https://www.cwl.gov.cn/c/2025/12/15/639001.shtml,,2025334,198,18,8,组六,1,1,1149026,0,1,30,"[1, 6, 0]","[3, 2, 5]",13.2667,4.6333,0,10,20,2026-04-12T18:30:37Z,1,10,1,13,0,7,0,4,0,10,1,8,0,13,0,8,0,8,0,9
2025336,2025-12-16,2025,12,16,二,2,350,3D,641,"6,4,1",6,4,1,"[6, 4, 1]","[1, 4, 6]",146,3,组六,False,False,11,1,5,6,1,1,2,1,2,0,3,1,2,0,011,EEO,BSS,NNN,0,0,1,106499844,10649.9844,False,https://www.cwl.gov.cn/c/2025/12/16/639108.shtml,,2025335,051,6,5,组六,1,1,1711224,1,1,30,"[1, 6, 0]","[3, 2, 7]",13.3333,4.7,0,10,20,2026-04-12T18:30:37Z,0,10,1,13,0,7,0,3,1,10,0,9,1,13,0,8,0,8,0,9
2025337,2025-12-17,2025,12,17,三,3,351,3D,876,"8,7,6",8,7,6,"[8, 7, 6]","[6, 7, 8]",678,3,组六,False,False,21,1,2,8,6,1,2,3,0,1,2,1,1,1,210,EOE,BBB,NPN,2,0,0,107338210,10733.821,False,https://www.cwl.gov.cn/c/2025/12/17/639215.shtml,,2025336,641,11,5,组六,1,1,838366,0,1,30,"[1, 6, 4]","[3, 2, 7]",12.9667,4.7667,0,10,20,2026-04-12T18:30:37Z,0,10,0,14,0,7,0,3,0,11,0,9,1,13,1,7,1,8,0,8
2025338,2025-12-18,2025,12,18,四,4,352,3D,689,"6,8,9",6,8,9,"[6, 8, 9]","[6, 8, 9]",689,3,组六,False,False,23,3,3,9,6,1,2,3,0,0,3,2,0,1,020,EEO,BBB,NNN,1,0,1,107680018,10768.0018,False,https://www.cwl.gov.cn/c/2025/12/18/639322.shtml,,2025337,876,21,2,组六,1,1,341808,0,2,30,"[1, 6, 0]","[3, 2, 7]",13.3,4.6667,0,10,20,2026-04-12T18:30:37Z,0,10,0,13,0,7,0,3,0,10,0,9,1,13,0,8,1,9,1,8
2025339,2025-12-19,2025,12,19,五,5,353,3D,676,"6,7,6",6,7,6,"[6, 7, 6]","[6, 6, 7]",667,2,组三,True,False,19,9,1,7,6,1,2,3,0,1,2,2,1,0,010,EOE,BBB,NPN,2,0,0,110633798,11063.3798,False,https://www.cwl.gov.cn/c/2025/12/19/639429.shtml,,2025338,689,23,3,组六,1,1,2953780,1,1,30,"[6, 1, 0]","[3, 2, 4]",13.5333,4.6333,0,9,21,2026-04-12T18:30:37Z,0,10,0,13,0,7,0,3,0,8,0,9,2,14,1,8,0,9,0,9
2025340,2025-12-20,2025,12,20,六,6,354,3D,130,"1,3,0",1,3,0,"[1, 3, 0]","[0, 1, 3]",013,3,组六,False,False,4,4,3,3,0,2,1,0,3,1,2,2,1,0,100,OOE,SSS,NPN,0,0,1,101669336,10166.9336,True,https://www.cwl.gov.cn/c/2025/12/20/639435.shtml,https://www.cwl.gov.cn/c/2025/12/20/639436.shtml,2025339,676,19,1,组三,1,1,-8964462,0,0,30,"[6, 1, 0]","[3, 2, 4]",13.8333,4.3667,0,10,20,2026-04-12T18:30:37Z,1,9,1,12,0,7,1,3,0,8,0,9,0,16,0,9,0,9,0,8
2025341,2025-12-21,2025,12,21,日,7,355,3D,996,"9,9,6",9,9,6,"[9, 9, 6]","[6, 9, 9]",699,2,组三,True,False,24,4,3,9,6,2,1,3,0,0,3,3,0,0,000,OOE,BBB,NNN,0,1,0,104432700,10443.27,False,https://www.cwl.gov.cn/c/2025/12/21/639441.shtml,,2025340,130,4,3,组六,1,1,2763364,0,0,30,"[6, 1, 0]","[3, 2, 9]",13.4333,4.2,0,10,20,2026-04-12T18:30:37Z,0,10,0,12,0,7,0,4,0,8,0,9,1,15,0,9,0,9,2,7
2025342,2025-12-22,2025,12,22,一,1,356,3D,681,"6,8,1",6,8,1,"[6, 8, 1]","[1, 6, 8]",168,3,组六,False,False,15,5,7,8,1,1,2,2,1,0,3,1,1,1,021,EEO,BBS,NNN,0,0,1,106535154,10653.5154,False,https://www.cwl.gov.cn/c/2025/12/22/639548.shtml,,2025341,996,24,3,组三,1,1,2102454,0,1,30,"[6, 1, 0]","[3, 2, 4]",13.9,4.1,0,11,19,2026-04-12T18:30:37Z,0,9,1,12,0,7,0,4,0,7,0,9,1,15,0,9,1,9,0,9
2025343,2025-12-23,2025,12,23,二,2,357,3D,645,"6,4,5",6,4,5,"[6, 4, 5]","[4, 5, 6]",456,3,组六,False,False,15,5,2,6,4,1,2,2,1,1,2,1,1,1,012,EEO,BSB,NNP,1,0,0,110587602,11058.7602,False,https://www.cwl.gov.cn/c/2025/12/23/639655.shtml,,2025342,681,15,7,组六,1,1,4052448,1,1,30,"[6, 1, 0]","[3, 2, 4]",13.6333,4.2333,0,11,19,2026-04-12T18:30:37Z,0,9,0,13,0,7,0,4,1,7,1,9,1,15,0,9,0,9,0,8
2025344,2025-12-24,2025,12,24,三,3,358,3D,622,"6,2,2",6,2,2,"[6, 2, 2]","[2, 2, 6]",226,2,组三,True,False,10,0,4,6,2,0,3,1,2,2,1,1,0,2,022,EEE,BSS,NPP,0,1,0,110433762,11043.3762,False,https://www.cwl.gov.cn/c/2025/12/24/639762.shtml,,2025343,645,15,2,组六,1,1,-153840,1,1,30,"[6, 1, 5]","[3, 2, 4]",13.6,4.2333,0,10,20,2026-04-12T18:30:37Z,0,9,0,13,2,7,0,4,0,7,0,10,1,14,0,9,0,9,0,8
2025345,2025-12-25,2025,12,25,四,4,359,3D,630,"6,3,0",6,3,0,"[6, 3, 0]","[0, 3, 6]",036,3,组六,False,False,9,9,6,6,0,1,2,1,2,1,2,3,0,0,000,EOE,BSS,NPN,0,0,0,108729992,10872.9992,False,https://www.cwl.gov.cn/c/2025/12/25/639869.shtml,,2025344,622,10,4,组三,1,1,-1703770,1,1,30,"[6, 1, 5]","[3, 4, 9]",13.3667,4.1,0,11,19,2026-04-12T18:30:37Z,1,9,0,12,0,9,1,4,0,7,0,10,1,15,0,8,0,9,0,7
2025346,2025-12-26,2025,12,26,五,5,360,3D,897,"8,9,7",8,9,7,"[8, 9, 7]","[7, 8, 9]",789,3,组六,False,False,24,4,2,9,7,2,1,3,0,1,2,1,1,1,201,EOO,BBB,NNP,1,0,0,109841772,10984.1772,False,https://www.cwl.gov.cn/c/2025/12/26/639976.shtml,,2025345,630,9,6,组六,1,1,1111780,0,0,30,"[6, 1, 0]","[3, 9, 4]",13.0667,4.0667,0,11,19,2026-04-12T18:30:37Z,0,10,0,12,0,8,0,5,0,7,0,10,0,16,1,7,1,9,1,6
2025347,2025-12-27,2025,12,27,六,6,361,3D,192,"1,9,2",1,9,2,"[1, 9, 2]","[1, 2, 9]",129,3,组六,False,False,12,2,8,9,1,2,1,1,2,1,2,1,1,1,102,OOE,SBS,NNP,0,0,1,107566776,10756.6776,True,https://www.cwl.gov.cn/c/2025/12/27/639982.shtml,https://www.cwl.gov.cn/c/2025/12/27/639983.shtml,2025346,897,24,2,组六,1,1,-2274996,1,1,30,"[6, 1, 0]","[3, 7, 4]",13.2333,4.0667,0,10,20,2026-04-12T18:30:37Z,0,10,1,12,1,8,0,5,0,7,0,9,0,16,0,6,0,10,1,7
2025348,2025-12-28,2025,12,28,日,7,362,3D,278,"2,7,8",2,7,8,"[2, 7, 8]","[2, 7, 8]",278,3,组六,False,False,17,7,6,8,2,1,2,2,1,2,1,0,1,2,212,EOE,SBB,PPN,1,0,1,107546730,10754.673,False,https://www.cwl.gov.cn/c/2025/12/28/639988.shtml,,2025347,192,12,8,组六,1,1,-20046,0,1,30,"[6, 1, 8]","[3, 7, 4]",13.5,4.2333,0,10,20,2026-04-12T18:30:37Z,0,9,0,12,1,9,0,4,0,7,0,9,0,16,1,6,1,10,0,8
2025349,2025-12-29,2025,12,29,一,1,363,3D,743,"7,4,3",7,4,3,"[7, 4, 3]","[3, 4, 7]",347,3,组六,False,False,14,4,4,7,3,2,1,1,2,2,1,1,2,0,110,OEO,BSS,PNP,1,0,1,111568702,11156.8702,False,https://www.cwl.gov.cn/c/2025/12/29/640095.shtml,,2025348,278,17,6,组六,1,1,4021972,0,1,30,"[6, 1, 8]","[3, 4, 7]",13.8333,4.3,0,10,20,2026-04-12T18:30:37Z,0,8,0,12,0,10,1,3,1,6,0,9,0,16,1,7,0,11,0,8
2025350,2025-12-30,2025,12,30,二,2,364,3D,580,"5,8,0",5,8,0,"[5, 8, 0]","[0, 5, 8]",058,3,组六,False,False,13,3,8,8,0,1,2,2,1,1,2,1,0,2,220,OEE,BBS,PNN,0,0,1,115824342,11582.4342,False,https://www.cwl.gov.cn/c/2025/12/30/640202.shtml,,2025349,743,14,4,组六,1,1,4255640,0,0,30,"[6, 1, 8]","[3, 4, 9]",13.8,4.2,0,10,20,2026-04-12T18:30:37Z,1,8,0,12,0,9,0,4,0,6,1,9,0,16,0,8,1,11,0,7
2025351,2025-12-31,2025,12,31,三,3,365,3D,452,"4,5,2",4,5,2,"[4, 5, 2]","[2, 4, 5]",245,3,组六,False,False,11,1,3,5,2,1,2,1,2,2,1,0,1,2,122,EOE,SBS,NPP,1,0,1,115966414,11596.6414,False,https://www.cwl.gov.cn/c/2025/12/31/640309.shtml,,2025350,580,13,8,组六,1,1,142072,0,1,30,"[6, 8, 1]","[3, 4, 9]",14.1,4.4333,0,9,21,2026-04-12T18:30:37Z,0,9,0,10,1,8,0,4,1,6,1,10,0,16,0,8,0,12,0,7
2026001,2026-01-01,2026,1,1,四,4,1,3D,298,"2,9,8",2,9,8,"[2, 9, 8]","[2, 8, 9]",289,3,组六,False,False,19,9,7,9,2,1,2,2,1,1,2,1,0,2,202,EOE,SBB,PNN,1,0,1,107651412,10765.1412,False,https://www.cwl.gov.cn/c/2026/01/01/640316.shtml,,2025351,452,11,3,组六,650,1,-8315002,0,1,30,"[6, 5, 8]","[3, 4, 7]",13.8333,4.4,0,9,21,2026-04-12T18:30:37Z,0,9,0,10,1,9,0,4,0,6,0,11,0,16,0,7,1,11,1,7
2026002,2026-01-02,2026,1,2,五,5,2,3D,520,"5,2,0",5,2,0,"[5, 2, 0]","[0, 2, 5]",025,3,组六,False,False,7,7,5,5,0,1,2,1,2,2,1,1,0,2,220,OEE,BSS,PPN,0,0,1,113190952,11319.0952,False,https://www.cwl.gov.cn/c/2026/01/02/640323.shtml,,2026001,298,19,7,组六,1,1,5539540,0,1,30,"[6, 8, 5]","[3, 4, 7]",14.1333,4.5,0,8,22,2026-04-12T18:30:37Z,1,9,0,10,1,8,0,4,0,6,1,11,0,15,0,7,0,12,0,8
2026003,2026-01-03,2026,1,3,六,6,3,3D,601,"6,0,1",6,0,1,"[6, 0, 1]","[0, 1, 6]",016,3,组六,False,False,7,7,6,6,0,1,2,1,2,0,3,2,1,0,001,EEO,BSS,NNN,1,0,1,112483848,11248.3848,True,https://www.cwl.gov.cn/c/2026/01/03/640329.shtml,https://www.cwl.gov.cn/c/2026/01/03/640330.shtml,2026002,520,7,5,组六,1,1,-707104,0,1,30,"[6, 8, 0]","[3, 4, 7]",14.0,4.5333,0,7,23,2026-04-12T18:30:37Z,1,10,1,9,0,9,0,4,0,6,0,10,1,15,0,7,0,12,0,8
2026004,2026-01-04,2026,1,4,日,7,4,3D,019,"0,1,9",0,1,9,"[0, 1, 9]","[0, 1, 9]",019,3,组六,False,False,10,0,9,9,0,2,1,1,2,0,3,2,1,0,010,EOO,SSB,NNN,1,0,1,111567860,11156.786,False,https://www.cwl.gov.cn/c/2026/01/04/640435.shtml,,2026003,601,7,6,组六,1,1,-915988,0,2,30,"[6, 8, 0]","[3, 4, 7]",13.8,4.5667,0,6,24,2026-04-12T18:30:37Z,1,11,1,9,0,9,0,4,0,6,0,10,0,14,0,7,0,12,1,8
2026005,2026-01-05,2026,1,5,一,1,5,3D,476,"4,7,6",4,7,6,"[4, 7, 6]","[4, 6, 7]",467,3,组六,False,False,17,7,3,7,4,1,2,2,1,1,2,1,2,0,110,EOE,SBB,NPN,1,0,1,111603518,11160.3518,False,https://www.cwl.gov.cn/c/2026/01/05/640542.shtml,,2026004,019,10,9,组六,1,1,35658,0,0,30,"[6, 0, 8]","[3, 4, 7]",13.7333,4.7,0,6,24,2026-04-12T18:30:37Z,0,12,0,9,0,9,0,4,1,6,0,9,1,13,1,7,0,12,0,9
2026006,2026-01-06,2026,1,6,二,2,6,3D,244,"2,4,4",2,4,4,"[2, 4, 4]","[2, 4, 4]",244,2,组三,True,False,10,0,2,4,2,0,3,0,3,1,2,0,2,1,211,EEE,SSS,PNN,0,1,0,113228168,11322.8168,False,https://www.cwl.gov.cn/c/2026/01/06/640649.shtml,,2026005,476,17,3,组六,1,1,1624650,0,1,30,"[6, 0, 8]","[3, 4, 1]",13.8333,4.5667,0,6,24,2026-04-12T18:30:37Z,0,12,0,8,1,9,0,4,2,7,0,8,0,14,0,8,0,11,0,9
2026007,2026-01-07,2026,1,7,三,3,7,3D,353,"3,5,3",3,5,3,"[3, 5, 3]","[3, 3, 5]",335,2,组三,True,False,11,1,2,5,3,3,0,1,2,3,0,2,0,1,020,OOO,SBS,PPP,0,0,0,110234414,11023.4414,False,https://www.cwl.gov.cn/c/2026/01/07/640656.shtml,,2026006,244,10,2,组三,1,1,-2993754,0,0,30,"[6, 0, 2]","[3, 7, 1]",13.3667,4.5667,0,7,23,2026-04-12T18:30:37Z,0,12,0,8,0,10,2,4,0,9,1,8,0,14,0,7,0,10,0,8
2026008,2026-01-08,2026,1,8,四,4,8,3D,252,"2,5,2",2,5,2,"[2, 5, 2]","[2, 2, 5]",225,2,组三,True,False,9,9,3,5,2,1,2,1,2,3,0,0,0,3,222,EOE,SBS,PPP,0,0,0,107103118,10710.3118,False,https://www.cwl.gov.cn/c/2026/01/08/640763.shtml,,2026007,353,11,2,组三,1,1,-3131296,1,1,30,"[6, 0, 2]","[3, 7, 1]",13.6,4.5,0,7,23,2026-04-12T18:30:37Z,0,10,0,8,2,10,0,6,0,8,1,9,0,14,0,7,0,10,0,8
2026009,2026-01-09,2026,1,9,五,5,9,3D,265,"2,6,5",2,6,5,"[2, 6, 5]","[2, 5, 6]",256,3,组六,False,False,13,3,4,6,2,1,2,2,1,2,1,1,0,2,202,EEO,SBB,PNP,1,0,1,109910338,10991.0338,False,https://www.cwl.gov.cn/c/2026/01/09/640970.shtml,,2026008,252,9,3,组三,1,1,2807220,1,2,30,"[6, 2, 0]","[3, 4, 7]",13.4,4.5333,0,8,22,2026-04-12T18:30:37Z,0,10,0,8,1,12,0,6,0,7,1,9,1,13,0,7,0,10,0,8
2026010,2026-01-10,2026,1,10,六,6,10,3D,667,"6,6,7",6,6,7,"[6, 6, 7]","[6, 6, 7]",667,2,组三,True,False,19,9,1,7,6,1,2,3,0,1,2,2,1,0,001,EEO,BBB,NNP,1,1,0,108102888,10810.2888,True,https://www.cwl.gov.cn/c/2026/01/10/640976.shtml,https://www.cwl.gov.cn/c/2026/01/10/640977.shtml,2026009,265,13,4,组六,1,1,-1807450,1,1,30,"[6, 2, 5]","[3, 4, 7]",13.5667,4.4667,0,8,22,2026-04-12T18:30:37Z,0,9,0,8,0,12,0,6,0,7,0,10,2,13,1,7,0,10,0,8
2026011,2026-01-11,2026,1,11,日,7,11,3D,647,"6,4,7",6,4,7,"[6, 4, 7]","[4, 6, 7]",467,3,组六,False,False,17,7,3,7,4,1,2,2,1,1,2,1,2,0,011,EEO,BSB,NNP,0,0,1,107920334,10792.0334,False,https://www.cwl.gov.cn/c/2026/01/11/640982.shtml,,2026010,667,19,1,组三,1,1,-182554,2,2,30,"[6, 2, 8]","[3, 0, 4]",14.0333,4.3333,0,8,22,2026-04-12T18:30:37Z,0,7,0,8,0,12,0,6,1,7,0,9,1,15,1,8,0,10,0,8
2026012,2026-01-12,2026,1,12,一,1,12,3D,241,"2,4,1",2,4,1,"[2, 4, 1]","[1, 2, 4]",124,3,组六,False,False,7,7,3,4,1,1,2,0,3,1,2,0,2,1,211,EEO,SSS,PNN,0,0,1,110984784,11098.4784,False,https://www.cwl.gov.cn/c/2026/01/12/641189.shtml,,2026011,647,17,3,组六,1,1,3064450,1,1,30,"[6, 2, 7]","[3, 0, 1]",13.9,4.3333,0,7,23,2026-04-12T18:30:37Z,0,7,1,8,1,12,0,6,1,8,0,8,0,16,0,9,0,8,0,8
2026013,2026-01-13,2026,1,13,二,2,13,3D,513,"5,1,3",5,1,3,"[5, 1, 3]","[1, 3, 5]",135,3,组六,False,False,9,9,4,5,1,3,0,1,2,2,1,1,1,1,210,OOO,BSS,PNP,0,0,0,111298388,11129.8388,False,https://www.cwl.gov.cn/c/2026/01/13/641296.shtml,,2026012,241,7,3,组六,1,1,313604,0,1,30,"[6, 2, 1]","[3, 0, 5]",13.7333,4.2667,0,7,23,2026-04-12T18:30:37Z,0,7,1,9,0,12,1,5,0,9,1,8,0,16,0,8,0,8,0,8
2026014,2026-01-14,2026,1,14,三,3,14,3D,050,"0,5,0",0,5,0,"[0, 5, 0]","[0, 0, 5]",005,2,组三,True,False,5,5,5,5,0,1,2,1,2,1,2,2,0,1,020,EOE,SBS,NPN,0,0,0,114188204,11418.8204,False,https://www.cwl.gov.cn/c/2026/01/14/641503.shtml,,2026013,513,9,4,组六,1,1,2889816,0,1,30,"[6, 2, 1]","[3, 0, 8]",13.4333,4.1333,0,7,23,2026-04-12T18:30:37Z,2,7,0,9,0,12,0,6,0,9,1,9,0,16,0,8,0,7,0,7
2026015,2026-01-15,2026,1,15,四,4,15,3D,532,"5,3,2",5,3,2,"[5, 3, 2]","[2, 3, 5]",235,3,组六,False,False,10,0,3,5,2,2,1,1,2,3,0,1,0,2,202,OOE,BSS,PPP,1,0,1,108554608,10855.4608,False,https://www.cwl.gov.cn/c/2026/01/15/642010.shtml,,2026014,050,5,5,组三,1,1,-5633596,0,1,30,"[6, 2, 4]","[3, 8, 9]",13.4,4.1333,0,8,22,2026-04-12T18:30:37Z,0,8,0,8,1,12,1,6,0,9,1,9,0,16,0,8,0,7,0,7
2026016,2026-01-16,2026,1,16,五,5,16,3D,582,"5,8,2",5,8,2,"[5, 8, 2]","[2, 5, 8]",258,3,组六,False,False,15,5,6,8,2,1,2,2,1,2,1,0,0,3,222,OEE,BBS,PNP,0,0,0,116276852,11627.6852,False,https://www.cwl.gov.cn/c/2026/01/16/642217.shtml,,2026015,532,10,3,组六,1,1,7722244,2,2,30,"[6, 2, 5]","[1, 3, 8]",13.3667,4.0667,0,8,22,2026-04-12T18:30:37Z,0,8,0,7,1,13,0,7,0,8,1,10,0,15,0,8,1,7,0,7
2026017,2026-01-17,2026,1,17,六,6,17,3D,945,"9,4,5",9,4,5,"[9, 4, 5]","[4, 5, 9]",459,3,组六,False,False,18,8,5,9,4,2,1,2,1,1,2,1,1,1,012,OEO,BSB,NNP,1,0,1,112364282,11236.4282,True,https://www.cwl.gov.cn/c/2026/01/17/642223.shtml,https://www.cwl.gov.cn/c/2026/01/17/642225.shtml,2026016,582,15,6,组六,1,1,-3912570,0,1,30,"[2, 6, 5]","[1, 3, 7]",13.1667,4.2,0,8,22,2026-04-12T18:30:37Z,0,8,0,7,0,14,0,7,1,8,1,11,0,14,0,7,0,7,1,7
2026018,2026-01-18,2026,1,18,日,7,18,3D,494,"4,9,4",4,9,4,"[4, 9, 4]","[4, 4, 9]",449,2,组三,True,False,17,7,5,9,4,1,2,1,2,0,3,1,2,0,101,EOE,SBS,NNN,0,0,0,113590602,11359.0602,False,https://www.cwl.gov.cn/c/2026/01/18/642229.shtml,,2026017,945,18,5,组六,1,1,1226320,0,2,30,"[2, 6, 5]","[8, 1, 3]",13.0,4.2667,0,8,22,2026-04-12T18:30:37Z,0,8,0,7,0,14,0,7,2,9,0,12,0,13,0,7,0,6,1,7
2026019,2026-01-19,2026,1,19,一,1,19,3D,223,"2,2,3",2,2,3,"[2, 2, 3]","[2, 2, 3]",223,2,组三,True,False,7,7,1,3,2,1,2,0,3,3,0,1,0,2,220,EEO,SSS,PPP,1,1,0,109229562,10922.9562,False,https://www.cwl.gov.cn/c/2026/01/19/642336.shtml,,2026018,494,17,5,组三,1,1,-4361040,0,0,30,"[2, 5, 4]","[7, 8, 1]",12.9333,4.4,0,8,22,2026-04-12T18:30:37Z,0,8,0,7,2,14,1,7,0,11,0,12,0,11,0,6,0,6,0,8
2026020,2026-01-20,2026,1,20,二,2,20,3D,676,"6,7,6",6,7,6,"[6, 7, 6]","[6, 6, 7]",667,2,组三,True,False,19,9,1,7,6,1,2,3,0,1,2,2,1,0,010,EOE,BBB,NPN,2,0,0,108889244,10888.9244,False,https://www.cwl.gov.cn/c/2026/01/20/642443.shtml,,2026019,223,7,1,组三,1,1,-340318,0,0,30,"[2, 5, 4]","[1, 7, 8]",13.0333,4.3333,0,9,21,2026-04-12T18:30:37Z,0,7,0,6,0,16,0,7,0,11,0,12,2,11,1,6,0,6,0,8
2026021,2026-01-21,2026,1,21,三,3,21,3D,559,"5,5,9",5,5,9,"[5, 5, 9]","[5, 5, 9]",559,2,组三,True,False,19,9,4,9,5,3,0,3,0,2,1,1,0,2,220,OOO,BBB,PPN,0,1,0,111072312,11107.2312,False,https://www.cwl.gov.cn/c/2026/01/21/642650.shtml,,2026020,676,19,1,组三,1,1,2183068,0,0,30,"[2, 5, 6]","[1, 8, 9]",12.8667,4.2667,0,9,21,2026-04-12T18:30:37Z,0,7,0,6,0,16,0,7,0,11,2,12,0,12,0,7,0,6,1,6
2026022,2026-01-22,2026,1,22,四,4,22,3D,678,"6,7,8",6,7,8,"[6, 7, 8]","[6, 7, 8]",678,3,组六,False,False,21,1,2,8,6,1,2,3,0,1,2,1,1,1,012,EOE,BBB,NPN,2,0,0,111077142,11107.7142,False,https://www.cwl.gov.cn/c/2026/01/22/642857.shtml,,2026021,559,19,4,组三,1,1,4830,0,0,30,"[2, 5, 4]","[1, 8, 0]",13.0,4.1667,0,10,20,2026-04-12T18:30:37Z,0,7,0,5,0,16,0,7,0,11,0,14,1,11,1,7,1,5,0,7
2026023,2026-01-23,2026,1,23,五,5,23,3D,784,"7,8,4",7,8,4,"[7, 8, 4]","[4, 7, 8]",478,3,组六,False,False,19,9,4,8,4,1,2,2,1,1,2,0,2,1,121,OEE,BBS,PNN,1,0,1,114238836,11423.8836,False,https://www.cwl.gov.cn/c/2026/01/23/643064.shtml,,2026022,678,21,2,组六,1,1,3161694,0,2,30,"[2, 5, 6]","[1, 8, 0]",13.2,4.1667,0,10,20,2026-04-12T18:30:37Z,0,7,0,5,0,16,0,7,1,10,0,13,0,11,1,8,1,6,0,7
2026024,2026-01-24,2026,1,24,六,6,24,3D,911,"9,1,1",9,1,1,"[9, 1, 1]","[1, 1, 9]",119,2,组三,True,False,11,1,8,9,1,3,0,1,2,0,3,1,2,0,011,OOO,BSS,NNN,0,1,0,112044432,11204.4432,True,https://www.cwl.gov.cn/c/2026/01/24/643070.shtml,https://www.cwl.gov.cn/c/2026/01/24/643072.shtml,2026023,784,19,4,组六,1,1,-2194404,0,0,30,"[2, 5, 4]","[1, 0, 3]",13.5,4.1667,0,9,21,2026-04-12T18:30:37Z,0,7,2,5,0,14,0,7,0,11,0,13,0,10,0,9,0,7,1,7
2026025,2026-01-25,2026,1,25,日,7,25,3D,029,"0,2,9",0,2,9,"[0, 2, 9]","[0, 2, 9]",029,3,组六,False,False,11,1,9,9,0,1,2,1,2,1,2,2,0,1,020,EEO,SSB,NPN,0,0,1,109882668,10988.2668,False,https://www.cwl.gov.cn/c/2026/01/25/643076.shtml,,2026024,911,11,8,组三,1,1,-2161764,0,1,30,"[2, 5, 4]","[0, 3, 1]",13.5667,4.2333,0,10,20,2026-04-12T18:30:37Z,1,6,0,7,1,14,0,6,0,11,0,13,0,9,0,9,0,7,1,8
2026026,2026-01-26,2026,1,26,一,1,26,3D,099,"0,9,9",0,9,9,"[0, 9, 9]","[0, 9, 9]",099,2,组三,True,False,18,8,9,9,0,2,1,2,1,0,3,3,0,0,000,EOO,SBB,NNN,0,1,0,111992356,11199.2356,False,https://www.cwl.gov.cn/c/2026/01/26/643283.shtml,,2026025,029,11,9,组六,1,1,2109688,2,2,30,"[2, 5, 4]","[3, 8, 0]",13.1333,4.4667,0,10,20,2026-04-12T18:30:37Z,1,7,0,7,0,15,0,6,0,11,0,13,0,9,0,8,0,6,2,8
2026027,2026-01-27,2026,1,27,二,2,27,3D,126,"1,2,6",1,2,6,"[1, 2, 6]","[1, 2, 6]",126,3,组六,False,False,9,9,5,6,1,1,2,1,2,1,2,1,1,1,120,OEE,SSB,NPN,1,0,1,106292316,10629.2316,False,https://www.cwl.gov.cn/c/2026/01/27/643390.shtml,,2026026,099,18,9,组三,1,1,-5700040,0,0,30,"[2, 5, 4]","[1, 3, 8]",13.3333,4.5,0,11,19,2026-04-12T18:30:37Z,0,8,1,6,1,14,0,6,0,11,0,13,1,9,0,8,0,6,0,9
2026028,2026-01-28,2026,1,28,三,3,28,3D,270,"2,7,0",2,7,0,"[2, 7, 0]","[0, 2, 7]",027,3,组六,False,False,9,9,7,7,0,1,2,1,2,2,1,1,1,1,210,EOE,SBS,PPN,0,0,1,111227912,11122.7912,False,https://www.cwl.gov.cn/c/2026/01/28/643598.shtml,,2026027,126,9,5,组六,1,1,4935596,0,1,30,"[2, 5, 4]","[8, 3, 1]",13.0667,4.4667,0,11,19,2026-04-12T18:30:37Z,1,8,0,7,1,14,0,6,0,11,0,13,0,10,1,7,0,5,0,9
2026029,2026-01-29,2026,1,29,四,4,29,3D,003,"0,0,3",0,0,3,"[0, 0, 3]","[0, 0, 3]",003,2,组三,True,False,3,3,3,3,0,1,2,0,3,1,2,3,0,0,000,EEO,SSS,NNP,0,1,0,114754896,11475.4896,False,https://www.cwl.gov.cn/c/2026/01/29/643804.shtml,,2026028,270,9,7,组六,1,1,3526984,0,1,30,"[2, 5, 4]","[3, 8, 1]",12.9,4.5667,0,11,19,2026-04-12T18:30:37Z,2,9,0,7,0,15,1,5,0,10,0,13,0,10,0,7,0,5,0,9
2026030,2026-01-30,2026,1,30,五,5,30,3D,134,"1,3,4",1,3,4,"[1, 3, 4]","[1, 3, 4]",134,3,组六,False,False,8,8,3,4,1,2,1,0,3,1,2,1,2,0,101,OOE,SSS,NPN,1,0,1,108915368,10891.5368,False,https://www.cwl.gov.cn/c/2026/01/30/644011.shtml,,2026029,003,3,3,组三,1,1,-5839528,0,1,30,"[2, 5, 0]","[8, 3, 1]",12.5667,4.4,0,12,18,2026-04-12T18:30:37Z,0,10,1,7,0,15,1,6,1,10,0,12,0,10,0,7,0,4,0,9
2026031,2026-01-31,2026,1,31,六,6,31,3D,142,"1,4,2",1,4,2,"[1, 4, 2]","[1, 2, 4]",124,3,组六,False,False,7,7,3,4,1,1,2,0,3,1,2,0,2,1,112,OEE,SSS,NNP,0,0,1,110754640,11075.464,True,https://www.cwl.gov.cn/c/2026/01/31/644017.shtml,https://www.cwl.gov.cn/c/2026/01/31/644019.shtml,2026030,134,8,3,组六,1,1,1839272,1,2,30,"[2, 5, 0]","[8, 3, 7]",12.4667,4.4,0,12,18,2026-04-12T18:30:37Z,0,10,1,8,1,14,0,7,1,10,0,11,0,10,0,7,0,4,0,9
2026032,2026-02-01,2026,2,1,日,7,32,3D,452,"4,5,2",4,5,2,"[4, 5, 2]","[2, 4, 5]",245,3,组六,False,False,11,1,3,5,2,1,2,1,2,2,1,0,1,2,122,EOE,SBS,NPP,1,0,1,111860714,11186.0714,False,https://www.cwl.gov.cn/c/2026/02/01/644023.shtml,,2026031,142,7,3,组六,1,1,1106074,1,2,30,"[2, 4, 5]","[8, 3, 7]",12.0667,4.2667,0,12,18,2026-04-12T18:30:37Z,0,10,0,9,1,14,0,7,1,11,1,11,0,10,0,7,0,3,0,8
2026033,2026-02-02,2026,2,2,一,1,33,3D,119,"1,1,9",1,1,9,"[1, 1, 9]","[1, 1, 9]",119,2,组三,True,False,11,1,8,9,1,3,0,1,2,0,3,1,2,0,110,OOO,SSB,NNN,0,1,0,114715814,11471.5814,False,https://www.cwl.gov.cn/c/2026/02/02/644130.shtml,,2026032,452,11,3,组六,1,1,2855100,0,0,30,"[2, 4, 5]","[8, 3, 7]",12.2,4.2,0,12,18,2026-04-12T18:30:37Z,0,9,2,9,0,14,0,7,0,12,0,11,0,10,0,7,0,3,1,8
2026034,2026-02-03,2026,2,3,二,2,34,3D,052,"0,5,2",0,5,2,"[0, 5, 2]","[0, 2, 5]",025,3,组六,False,False,7,7,5,5,0,1,2,1,2,2,1,1,0,2,022,EOE,SBS,NPP,0,0,1,110334518,11033.4518,False,https://www.cwl.gov.cn/c/2026/02/03/644337.shtml,,2026033,119,11,8,组三,1,1,-4381296,0,0,30,"[2, 4, 5]","[8, 3, 7]",12.3333,4.2667,0,13,17,2026-04-12T18:30:37Z,1,8,0,10,1,14,0,7,0,12,1,11,0,9,0,7,0,3,0,9
2026035,2026-02-04,2026,2,4,三,3,35,3D,213,"2,1,3",2,1,3,"[2, 1, 3]","[1, 2, 3]",123,3,组六,False,False,6,6,2,3,1,2,1,0,3,2,1,1,1,1,210,EOO,SSS,PNP,1,0,0,111619684,11161.9684,False,https://www.cwl.gov.cn/c/2026/02/04/644544.shtml,,2026034,052,7,5,组六,1,1,1285166,0,1,30,"[2, 4, 5]","[8, 3, 7]",12.2333,4.1333,0,13,17,2026-04-12T18:30:37Z,0,8,1,9,1,15,1,7,0,12,0,12,0,9,0,7,0,3,0,8
2026036,2026-02-05,2026,2,5,四,4,36,3D,762,"7,6,2",7,6,2,"[7, 6, 2]","[2, 6, 7]",267,3,组六,False,False,15,5,5,7,2,1,2,2,1,2,1,1,1,1,102,OEE,BBS,PNP,1,0,1,111378062,11137.8062,False,https://www.cwl.gov.cn/c/2026/02/05/644751.shtml,,2026035,213,6,2,组六,1,1,-241622,0,1,30,"[2, 5, 4]","[8, 7, 0]",11.8667,4.1,0,13,17,2026-04-12T18:30:37Z,0,8,0,10,1,16,0,8,0,11,0,12,1,8,1,6,0,3,0,8
2026037,2026-02-06,2026,2,6,五,5,37,3D,420,"4,2,0",4,2,0,"[4, 2, 0]","[0, 2, 4]",024,3,组六,False,False,6,6,4,4,0,0,3,0,3,1,2,1,1,1,120,EEE,SSS,NPN,0,0,0,113707426,11370.7426,False,https://www.cwl.gov.cn/c/2026/02/06/644858.shtml,,2026036,762,15,5,组六,1,1,2329364,0,1,30,"[2, 5, 1]","[8, 7, 0]",12.0333,4.2,0,12,18,2026-04-12T18:30:37Z,1,8,0,10,1,16,0,8,1,9,0,12,0,9,0,7,0,3,0,8
2026038,2026-02-07,2026,2,7,六,6,38,3D,467,"4,6,7",4,6,7,"[4, 6, 7]","[4, 6, 7]",467,3,组六,False,False,17,7,3,7,4,1,2,2,1,1,2,1,2,0,101,EEO,SBB,NNP,1,0,1,108981458,10898.1458,True,https://www.cwl.gov.cn/c/2026/02/07/644864.shtml,https://www.cwl.gov.cn/c/2026/02/07/644866.shtml,2026037,420,6,4,组六,1,1,-4725968,1,1,30,"[2, 5, 1]","[8, 3, 7]",11.8667,4.2667,0,11,19,2026-04-12T18:30:37Z,0,9,0,10,0,17,0,6,1,10,0,11,1,9,1,7,0,3,0,8
2026039,2026-02-08,2026,2,8,日,7,39,3D,450,"4,5,0",4,5,0,"[4, 5, 0]","[0, 4, 5]",045,3,组六,False,False,9,9,5,5,0,1,2,1,2,1,2,1,1,1,120,EOE,SBS,NPN,1,0,1,108842142,10884.2142,False,https://www.cwl.gov.cn/c/2026/02/08/644870.shtml,,2026038,467,17,3,组六,1,1,-139316,1,1,30,"[2, 4, 1]","[8, 3, 7]",12.1333,4.2667,0,10,20,2026-04-12T18:30:37Z,1,9,0,10,0,15,0,6,1,11,1,10,0,10,0,8,0,3,0,8
2026040,2026-02-09,2026,2,9,一,1,40,3D,425,"4,2,5",4,2,5,"[4, 2, 5]","[2, 4, 5]",245,3,组六,False,False,11,1,3,5,2,1,2,1,2,2,1,0,1,2,122,EEO,SSB,NPP,0,0,1,111168352,11116.8352,False,https://www.cwl.gov.cn/c/2026/02/09/645077.shtml,,2026039,450,9,5,组六,1,1,2326210,1,2,30,"[2, 4, 0]","[8, 3, 7]",12.0,4.3,0,10,20,2026-04-12T18:30:37Z,0,10,0,10,1,14,0,6,1,12,1,10,0,9,0,8,0,3,0,8
2026041,2026-02-10,2026,2,10,二,2,41,3D,901,"9,0,1",9,0,1,"[9, 0, 1]","[0, 1, 9]",019,3,组六,False,False,10,0,9,9,0,2,1,1,2,0,3,2,1,0,001,OEO,BSS,NNN,1,0,1,112431576,11243.1576,False,https://www.cwl.gov.cn/c/2026/02/10/645284.shtml,,2026040,425,11,3,组六,1,1,1263224,0,0,30,"[2, 4, 5]","[8, 3, 6]",11.7333,4.3667,0,9,21,2026-04-12T18:30:37Z,1,10,1,10,0,15,0,6,0,13,0,11,0,7,0,7,0,3,1,8
2026042,2026-02-11,2026,2,11,三,3,42,3D,854,"8,5,4",8,5,4,"[8, 5, 4]","[4, 5, 8]",458,3,组六,False,False,17,7,4,8,4,1,2,2,1,1,2,0,1,2,221,EOE,BBS,NPN,1,0,1,112012104,11201.2104,False,https://www.cwl.gov.cn/c/2026/02/11/645391.shtml,,2026041,901,10,9,组六,1,1,-419472,0,0,30,"[2, 4, 0]","[8, 3, 6]",11.5,4.5667,0,9,21,2026-04-12T18:30:37Z,0,11,0,11,0,15,0,6,1,12,1,11,0,6,0,6,1,3,0,9
2026043,2026-02-12,2026,2,12,四,4,43,3D,765,"7,6,5",7,6,5,"[7, 6, 5]","[5, 6, 7]",567,3,组六,False,False,18,8,2,7,5,2,1,3,0,2,1,1,1,1,102,OEO,BBB,PNP,2,0,0,116679412,11667.9412,False,https://www.cwl.gov.cn/c/2026/02/12/645598.shtml,,2026042,854,17,4,组六,1,1,4667308,0,1,30,"[2, 4, 5]","[8, 3, 6]",11.8333,4.6,0,9,21,2026-04-12T18:30:37Z,0,11,0,10,0,14,0,6,0,12,1,12,1,6,1,6,0,4,0,9
2026044,2026-02-13,2026,2,13,五,5,44,3D,589,"5,8,9",5,8,9,"[5, 8, 9]","[5, 8, 9]",589,3,组六,False,False,22,2,4,9,5,2,1,3,0,1,2,1,0,2,220,OEO,BBB,PNN,1,0,1,129459340,12945.934,False,https://www.cwl.gov.cn/c/2026/02/13/645805.shtml,,2026043,765,18,2,组六,1,1,12779928,0,1,30,"[2, 4, 5]","[8, 3, 6]",12.1333,4.5333,0,9,21,2026-04-12T18:30:37Z,0,11,0,9,0,14,0,5,0,12,1,12,0,7,0,7,1,4,1,9
2026045,2026-02-24,2026,2,24,二,2,55,3D,181,"1,8,1",1,8,1,"[1, 8, 1]","[1, 1, 8]",118,2,组三,True,False,10,0,7,8,1,2,1,1,2,0,3,0,2,1,121,OEO,SBS,NNN,0,0,0,98355062,9835.5062,False,https://www.cwl.gov.cn/c/2026/02/24/646012.shtml,,2026044,589,22,4,组六,1,11,-31104278,1,1,30,"[2, 4, 5]","[3, 8, 6]",12.7,4.5,0,8,22,2026-04-12T18:30:37Z,0,9,2,9,0,14,0,5,0,12,0,12,0,7,0,7,1,5,0,10
2026046,2026-02-25,2026,2,25,三,3,56,3D,291,"2,9,1",2,9,1,"[2, 9, 1]","[1, 2, 9]",129,3,组六,False,False,12,2,8,9,1,2,1,1,2,1,2,1,1,1,201,EOO,SBS,PNN,0,0,1,89993520,8999.352,False,https://www.cwl.gov.cn/c/2026/02/25/646119.shtml,,2026045,181,10,7,组三,1,1,-8361542,1,1,30,"[2, 4, 1]","[3, 8, 6]",12.7,4.6333,0,9,21,2026-04-12T18:30:37Z,0,9,1,11,1,13,0,4,0,12,0,11,0,7,0,7,0,6,1,10
2026047,2026-02-26,2026,2,26,四,4,57,3D,936,"9,3,6",9,3,6,"[9, 3, 6]","[3, 6, 9]",369,3,组六,False,False,18,8,6,9,3,2,1,2,1,1,2,3,0,0,000,OOE,BSB,NPN,0,0,0,96557456,9655.7456,False,https://www.cwl.gov.cn/c/2026/02/26/646226.shtml,,2026046,291,12,8,组六,1,1,6563936,0,1,30,"[2, 1, 4]","[3, 8, 6]",12.6,4.7,0,9,21,2026-04-12T18:30:37Z,0,9,0,12,0,13,1,4,0,12,0,10,1,7,0,7,0,5,1,11
2026048,2026-02-27,2026,2,27,五,5,58,3D,612,"6,1,2",6,1,2,"[6, 1, 2]","[1, 2, 6]",126,3,组六,False,False,9,9,5,6,1,1,2,1,2,1,2,1,1,1,012,EOE,BSS,NNP,1,0,1,102340950,10234.095,False,https://www.cwl.gov.cn/c/2026/02/27/646333.shtml,,2026047,936,18,6,组六,1,1,5783494,0,1,30,"[2, 1, 4]","[3, 8, 7]",12.6,4.7333,0,9,21,2026-04-12T18:30:37Z,0,9,1,12,1,13,0,5,0,11,0,9,1,8,0,7,0,5,0,11
2026049,2026-02-28,2026,2,28,六,6,59,3D,110,"1,1,0",1,1,0,"[1, 1, 0]","[0, 1, 1]",011,2,组三,True,False,2,2,1,1,0,2,1,0,3,0,3,1,2,0,110,OOE,SSS,NNN,1,1,0,103170758,10317.0758,True,https://www.cwl.gov.cn/c/2026/02/28/646439.shtml,https://www.cwl.gov.cn/c/2026/02/28/646440.shtml,2026048,612,9,5,组六,1,1,829808,1,1,30,"[2, 1, 9]","[3, 8, 7]",12.3333,4.7333,0,8,22,2026-04-12T18:30:37Z,1,9,2,13,0,14,0,5,0,9,0,9,0,9,0,7,0,5,0,10
2026050,2026-03-01,2026,3,1,日,7,60,3D,689,"6,8,9",6,8,9,"[6, 8, 9]","[6, 8, 9]",689,3,组六,False,False,23,3,3,9,6,1,2,3,0,0,3,2,0,1,020,EEO,BBB,NNN,1,0,1,94345442,9434.5442,False,https://www.cwl.gov.cn/c/2026/03/01/646445.shtml,,2026049,110,2,1,组三,1,1,-8825316,0,0,30,"[1, 2, 0]","[3, 8, 7]",12.1667,4.7333,0,8,22,2026-04-12T18:30:37Z,0,10,0,15,0,12,0,4,0,9,0,9,1,9,0,7,1,5,1,10
2026051,2026-03-02,2026,3,2,一,1,61,3D,302,"3,0,2",3,0,2,"[3, 0, 2]","[0, 2, 3]",023,3,组六,False,False,5,5,3,3,0,1,2,0,3,2,1,2,0,1,002,OEE,SSS,PNP,0,0,1,98993102,9899.3102,False,https://www.cwl.gov.cn/c/2026/03/02/646652.shtml,,2026050,689,23,3,组六,1,1,4647660,0,0,30,"[1, 2, 9]","[3, 7, 8]",12.3,4.8,0,7,23,2026-04-12T18:30:37Z,1,10,0,15,1,12,1,4,0,9,0,9,0,8,0,6,0,6,0,11
2026052,2026-03-03,2026,3,3,二,2,62,3D,277,"2,7,7",2,7,7,"[2, 7, 7]","[2, 7, 7]",277,2,组三,True,False,16,6,5,7,2,2,1,2,1,3,0,0,2,1,211,EOO,SBB,PPP,0,1,0,97934830,9793.483,False,https://www.cwl.gov.cn/c/2026/03/03/646759.shtml,,2026051,302,5,3,组六,1,1,-1058272,0,1,30,"[1, 2, 0]","[3, 7, 8]",11.8333,4.7667,0,6,24,2026-04-12T18:30:37Z,0,11,0,15,1,13,0,5,0,9,0,7,0,8,2,6,0,6,0,10
2026053,2026-03-04,2026,3,4,三,3,63,3D,755,"7,5,5",7,5,5,"[7, 5, 5]","[5, 5, 7]",557,2,组三,True,False,17,7,2,7,5,3,0,3,0,3,0,0,1,2,122,OOO,BBB,PPP,0,1,0,97138768,9713.8768,False,https://www.cwl.gov.cn/c/2026/03/04/646966.shtml,,2026052,277,16,5,组三,1,1,-796062,0,1,30,"[1, 2, 0]","[3, 8, 5]",11.6667,4.8667,0,7,23,2026-04-12T18:30:37Z,0,11,0,15,0,14,0,5,0,9,2,7,0,7,1,7,0,5,0,10
2026054,2026-03-05,2026,3,5,四,4,64,3D,217,"2,1,7",2,1,7,"[2, 1, 7]","[1, 2, 7]",127,3,组六,False,False,10,0,6,7,1,2,1,1,2,2,1,0,2,1,211,EOO,SSB,PNP,1,0,1,100857490,10085.749,False,https://www.cwl.gov.cn/c/2026/03/05/647173.shtml,,2026053,755,17,2,组三,1,1,3718722,0,1,30,"[1, 2, 0]","[8, 3, 6]",11.6,4.8,0,8,22,2026-04-12T18:30:37Z,0,11,1,15,1,14,0,5,0,8,0,9,0,7,1,7,0,4,0,10
2026055,2026-03-06,2026,3,6,五,5,65,3D,107,"1,0,7",1,0,7,"[1, 0, 7]","[0, 1, 7]",017,3,组六,False,False,8,8,7,7,0,2,1,1,2,1,2,1,2,0,101,OEO,SSB,NNP,1,0,1,103162880,10316.288,False,https://www.cwl.gov.cn/c/2026/03/06/647280.shtml,,2026054,217,10,6,组六,1,1,2305390,1,2,30,"[2, 1, 0]","[8, 3, 6]",11.5667,4.7333,0,7,23,2026-04-12T18:30:37Z,1,11,1,14,0,15,0,5,0,8,0,9,0,7,1,8,0,4,0,9
2026056,2026-03-07,2026,3,7,六,6,66,3D,477,"4,7,7",4,7,7,"[4, 7, 7]","[4, 7, 7]",477,2,组三,True,False,18,8,3,7,4,2,1,2,1,2,1,0,3,0,111,EOO,SBB,NPP,0,1,0,98745698,9874.5698,True,https://www.cwl.gov.cn/c/2026/03/07/647286.shtml,https://www.cwl.gov.cn/c/2026/03/07/647287.shtml,2026055,107,8,7,组六,1,1,-4417182,1,1,30,"[1, 2, 0]","[8, 3, 6]",11.4667,4.6667,0,7,23,2026-04-12T18:30:37Z,0,11,0,15,0,14,0,5,1,8,0,9,0,7,2,9,0,4,0,8
2026057,2026-03-08,2026,3,8,日,7,67,3D,264,"2,6,4",2,6,4,"[2, 6, 4]","[2, 4, 6]",246,3,组六,False,False,12,2,4,6,2,0,3,1,2,1,2,1,1,1,201,EEE,SBS,PNN,0,0,0,96849312,9684.9312,False,https://www.cwl.gov.cn/c/2026/03/08/647292.shtml,,2026056,477,18,3,组三,1,1,-1896386,0,1,30,"[1, 2, 7]","[8, 3, 9]",11.4667,4.4667,0,7,23,2026-04-12T18:30:37Z,0,10,0,15,1,14,0,5,1,9,0,9,1,7,0,11,0,4,0,6
2026058,2026-03-09,2026,3,9,一,1,68,3D,543,"5,4,3",5,4,3,"[5, 4, 3]","[3, 4, 5]",345,3,组六,False,False,12,2,2,5,3,2,1,1,2,2,1,1,1,1,210,OEO,BSS,PNP,2,0,0,100324224,10032.4224,False,https://www.cwl.gov.cn/c/2026/03/09/647399.shtml,,2026057,264,12,4,组六,1,1,3474912,0,1,30,"[1, 2, 7]","[8, 3, 9]",11.5667,4.4333,0,7,23,2026-04-12T18:30:37Z,0,10,0,14,0,14,1,5,1,10,1,9,0,7,0,11,0,4,0,6
2026059,2026-03-10,2026,3,10,二,2,69,3D,794,"7,9,4",7,9,4,"[7, 9, 4]","[4, 7, 9]",479,3,组六,False,False,20,0,5,9,4,2,1,2,1,1,2,1,2,0,101,OOE,BBS,PNN,0,0,1,103328454,10332.8454,False,https://www.cwl.gov.cn/c/2026/03/10/647606.shtml,,2026058,543,12,2,组六,1,1,3004230,0,1,30,"[1, 2, 4]","[8, 3, 9]",11.6667,4.2667,0,7,23,2026-04-12T18:30:37Z,0,9,0,14,0,13,0,6,1,11,0,10,0,7,1,10,0,4,1,6
2026060,2026-03-11,2026,3,11,三,3,70,3D,943,"9,4,3",9,4,3,"[9, 4, 3]","[3, 4, 9]",349,3,组六,False,False,16,6,6,9,3,2,1,1,2,1,2,2,1,0,010,OEO,BSS,NNP,1,0,1,103979786,10397.9786,False,https://www.cwl.gov.cn/c/2026/03/11/647713.shtml,,2026059,794,20,5,组六,1,1,651332,0,2,30,"[1, 2, 4]","[8, 3, 0]",12.2333,4.3333,0,6,24,2026-04-12T18:30:37Z,0,7,0,14,0,13,1,5,1,12,0,10,0,7,0,11,0,4,1,7
2026061,2026-03-12,2026,3,12,四,4,71,3D,429,"4,2,9",4,2,9,"[4, 2, 9]","[2, 4, 9]",249,3,组六,False,False,15,5,7,9,2,1,2,1,2,1,2,1,1,1,120,EEO,SSB,NPN,0,0,1,102089882,10208.9882,False,https://www.cwl.gov.cn/c/2026/03/12/647920.shtml,,2026060,943,16,6,组六,1,1,-1889904,0,2,30,"[1, 2, 4]","[8, 3, 0]",12.5,4.4333,0,6,24,2026-04-12T18:30:37Z,0,7,0,13,1,13,0,5,1,12,0,10,0,7,0,11,0,4,1,8
2026062,2026-03-13,2026,3,13,五,5,72,3D,294,"2,9,4",2,9,4,"[2, 9, 4]","[2, 4, 9]",249,3,组六,False,False,15,5,7,9,2,1,2,1,2,1,2,1,1,1,201,EOE,SBS,PNN,0,0,1,107729944,10772.9944,False,https://www.cwl.gov.cn/c/2026/03/13/648027.shtml,,2026061,429,15,7,组六,1,1,5640062,0,3,30,"[2, 1, 4]","[8, 3, 0]",12.7667,4.5667,0,6,24,2026-04-12T18:30:37Z,0,7,0,12,1,13,0,5,1,12,0,10,0,7,0,11,0,4,1,9
2026063,2026-03-14,2026,3,14,六,6,73,3D,517,"5,1,7",5,1,7,"[5, 1, 7]","[1, 5, 7]",157,3,组六,False,False,13,3,6,7,1,3,0,2,1,2,1,0,2,1,211,OOO,BSB,PNP,0,0,1,100412812,10041.2812,True,https://www.cwl.gov.cn/c/2026/03/14/648033.shtml,https://www.cwl.gov.cn/c/2026/03/14/648034.shtml,2026062,294,15,7,组六,1,1,-7317132,0,0,30,"[2, 1, 4]","[8, 3, 0]",12.9,4.7,0,6,24,2026-04-12T18:30:37Z,0,7,1,12,0,13,0,5,0,12,1,9,0,7,1,11,0,4,0,10
2026064,2026-03-15,2026,3,15,日,7,74,3D,604,"6,0,4",6,0,4,"[6, 0, 4]","[0, 4, 6]",046,3,组六,False,False,10,0,6,6,0,0,3,1,2,0,3,2,1,0,001,EEE,BSS,NNN,0,0,1,106398636,10639.8636,False,https://www.cwl.gov.cn/c/2026/03/15/648039.shtml,,2026063,517,13,6,组六,1,1,5985824,0,0,30,"[2, 4, 7]","[8, 3, 0]",12.9667,4.6333,0,5,25,2026-04-12T18:30:37Z,1,7,0,11,0,13,0,5,1,12,0,10,1,7,0,12,0,4,0,9
2026065,2026-03-16,2026,3,16,一,1,75,3D,057,"0,5,7",0,5,7,"[0, 5, 7]","[0, 5, 7]",057,3,组六,False,False,12,2,7,7,0,2,1,2,1,2,1,1,1,1,021,EOO,SBB,NPP,0,0,1,106081726,10608.1726,False,https://www.cwl.gov.cn/c/2026/03/16/648147.shtml,,2026064,604,10,6,组六,1,1,-316910,0,1,30,"[4, 2, 7]","[8, 3, 0]",13.0667,4.6667,0,5,25,2026-04-12T18:30:37Z,1,7,0,11,0,12,0,5,0,13,1,9,0,8,1,12,0,4,0,9
2026066,2026-03-17,2026,3,17,二,2,76,3D,934,"9,3,4",9,3,4,"[9, 3, 4]","[3, 4, 9]",349,3,组六,False,False,16,6,6,9,3,2,1,1,2,1,2,2,1,0,001,OOE,BSS,NPN,1,0,1,106684390,10668.439,False,https://www.cwl.gov.cn/c/2026/03/17/648154.shtml,,2026065,057,12,7,组六,1,1,602664,0,0,30,"[4, 7, 2]","[3, 8, 0]",13.2667,4.8333,0,5,25,2026-04-12T18:30:37Z,0,8,0,10,0,11,1,4,1,13,0,10,0,8,0,13,0,4,1,9
2026067,2026-03-18,2026,3,18,三,3,77,3D,695,"6,9,5",6,9,5,"[6, 9, 5]","[5, 6, 9]",569,3,组六,False,False,20,0,4,9,5,2,1,3,0,1,2,2,0,1,002,EOO,BBB,NNP,0,0,1,107438662,10743.8662,False,https://www.cwl.gov.cn/c/2026/03/18/648361.shtml,,2026066,934,16,6,组六,1,1,754272,0,1,30,"[4, 7, 1]","[8, 3, 6]",13.3,4.8667,0,5,25,2026-04-12T18:30:37Z,0,8,0,10,0,10,0,5,0,14,1,10,1,7,0,12,0,4,1,10
2026068,2026-03-19,2026,3,19,四,4,78,3D,706,"7,0,6",7,0,6,"[7, 0, 6]","[0, 6, 7]",067,3,组六,False,False,13,3,7,7,0,1,2,2,1,1,2,2,1,0,100,OEE,BSB,PNN,0,0,1,109577422,10957.7422,False,https://www.cwl.gov.cn/c/2026/03/19/648468.shtml,,2026067,695,20,4,组六,1,1,2138760,0,1,30,"[4, 7, 5]","[8, 3, 0]",13.7667,4.8667,0,5,25,2026-04-12T18:30:37Z,1,7,0,10,0,9,0,5,0,13,0,11,1,8,1,12,0,4,0,11
2026069,2026-03-20,2026,3,20,五,5,79,3D,908,"9,0,8",9,0,8,"[9, 0, 8]","[0, 8, 9]",089,3,组六,False,False,17,7,9,9,0,1,2,2,1,0,3,2,0,1,002,OEE,BSB,NNN,0,0,1,117169906,11716.9906,False,https://www.cwl.gov.cn/c/2026/03/20/648575.shtml,,2026068,706,13,7,组六,1,1,7592484,1,1,30,"[4, 7, 5]","[8, 3, 0]",13.6333,5.0,0,5,25,2026-04-12T18:30:37Z,1,8,0,10,0,9,0,5,0,12,0,11,0,8,0,12,1,4,1,11
2026070,2026-03-21,2026,3,21,六,6,80,3D,484,"4,8,4",4,8,4,"[4, 8, 4]","[4, 4, 8]",448,2,组三,True,False,16,6,4,8,4,0,3,1,2,0,3,0,2,1,121,EEE,SBS,NNN,0,0,0,112147500,11214.75,True,https://www.cwl.gov.cn/c/2026/03/21/648581.shtml,https://www.cwl.gov.cn/c/2026/03/21/648582.shtml,2026069,908,17,9,组六,1,1,-5022406,0,1,30,"[7, 9, 4]","[3, 8, 0]",13.9,5.1333,0,5,25,2026-04-12T18:30:37Z,0,8,0,10,0,9,0,5,2,11,0,10,0,8,0,12,1,5,0,12
2026071,2026-03-22,2026,3,22,日,7,81,3D,261,"2,6,1",2,6,1,"[2, 6, 1]","[1, 2, 6]",126,3,组六,False,False,9,9,5,6,1,1,2,1,2,1,2,1,1,1,201,EEO,SBS,PNN,0,0,1,108192436,10819.2436,False,https://www.cwl.gov.cn/c/2026/03/22/648687.shtml,,2026070,484,16,4,组三,1,1,-3955064,0,0,30,"[4, 7, 9]","[3, 8, 0]",14.0667,5.1667,0,6,24,2026-04-12T18:30:37Z,0,8,1,10,1,8,0,5,0,12,0,9,1,8,0,12,0,6,0,12
2026072,2026-03-23,2026,3,23,一,1,82,3D,245,"2,4,5",2,4,5,"[2, 4, 5]","[2, 4, 5]",245,3,组六,False,False,11,1,3,5,2,1,2,1,2,2,1,0,1,2,212,EEO,SSB,PNP,1,0,1,113879786,11387.9786,False,https://www.cwl.gov.cn/c/2026/03/23/648894.shtml,,2026071,261,9,5,组六,1,1,5687350,1,1,30,"[4, 7, 9]","[3, 8, 0]",14.0333,5.0333,0,6,24,2026-04-12T18:30:37Z,0,7,0,10,1,9,0,5,1,12,1,9,0,9,0,12,0,6,0,11
2026073,2026-03-24,2026,3,24,二,2,83,3D,504,"5,0,4",5,0,4,"[5, 0, 4]","[0, 4, 5]",045,3,组六,False,False,9,9,5,5,0,1,2,1,2,1,2,1,1,1,201,OEE,BSS,PNN,0,0,1,114055650,11405.565,False,https://www.cwl.gov.cn/c/2026/03/24/649001.shtml,,2026072,245,11,3,组六,1,1,175864,0,2,30,"[4, 7, 9]","[3, 8, 0]",13.8333,5.0,0,6,24,2026-04-12T18:30:37Z,1,7,0,10,0,10,0,5,1,12,1,9,0,9,0,12,0,5,0,11
2026074,2026-03-25,2026,3,25,三,3,84,3D,487,"4,8,7",4,8,7,"[4, 8, 7]","[4, 7, 8]",478,3,组六,False,False,19,9,4,8,4,1,2,2,1,1,2,0,2,1,121,EEO,SBB,NNP,1,0,1,114688824,11468.8824,False,https://www.cwl.gov.cn/c/2026/03/25/649108.shtml,,2026073,504,9,5,组六,1,1,633174,0,1,30,"[4, 7, 9]","[3, 8, 0]",13.5333,5.1,0,6,24,2026-04-12T18:30:37Z,0,8,0,10,0,10,0,5,1,13,0,9,0,8,1,11,1,5,0,11
2026075,2026-03-26,2026,3,26,四,4,85,3D,816,"8,1,6",8,1,6,"[8, 1, 6]","[1, 6, 8]",168,3,组六,False,False,15,5,7,8,1,1,2,2,1,0,3,1,1,1,210,EOE,BSB,NNN,0,0,1,115454362,11545.4362,False,https://www.cwl.gov.cn/c/2026/03/26/649215.shtml,,2026074,487,19,4,组六,1,1,765538,0,1,30,"[4, 7, 1]","[3, 8, 0]",13.4333,5.1,0,6,24,2026-04-12T18:30:37Z,0,8,1,10,0,10,0,5,0,14,0,8,1,8,0,12,1,5,0,10
2026076,2026-03-27,2026,3,27,五,5,86,3D,863,"8,6,3",8,6,3,"[8, 6, 3]","[3, 6, 8]",368,3,组六,False,False,17,7,5,8,3,1,2,2,1,1,2,2,0,1,200,EEO,BBS,NNP,0,0,1,119695184,11969.5184,False,https://www.cwl.gov.cn/c/2026/03/27/649422.shtml,,2026075,816,15,7,组六,1,1,4240822,1,2,30,"[4, 7, 2]","[3, 8, 0]",13.6,5.1,0,5,25,2026-04-12T18:30:37Z,0,8,0,9,0,10,1,5,0,14,0,8,1,9,0,12,1,5,0,10
2026077,2026-03-28,2026,3,28,六,6,87,3D,112,"1,1,2",1,1,2,"[1, 1, 2]","[1, 1, 2]",112,2,组三,True,False,4,4,1,2,1,2,1,0,3,1,2,0,2,1,112,OOE,SSS,NNP,1,1,0,113309942,11330.9942,True,https://www.cwl.gov.cn/c/2026/03/28/649428.shtml,https://www.cwl.gov.cn/c/2026/03/28/649429.shtml,2026076,863,17,5,组六,1,1,-6385242,0,0,30,"[4, 7, 6]","[3, 8, 0]",13.7667,5.0,0,5,25,2026-04-12T18:30:37Z,0,8,2,8,1,9,0,6,0,14,0,8,0,10,0,12,0,6,0,9
2026078,2026-03-29,2026,3,29,日,7,88,3D,049,"0,4,9",0,4,9,"[0, 4, 9]","[0, 4, 9]",049,3,组六,False,False,13,3,9,9,0,1,2,1,2,0,3,2,1,0,010,EEO,SSB,NNN,0,0,1,108048154,10804.8154,False,https://www.cwl.gov.cn/c/2026/03/29/649433.shtml,,2026077,112,4,1,组三,1,1,-5261788,0,0,30,"[4, 7, 1]","[3, 8, 0]",13.3,4.8333,0,6,24,2026-04-12T18:30:37Z,1,8,0,10,0,10,0,5,1,14,0,8,0,9,0,12,0,6,1,8
2026079,2026-03-30,2026,3,30,一,1,89,3D,233,"2,3,3",2,3,3,"[2, 3, 3]","[2, 3, 3]",233,2,组三,True,False,8,8,1,3,2,2,1,0,3,3,0,2,0,1,200,EOO,SSS,PPP,1,1,0,111802450,11180.245,False,https://www.cwl.gov.cn/c/2026/03/30/649541.shtml,,2026078,049,13,9,组六,1,1,3754296,0,0,30,"[4, 7, 0]","[3, 8, 5]",13.4333,4.9667,0,6,24,2026-04-12T18:30:37Z,0,9,0,9,1,9,2,5,0,15,0,8,0,8,0,12,0,6,0,9
2026080,2026-03-31,2026,3,31,二,2,90,3D,802,"8,0,2",8,0,2,"[8, 0, 2]","[0, 2, 8]",028,3,组六,False,False,10,0,8,8,0,0,3,1,2,1,2,1,0,2,202,EEE,BSS,NNP,0,0,1,109403244,10940.3244,False,https://www.cwl.gov.cn/c/2026/03/31/649648.shtml,,2026079,233,8,1,组三,1,1,-2399206,0,1,30,"[4, 7, 2]","[8, 1, 3]",13.6333,4.9667,0,6,24,2026-04-12T18:30:37Z,1,8,0,7,1,10,0,7,0,15,0,8,0,8,0,12,1,6,0,9
2026081,2026-04-01,2026,4,1,三,3,91,3D,827,"8,2,7",8,2,7,"[8, 2, 7]","[2, 7, 8]",278,3,组六,False,False,17,7,6,8,2,1,2,2,1,2,1,0,1,2,221,EEO,BSB,NPP,0,0,1,110909856,11090.9856,False,https://www.cwl.gov.cn/c/2026/04/01/649755.shtml,,2026080,802,10,8,组六,1,1,1506612,1,2,30,"[4, 7, 2]","[8, 1, 3]",13.2,5.1333,0,6,24,2026-04-12T18:30:37Z,0,9,0,7,1,11,0,7,0,15,0,8,0,7,1,12,1,6,0,8
2026082,2026-04-02,2026,4,2,四,4,92,3D,942,"9,4,2",9,4,2,"[9, 4, 2]","[2, 4, 9]",249,3,组六,False,False,15,5,7,9,2,1,2,1,2,1,2,1,1,1,012,OEE,BSS,NNP,0,0,1,113791548,11379.1548,False,https://www.cwl.gov.cn/c/2026/04/02/649862.shtml,,2026081,827,17,6,组六,1,1,2881692,0,1,30,"[4, 7, 2]","[3, 1, 6]",13.6,5.2333,0,6,24,2026-04-12T18:30:37Z,0,8,0,7,1,11,0,6,1,15,0,8,0,7,0,13,0,7,1,8
2026083,2026-04-03,2026,4,3,五,5,93,3D,506,"5,0,6",5,0,6,"[5, 0, 6]","[0, 5, 6]",056,3,组六,False,False,11,1,6,6,0,1,2,2,1,1,2,2,0,1,200,OEE,BSB,PNN,0,0,1,113204082,11320.4082,False,https://www.cwl.gov.cn/c/2026/04/03/650069.shtml,,2026082,942,15,7,组六,1,1,-587466,0,0,30,"[4, 2, 7]","[3, 1, 6]",13.5667,5.3,0,5,25,2026-04-12T18:30:37Z,1,8,0,7,0,11,0,6,0,16,1,8,1,7,0,11,0,7,0,9
2026084,2026-04-04,2026,4,4,六,6,94,3D,456,"4,5,6",4,5,6,"[4, 5, 6]","[4, 5, 6]",456,3,组六,False,False,15,5,2,6,4,1,2,2,1,1,2,1,1,1,120,EOE,SBB,NPN,2,0,0,107805308,10780.5308,True,https://www.cwl.gov.cn/c/2026/04/04/650075.shtml,https://www.cwl.gov.cn/c/2026/04/04/650076.shtml,2026083,506,11,6,组六,1,1,-5398774,1,2,30,"[4, 2, 7]","[3, 1, 5]",13.3667,5.4333,0,4,26,2026-04-12T18:30:37Z,0,9,0,7,0,11,0,6,1,16,1,7,1,8,0,10,0,7,0,9
2026085,2026-04-05,2026,4,5,日,7,95,3D,118,"1,1,8",1,1,8,"[1, 1, 8]","[1, 1, 8]",118,2,组三,True,False,10,0,7,8,1,2,1,1,2,0,3,0,2,1,112,OOE,SSB,NNN,0,1,0,107680168,10768.0168,False,https://www.cwl.gov.cn/c/2026/04/05/650081.shtml,,2026084,456,15,2,组六,1,1,-125140,0,0,30,"[4, 2, 0]","[1, 3, 8]",13.5333,5.3,0,4,26,2026-04-12T18:30:37Z,0,9,2,6,0,10,0,6,0,17,0,8,0,9,0,9,1,7,0,9
2026086,2026-04-06,2026,4,6,一,1,96,3D,382,"3,8,2",3,8,2,"[3, 8, 2]","[2, 3, 8]",238,3,组六,False,False,13,3,6,8,2,1,2,1,2,2,1,1,0,2,022,OEE,SBS,PNP,0,0,1,109639120,10963.912,False,https://www.cwl.gov.cn/c/2026/04/06/650088.shtml,,2026085,118,10,7,组三,1,1,1958952,0,1,30,"[4, 2, 6]","[3, 1, 0]",13.6,5.3,0,5,25,2026-04-12T18:30:37Z,0,8,0,7,1,10,1,6,0,17,0,8,0,9,0,8,1,8,0,9
2026087,2026-04-07,2026,4,7,二,2,97,3D,911,"9,1,1",9,1,1,"[9, 1, 1]","[1, 1, 9]",119,2,组三,True,False,11,1,8,9,1,3,0,1,2,0,3,1,2,0,011,OOO,BSS,NNN,0,1,0,112273768,11227.3768,False,https://www.cwl.gov.cn/c/2026/04/07/650295.shtml,,2026086,382,13,6,组六,1,1,2634648,0,0,30,"[4, 2, 6]","[7, 1, 3]",13.4333,5.4,0,4,26,2026-04-12T18:30:37Z,0,8,2,7,0,11,0,7,0,16,0,8,0,9,0,6,0,9,1,9
2026088,2026-04-08,2026,4,8,三,3,98,3D,608,"6,0,8",6,0,8,"[6, 0, 8]","[0, 6, 8]",068,3,组六,False,False,14,4,8,8,0,0,3,2,1,0,3,2,0,1,002,EEE,BSB,NNN,0,0,1,113210426,11321.0426,False,https://www.cwl.gov.cn/c/2026/04/08/650402.shtml,,2026087,911,11,8,组三,1,1,936658,0,0,30,"[4, 2, 9]","[7, 3, 0]",13.4,5.5333,0,5,25,2026-04-12T18:30:37Z,1,8,0,9,0,10,0,7,0,15,0,8,1,8,0,6,1,9,0,10
2026089,2026-04-09,2026,4,9,四,4,99,3D,922,"9,2,2",9,2,2,"[9, 2, 2]","[2, 2, 9]",229,2,组三,True,False,13,3,7,9,2,1,2,1,2,2,1,1,0,2,022,OEE,BSS,NPP,0,1,0,112060074,11206.0074,False,https://www.cwl.gov.cn/c/2026/04/09/650609.shtml,,2026088,608,14,8,组六,1,1,-1150352,0,0,30,"[4, 2, 8]","[3, 7, 5]",13.4667,5.7333,0,5,25,2026-04-12T18:30:37Z,0,9,0,9,2,10,0,6,0,14,0,7,0,9,0,6,0,10,1,10
2026090,2026-04-10,2026,4,10,五,5,100,3D,816,"8,1,6",8,1,6,"[8, 1, 6]","[1, 6, 8]",168,3,组六,False,False,15,5,7,8,1,1,2,2,1,0,3,1,1,1,210,EOE,BSB,NNN,0,0,1,112623480,11262.348,False,https://www.cwl.gov.cn/c/2026/04/10/650716.shtml,,2026089,922,13,7,组三,1,1,563406,0,0,30,"[4, 2, 8]","[7, 3, 5]",13.2333,5.8,0,6,24,2026-04-12T18:30:37Z,0,9,1,9,0,12,0,6,0,13,0,7,1,9,0,5,1,10,0,10
2026091,2026-04-11,2026,4,11,六,6,101,3D,537,"5,3,7",5,3,7,"[5, 3, 7]","[3, 5, 7]",357,3,组六,False,False,15,5,4,7,3,3,0,2,1,3,0,1,1,1,201,OOO,BSB,PPP,0,0,0,112522360,11252.236,True,https://www.cwl.gov.cn/c/2026/04/11/650722.shtml,https://www.cwl.gov.cn/c/2026/04/11/650723.shtml,2026090,816,15,7,组六,1,1,-101120,0,0,30,"[2, 4, 8]","[3, 7, 5]",13.2,5.8333,0,6,24,2026-04-12T18:30:37Z,0,9,0,10,0,12,1,5,0,12,1,7,0,10,1,5,0,11,0,9
2026092,2026-04-12,2026,4,12,日,7,102,3D,870,"8,7,0",8,7,0,"[8, 7, 0]","[0, 7, 8]",078,3,组六,False,False,15,5,8,8,0,1,2,2,1,1,2,1,1,1,210,EOE,BBS,NPN,1,0,1,114361170,11436.117,False,https://www.cwl.gov.cn/c/2026/04/12/650728.shtml,,2026091,537,15,4,组六,1,1,1838810,0,1,30,"[2, 4, 8]","[3, 7, 5]",13.2,5.7333,0,6,24,2026-04-12T18:30:37Z,1,9,0,10,0,11,0,6,0,11,0,8,0,10,1,6,1,11,0,8
